gene,abundance
b0789,1.1
b1341,25.2
b1475,2.97
b4161,58
b2429,1.13
b0588,16.9
b2342,22.4
b4358,0.03
b2168,78.9
b2465,416
b3425,6.61
b1800,1.66
b4033,1.43
b1440,890
b1761,544
b1912,25.3
b0997,0.224
b0394,116
b3877,0
b0575,4.27
b0420,53.9
b0594,58.5
b0415,1116
b0844,8.25
b1589,3.26
b1193,4.54
b3390,171
b0007,0.01
b0116,1087
b1106,0.639
b3617,79.9
b0120,50
b2279,70.5
b0383,3.96
b4119,10.1
b1396,0.038
b4266,3.81
b3114,22.4
b3734,1243
b0032,287
b0155,1.07
b4240,6.82
b4014,1609
b0036,0.658
b3612,201
b2065,107
b1002,357
b0862,5.63
b3639,82.5
b2041,101
b1296,0
b0931,108
b2464,1038
b0347,0.016
b2224,0.396
b2976,302
b0849,54.4
b4025,610
b1319,0.639
b2490,0
b0335,0.172
b1661,62.9
b1441,53
b2344,59.5
b1677,5694
b3012,240
b4106,0.122
b2440,2.78
b1250,14.1
b3091,5.36
b1521,26.5
b4513,0
b2162,0
b1098,32
b3916,431
b3794,7.85
b1636,24.7
b1518,18.1
b1764,146
b0368,0.28
b2871,4.04
b4138,24
b0031,199
b4123,1.73
b2021,160
b3945,79.7
b3790,0.421
b2463,422
b0474,882
b0832,0.595
b0968,75.4
b1489,0.542
b2306,57.6
b0726,373
b0979,0
b2722,0
b0198,13.4
b0514,1.02
b2723,0.008
b0677,87.6
b2925,1372
b1490,27.2
b2500,56.5
b2095,1769
b1198,28.8
b0099,3.13
b3432,75.3
b0641,57.9
b3479,0.848
b2316,250
b0759,127
b3738,13.7
b4265,6.13
b3137,1.11
b3714,2.14
b0451,76.3
b2037,0.28
b2019,233
b1326,21.6
b2234,240
b2882,0.072
b4298,1.78
b2585,243
b4195,1.9
b1592,0
b2957,47.6
b2094,1432
b2254,15.5
b0197,1138
b2371,0
b2483,0
b2032,24.4
b2413,22.1
b3787,4.84
b1993,9.99
b1466,0.925
b3894,13.2
b2529,793
b4478,0.147
b0674,140
b2710,0.173
b0040,0.035
b0721,58.3
b0777,0.526
b2918,0.148
b0142,2.88
b0731,0.035
b1535,1.61
b2472,18.2
b2049,0.416
b1516,374
b0337,170
b3748,130
b0494,36.9
b1727,108
b3386,545
b1227,0.773
b2290,46.6
b0697,0.799
b0974,2.32
b3621,1.15
b0452,71
b2675,31.4
b4383,368
b1832,148
b3909,0.523
b0073,404
b3553,178
b3222,1.83
b2542,0.12
b4467,1.53
b0678,181
b1603,167
b0653,2.18
b1300,1.75
b2235,123
b2047,0.137
b1771,0.175
b0727,542
b0529,75.2
b3426,133
b3200,85.7
b3744,75.6
b3437,12.4
b1854,407
b2914,468
b2247,0.69
b2938,167
b1919,193
b4064,36.9
b3942,750
b2719,0.166
b1634,5.23
b0655,837
b1241,1256
b0675,76
b2682,0.015
b1378,19.2
b0826,4.08
b0839,225
b0115,966
b1338,0.105
b3415,0.762
b2198,0
b1702,397
b3496,0.318
b3128,1.56
b0121,76.1
b3176,257
b1469,2.04
b3241,0.001
b0696,0.171
b0348,0
b3628,1.8
b0365,0.406
b2199,0.045
b0822,18.8
b0433,0.458
b2558,0.025
b2173,2.69
b4260,143
b2170,0
b0078,308
b0088,40.7
b2582,7.69
b3032,46
b3967,8.89
b0654,5.31
b1981,26.9
b2203,0.222
b4098,4.12
b0516,0.432
b1679,10.3
b2810,5.72
b1676,1161
b3653,0.964
b2133,220
b1818,169
b0854,462
b2660,2.06
b3256,172
b3941,364
b0586,57.3
b1389,0
b2400,259
b0174,19.1
b4237,1.2
b1094,2285
b2541,0.002
b0871,291
b4198,0.736
b0785,103
b3774,1595
b0314,0.47
b1621,0.544
b2521,410
b3073,7.91
b3360,2.04
b2036,254
b1337,0.276
b0480,117
b1093,905
b4390,21.1
b2264,2.57
b0632,160
b0886,16.9
b3189,65.9
b1723,179
b1474,1.22
b0160,2.81
b2552,7.52
b0932,208
b1380,151
b2924,186
b2988,48.7
b4120,0.403
b2926,3022
b2200,0.005
b1852,280
b2913,626
b0070,0.016
b4132,0.045
b1113,0.394
b0606,181
b3735,588
b1004,1258
b3607,66.4
b2010,0.189
b1900,0.85
b3726,0.636
b4192,3.81
b1681,17.1
b2975,2.04
b2263,1.08
b4214,260
b0351,4.33
b1025,0.301
b3409,47.3
b0068,157
b3117,21.1
b4460,0.019
b0543,0.443
b0604,20.7
b4209,3.34
b0133,424
b1748,126
b0049,16.6
b0509,0.049
b3478,0.244
b2177,0.772
b0199,78.6
b2034,50.1
b2482,0
b4020,1.15
b0349,1.17
b4024,107
b1261,451
b0150,43.1
b3581,1.88
b3771,43.2
b0651,122
b0978,4.72
b0181,167
b1870,40.1
b2128,1.77
b1525,7.54
b1514,0.475
b3198,78
b1449,196
b3728,330
b3034,106
b1539,399
b2103,232
b3291,128
b0237,467
b1745,1.57
b2029,1060
b1778,279
b2431,113
b0894,3.92
b0123,71.9
b0593,104
b1245,23.5
b2256,2.26
b4005,148
b0029,35.7
b1622,5.41
b1619,447
b0444,43.1
b3040,2.44
b0166,668
b4131,6.11
b0980,3.77
b1602,209
b3610,444
b1021,0
b4386,9.95
b2727,2.09
b1090,9.07
b3849,0.075
b0171,160
b3093,1.16
b1064,383
b2551,1593
b2091,495
b0109,122
b4311,0.315
b0576,0.091
b2797,2.43
b2014,0.279
b0819,311
b2676,55.2
b3648,59.3
b1329,107
b0929,598
b3172,337
b3447,66.7
b1982,37.1
b0650,0.91
b3543,19.7
b1616,0.04
b3870,602
b0595,213
b3213,248
b2987,0
b3365,2.16
b2435,2.82
b0628,72.7
b1394,0.537
b2033,10.4
b2679,64.5
b2994,23
b2498,722
b1453,0.01
b2574,7.04
b1584,33.9
b0523,260
b2406,0
b1192,13.5
b1395,0
b1515,3.13
b3833,206
b3350,4.18
b4269,48.3
b3225,18.6
b0589,0.013
b2458,0.451
b3665,0.211
b1479,219
b1897,29.9
b4159,0.477
b4013,113
b3125,35.1
b3789,9.17
b2307,0.801
b3240,0.264
b3632,2.04
b3952,0.569
b0401,1.37
b1918,10.1
b1033,104
b1850,654
b3721,0
b3960,92.5
b1467,2.17
b2530,788
b3850,72.2
b3924,96.2
b3727,45.4
b2282,14.5
b3001,280
b2788,0.06
b1377,12.8
b1298,6.81
b1270,19.9
b3582,0.059
b0624,1.08
b1654,559
b1388,0.581
b1225,16.3
b3224,0.019
b2291,9.57
b1391,0.108
b0112,86.3
b2430,0.104
b3751,1347
b1199,132
b1517,230
b1693,63.7
b1851,7.52
b2258,0
b1613,237
b0861,4.86
b1779,4285
b4067,88.7
b3248,11.7
b2201,0.5
b1865,1.08
b0925,5.41
b2280,0.094
b2827,95.5
b2097,627
b1224,15.2
b0425,2.85
b3115,1.36
b0485,32.1
b2154,19.4
b4323,39.2
b2711,0.294
b3428,99.6
b1901,269
b2721,0.711
b2096,2298
b0774,13.8
b2927,10
b2296,428
b3455,123
b0867,4.02
b2923,0.051
b0837,0.444
b0158,1.32
b0825,20.2
b1759,1.1
b0002,317
b0033,254
b1059,63.8
b0403,0.947
b2601,123
b1119,17.7
b2507,405
b0376,1.07
b3614,0.402
b1896,106
b0524,13.4
b4032,0.015
b3812,23.6
b3713,525
b0030,61.5
b1651,153
b2287,225
b2132,39.4
b0268,11.7
b0462,38
b3580,0.002
b3008,201
b1101,264
b4254,154
b4101,0.028
b0904,36.2
b0429,25.5
b3417,98.9
b2724,0.203
b0315,1.02
b1397,0.107
b0954,720
b1623,101
b2027,195
b3453,473
b1297,0.494
b0907,1107
b1733,0.951
b2934,0
b1062,302
b0243,220
b1646,52.6
b3528,40.6
b1210,1.91
b2361,0.011
b1252,30.1
b2989,282
b3057,0.193
b0936,4.56
b1226,1.26
b2800,1.42
b1249,8.5
b1767,23.8
b4084,1.35
b3670,186
b0238,82.3
b3823,0.215
b3564,1.73
b4094,3.49
b0937,0.296
b1281,39.5
b1737,10.5
b2747,6.87
b1285,0.409
b0180,663
b1288,1064
b4194,9.91
b0831,4.24
b3124,1.55
b2802,1.34
b2523,425
b2251,1.46
b2715,0.561
b2040,75.2
b0910,152
b3860,296
b0179,125
b3258,0.198
b3875,0.236
b2293,43
b2038,49.7
b1054,0.757
b1011,0.004
b2515,123
b1336,0.012
b4141,0.051
b3616,66.5
b1476,0.19
b0261,9.87
b0903,2656
b3397,36
b0182,22.5
b2538,0.001
b2794,46.8
b2155,156
b1493,446
b0010,0
b0074,912
b2308,6
b2156,2.94
b0615,0.178
b2422,38.9
b0973,15.5
b0591,0.653
b2501,36.3
b1740,342
b2242,22.3
b2842,3.47
b4227,329
b1511,20.9
b1606,0.987
b1107,20.3
b4231,0
b2502,19.1
b0811,2316
b2020,174
b2813,5.9
b2503,0.087
b2893,96.9
b3825,5.77
b4100,0
b1587,0.447
b3997,59.7
b2328,6.52
b3939,125
b2028,9.12
b2663,0.776
b3476,2.17
b4242,5.3
b0355,1.92
b3844,65.3
b4031,0.009
b3092,229
b2341,17.7
b2701,6.6
b0722,192
b3943,0.415
b0343,1.36
b2257,0.004
b3578,0.093
b4167,12.7
b0038,0.151
b2487,0.16
b2378,0.446
b0750,14.5
b3577,0
b0596,49.7
b1747,0.458
b0855,15.2
b1291,0.951
b4151,1.39
b2564,87.2
b3493,19.8
b3399,3.71
b2092,288
b3187,26.5
b2130,0.064
b2048,5.12
b1519,40.7
b4392,61.5
b3882,1.28
b3917,11.7
b4006,233
b4069,946
b2425,629
b1732,469
b4093,6.34
b4477,0.331
b2148,2.37
b2677,16.3
b2866,0.67
b0617,0.991
b0915,0.354
b3370,0
b0008,1591
b3116,1.91
b0622,0.179
b3627,0.684
b2421,83.8
b0273,10.5
b2143,304
b3236,4096
b2134,2.77
b3892,3.85
b2277,1.98
b0092,27.9
b1278,0.699
b2411,31
b2441,4.78
b2025,93.3
b1091,336
b2687,2276
b1781,1.52
b2283,195
b0381,44.1
b2943,0.926
b2276,5.63
b2392,27.6
b1398,1.13
b1680,57.6
b2557,223
b2843,1.25
b2796,68.9
b1092,682
b0511,0
b0103,8.53
b0369,110
b0003,76.3
b1260,561
b2889,4.23
b3182,2.97
b3503,4.45
b2373,0.793
b2240,21.5
b1134,10.2
b4367,11.1
b1849,135
b1967,483
b4219,265
b3035,146
b3993,188
b2366,7.95
b0808,0.256
b0087,5.52
b1014,18.3
b0572,68
b3693,0.301
b1711,0
b3433,734
b1817,1114
b2310,2194
b2519,0.001
b0828,8.89
b0945,80.3
b2933,0.165
b4239,10.6
b3456,2.79
b1812,1.67
b2920,0.352
b2436,6.17
b0614,0.006
b2467,11.7
b2841,0.292
b1682,78.1
b4173,57
b0754,440
b3749,3.87
b3546,2.63
b0086,22.9
b2528,48.9
b0071,629
b3731,573
b0019,3.98
b3265,4.52
b2963,3.9
b4245,1228
b0402,0.597
b2320,158
b2470,0.284
b4322,139
b1387,0.023
b0339,0.228
b2093,4687
b1109,165
b1223,1.41
b0732,0.424
b1617,1.65
b2784,20.7
b2312,67.7
b1588,0.511
b3959,124
b3962,172
b0072,367
b2210,1
b2763,253
b1123,528
b1215,700
b3003,133
b1189,75
b2146,4.71
b0864,103
b3885,86.9
b3089,32.2
b3722,0.252
b1684,38.3
b0874,0.049
b0574,63.2
b1448,14.7
b1246,27.7
b0411,100
b1768,65.2
b1855,12.8
b3925,8.22
b0765,15.1
b1317,0.032
b1190,26.6
b4071,1.43
b1483,0.288
b3451,0.008
b0830,188
b0222,638
b1533,0
b4085,0.756
b3132,8.44
b0508,9.58
b4515,0
b1443,0.046
b0386,218
b2253,87
b1022,0.032
b0724,466
b2587,41.5
b1605,1.96
b2690,14.1
b4130,0
b3454,64.7
b1600,0
b1927,23.7
b2705,0.269
b0212,203
b2297,445
b1012,0.021
b4297,1.03
b3907,0
b0004,530
b1465,0.588
b2388,163
b3876,0.001
b2906,16.9
b4476,0.045
b0860,311
b0756,225
b0928,953
b2751,156
b1858,9.16
b4337,0.234
b0583,0.212
b3201,172
b3551,11.5
b1124,19.7
b1216,1.43
b3816,78.4
b3908,4237
b2901,150
b4267,0.053
b2599,242
b0350,0.113
b2752,110
b0484,63.3
b3567,0.269
b4468,1.75
b0175,0.51
b2979,1.05
b4233,47.1
b3579,0.105
b2066,49.5
b3458,318
b1744,1.13
b0085,61.7
b2683,0
b2245,0.969
b3881,0.829
b3366,0.013
b0159,125
b3946,1.55
b0515,16.1
b3367,0.526
b2415,1399
b2329,68.1
b3429,211
b1363,0
b3733,783
b2022,133
b0331,86.2
b2781,3.66
b3792,0.026
b2907,4.84
b3620,4.2
b1872,2.5
b0404,1.76
b2261,3.87
b2868,0.886
b2309,602
b3715,0.143
b0344,18.5
b3126,3.08
b2302,51.8
b2499,162
b2895,17.2
b4407,22.4
b1488,0.456
b4356,0.001
b3843,38.4
b2678,7.51
b3729,215
b4193,0
b0009,56.7
b2905,76.3
b0870,107
b3540,40.6
b2764,163
b1990,36.4
b3642,4.97
b0306,1.06
b2668,39.8
b2704,2.69
b2204,0.032
b1478,160
b3903,0.002
b0688,329
b2174,0.798
b1096,6.39
b3253,315
b2964,9.62
b3708,784
b3826,20.9
b3883,0.027
b3290,8.81
b0751,2.27
b0783,124
b4169,1.11
b2670,3.09
b0905,9.95
b1701,0.676
b0517,0.232
b0902,56.1
b2129,4.68
b4136,0.776
b4041,95.1
b0841,0.127
b1095,169
b2175,4.14
b0414,42
b3996,11.5
b1236,330
b0211,0.586
b1276,304
b4213,79.9
b2838,15.7
b4261,21.1
b0334,122
b1524,1.88
b4154,124
b2053,3.75
b0110,24.2
b2661,242
b1325,25.4
b3992,29.1
b0046,15.9
b2407,0.201
b0423,22.6
b3927,12.5
b0729,1478
b1463,0.062
b1302,0.427
b2260,0.503
b3477,0.005
b2803,3.27
b1208,17.5
b4153,182
b3666,0.725
b0621,1.25
b4070,5.95
b3629,0.799
b2762,138
b2937,191
b2947,129
b2147,7.4
b0341,0.552
b2179,1.23
b3940,45
b2912,4.31
b0061,0.015
b4086,0.009
b2374,0.237
b1244,21.3
b0996,0.083
b3063,0.522
b4036,99
b1528,0.064
b3779,9.27
b3460,2895
b3640,115
b0933,0.194
b1386,0.074
b4117,1.11
b2750,15.6
b3196,0.873
b2883,0.966
b1200,270
b0325,943
b0805,44.6
b0221,50.7
b0096,29.5
b3972,28.4
b0463,181
b3488,0.616
b0336,3.47
b1473,0
b1206,1.41
b0827,73.6
b0308,4.08
b3732,2184
b1813,6.85
b1126,50.1
b0908,131
b0784,36.1
b3654,0.135
b0269,1.36
b2243,11.4
b3662,0.005
b2284,83
b0118,1383
b4088,32.4
b1985,1
b1704,19.2
b2205,0.048
b0149,14.2
b0605,2892
b2052,4.29
b3893,10.3
b3403,846
b2497,14
b4226,1335
b3880,0.005
b2835,0.104
b4073,0.812
b2780,132
b2165,5.11
b1263,225
b2965,4.11
b1991,3.67
b3623,16
b3018,10.8
b0152,0.473
b2379,25.4
b2518,2590
b2180,1.71
b3786,14.3
b2222,4.12
b2688,48.5
b4087,1.07
b2104,240
b0173,1.35
b1102,12.5
b3824,0.057
b2563,15.3
b4471,4.72
b1400,25.7
b2215,371
b4034,1391
b1308,190
b2779,2567
b1444,653
b0584,99.3
b0734,151
b3519,1.72
b3600,275
b0592,34.4
b0863,640
b1917,79.2
b3650,18.6
b2167,36.8
b3006,99.6
b1264,162
b1692,0.629
b0124,50.3
b0733,316
b1277,34.1
b2418,51.7
b1330,16.8
b0935,0.381
b4053,11.7
b1819,286
b3994,64.4
b0972,2.18
b1695,0.416
b2488,0
b0888,297
b2789,1.55
b1734,0.111
b0856,0.477
b1238,22
b4238,12.5
b3058,9.97
b3619,554
b0521,0
b0388,55.8
b1920,2629
b0446,0
b1638,197
b3412,12.9
b3951,0.633
b1232,155
b4197,0.225
b3197,46.7
b0418,2.88
b3385,69.4
b0767,405
b1262,136
b1019,0.344
b1907,0.003
b3029,331
b0077,140
b2818,30.9
b1709,2.25
b3396,4.72
b0432,142
b1805,28.5
b0333,55.4
b1814,15.5
b3958,9.43
b3452,0
b0577,4.37
b3902,0.353
b4139,401
b1007,0
b3583,0
b1746,10.4
b2150,2407
b0757,85.1
b3469,15.3
b1186,15.1
b3070,34.6
b1678,81.6
b0842,0.432
b2489,0.009
b2423,0.628
b3622,0.085
b1821,0.006
b3990,0.709
b3846,248
b4055,55.2
b0775,1.13
b2480,655
b3784,0.349
b2954,86.9
b0763,262
b3691,0.201
b0698,0.004
b4464,0.509
b3416,7.53
b0590,0.12
b2700,51.5
b4244,1598
b2288,114
b0428,1.53
b0186,5.14
b3450,45.4
b4122,23.8
b0090,15
b1612,241
b0134,676
b3062,2.29
b0585,14
b3747,0.893
b0340,0.442
b2702,0.101
b3028,162
b0465,3.97
b4352,34.5
b1738,83
b3770,135
b1599,0
b2265,1.06
b0312,8.29
b0366,0.14
b0829,4.97
b2476,611
b1873,0.375
b1008,0
b3571,0.296
b3475,1.53
b0522,17.4
b1857,3180
b0125,193
b4474,0.144
b2039,185
b4262,14.3
b3223,6.55
b0810,21.6
b2323,887
b2888,0.621
b0091,38.9
b3791,19.6
b4039,9.02
b0896,0.579
b2153,699
b2662,225
b3500,83.4
b2996,4.83
b0151,15.7
b2799,45.4
b0755,2376
b1430,165
b1247,21.7
b2579,846
b0918,173
b0241,17.9
b3605,47.9
b2286,240
b1662,142
b3266,2.77
b0207,62.3
b3005,117
b3750,2.51
b1069,5.21
b0766,8.15
b2492,0.155
b0430,11.9
b0934,0.003
b0417,34.4
b4152,25
b3730,72.9
b1686,22.6
b1006,0
b2424,1.01
b4544,0
b1125,1.68
b0431,46.3
b3630,4.35
b4232,131
b1492,120
b4072,1.61
b4129,133
b0352,10.1
b1009,0.039
b2578,0
b3542,3.3
b1392,0.195
b2026,58.5
b2315,27.2
b2539,0
b0616,0.867
b0613,0.103
b3457,0.186
b3565,1.25
b4115,0
b0131,95.5
b3752,43.8
b2903,106
b3011,152
b2919,1.49
b3725,74.5
b2600,276
b2166,0
b0367,0.012
b0512,0.204
b1798,0.002
b2023,117
b4287,0.164
b1243,966
b2416,1041
b2995,0.028
b4095,0.724
b0114,1219
b0723,437
b4146,1.3
b2930,0.153
b2801,0.013
b1015,13
b3697,36.3
b0887,12.8
b3431,11.6
b0597,30.3
b2867,1.41
b0047,1.95
b4381,341
b4288,0.011
b3966,17.5
b0963,204
b3603,0.408
b4382,110
b3806,7.87
b2206,1.4
b0679,85.8
b0776,3.35
b0475,2.67
b0353,0
b3212,184
b3359,228
b4268,0.168
b0154,202
b3161,26.5
b4291,6.28
b3568,2.78
b2131,278
b0662,44
b3709,0.54
b0200,21.3
b4040,2.59
b1415,3357
b2484,0
b4079,1.12
b4485,2
b3918,3.11
b0242,98.8
b1197,267
b2232,55.3
b3590,25.9
b0758,99.1
b0914,27.2
b2942,809
b3589,0.219
b2278,2.18
b2997,3.37
b0025,22.2
b2197,1.26
b0260,0.842
b0066,1.56
b2935,371
b3805,18.6
b0809,173
b3737,173
b0307,1.28
b3829,923
b1683,20.6
b2703,0.529
b3389,106
b4090,12.1
b2917,1.25
b3930,1.96
b1385,0.314
b2720,0.701
b2817,0.959
b3430,156
b1097,5.55
b0778,34.6
b1611,467
b3821,13.7
b0573,109
b3919,2772
b2485,0.002
b2738,0.013
b0037,0.073
b2393,19.8
b2508,587
b3772,12
b3831,913
b2414,4429
b3572,26
b0728,1278
b1136,1988
b1103,614
b3625,8.91
b3052,159
b0638,1.29
b4321,0.035
b3634,180
b3904,1.73
b3926,372
b0684,291
b3878,0.229
b3624,0.715
b0356,92.3
b4019,48.4
b1487,113
b3788,3.97
b0781,1.02
b4374,1.42
b0054,45.6
b3575,0.158
b2536,0.114
b1485,0.251
b2303,136
b1640,12.9
b2428,18.9
b2478,190
b2169,77.5
b2262,176
b2481,0
b4481,0.667
b4096,1.29
b1131,326
b2873,0.723
b4111,31.1
b1207,433
b3544,1376
b2836,1.77
b0813,0.835
b4289,0.048
b1655,0.145
b1442,1.15
b3525,5.51
b4384,1268
b2417,1946
b3255,169
b1656,495
b1390,1.37
b0720,654
b3177,18
b0421,36
b2241,51.5
b0062,1.64
b0185,651
b3915,2.33
b0693,2.08
b0692,0
b0709,0.001
b3502,0
b4177,1214
b1590,0.147
b1859,0.904
b1694,1.12
b2051,0
b0089,0.865
b3199,10
b4208,75.2
b2533,142
b4160,154
b0875,0
b1468,3.96
b4099,0
b2223,0.008
b3974,11.4
b0681,0
b3526,51.2
b3631,2.49
b0067,0.008
b0153,0.095
b3449,26.4
b0635,2.02
b1801,0.436
b0469,212
b3371,0.004
b3793,0.097
b1736,0.991
b2744,8.62
b0493,18.6
b0052,9.69
b2239,93.2
b1010,0.049
b3671,266
b0639,3.14
b2202,2.73
b0857,0.037
b0612,0.255
b0895,2.98
b3679,0
b4196,2.14
b3541,47.9
b3856,3.12
b1185,17.3
b2716,0.54
b3588,680
b2787,3.22
b2877,1.55
b3041,70.6
b0048,48.9
b2164,0.07
b1992,3.06
b1856,0.051
b0630,11
b2285,117
b2178,0.182
b2024,36.7
b4092,2.44
b4015,3954
b4388,14.7
b0104,136
b0752,1.07
b3599,142
b2035,0
b2255,21.6
b0311,0.12
b0084,3.83
b3626,3.4
b3368,7.57
b2540,0
b0126,394
b3608,94.8
b1794,3.09
b3374,0.009
b1710,552
b3739,1.16
b3845,205
b3956,475
b3664,2.08
b4035,117
b0957,1681
b0505,0.141
b3127,0.005
b2149,112
b4394,33.1
b4105,1.21
b0507,0.419
b0477,6.08
b2486,0
b4230,0.086
b3957,82.5
b2221,0.028
b3867,5.56
b0652,17.5
b4042,12.6
b2281,205
b3336,840
b3059,2.14
b3566,174
b3517,913
b3857,12.1
b0578,509
b2904,102
b0657,3.6
b3736,578
b2765,19.7
b4290,0.546
b3480,4.01
b0764,0.225
b3208,2.09
b3061,2
b0063,1.53
b3785,13.8
b0459,5.67
b3804,8.57
b2615,8.92
b1601,0.073
b1484,0.072
b2746,42.3
b3809,50.7
b1301,0.004
b3633,6.31
b3781,931
b4077,2.76
b3281,37.8
b3656,0.174
b3991,22.6
b1486,0.932
b1513,2.61
b4054,188
b2708,18.7
b1393,0.889
b3309,2603
b0708,1.45
b3678,0.279
b0220,489
b0375,0.398
b0398,0.036
b1328,0.016
b0736,18.8
b3020,8.36
b0014,2657
b2952,10.4
b3835,3.65
b2809,507
b2908,287
b1451,0.871
b0437,433
b2909,169
b1258,362
b2377,19
b3743,27.8
b1792,93.1
b3321,1951
b1904,8.13
b0189,105
b0346,21.6
b1959,0.62
b0080,23.7
b2739,0.437
b1212,0.324
b3304,1288
b1026,0
b2136,0.108
b2790,139
b3535,0
b3810,10.1
b3322,1.33
b3547,0.047
b1816,1.99
b1455,0
b0506,46.4
b3701,103
b3226,11.1
b0740,397
b2360,0.164
b0549,0
b1182,3.87
b1717,163
b1345,0.163
b0881,5.78
b1121,0.007
b1357,0.007
b0187,46.8
b3078,0
b1609,1.14
b0991,0
b2561,9.85
b3025,2.41
b1690,0
b2758,0.455
b4252,389
b1294,3.95
b0245,0.005
b1420,0
b0466,0
b3408,68.1
b1220,0.102
b0676,42.3
b0399,7.79
b4533,0
b2426,121
b1018,73.8
b1893,0
b3510,1301
b2846,1.29
b2345,2.08
b2608,134
b2569,141
b0906,1.52
b0798,0.503
b1003,1044
b4346,0.79
b0050,7.18
b1435,3.8
b1628,1.2
b1020,3.46
b3131,1.7
b0715,0.007
b3185,902
b2326,0.918
b1763,2.55
b3305,1681
b2580,15.6
b4062,2.84
b2491,0.023
b0995,1.9
b3195,23.3
b2928,0.557
b3242,0
b0949,14.8
b4419,0
b1650,10
b2331,28.9
b2100,0.332
b3181,536
b2572,8.41
b3331,0.027
b3719,0.221
b2737,0.533
b1531,2.27
b4028,0.005
b2229,0
b3301,1586
b3487,39.8
b3065,1818
b3891,38.2
b1335,7.21
b1184,0.002
b2872,25.5
b1477,0.137
b0503,2.19
b0833,1.77
b3889,0.262
b1633,3.48
b3088,0.193
b3934,1.69
b1321,4.84
b1596,0.891
b4312,1.9
b4504,0
b0410,122
b1970,3.19
b2399,0.732
b4170,6.53
b4003,0.331
b1000,206
b1497,0.011
b2828,8.48
b0924,37
b3151,0.459
b2076,0.315
b2137,57.4
b2070,0.767
b2432,10.3
b1023,0.05
b3778,3.3
b4349,16.7
b1083,64.5
b2195,1.52
b0305,0.19
b3439,140
b4385,0.515
b2268,1.98
b1013,3.05
b3646,0.007
b1269,48.1
b1607,0.03
b2120,0.115
b2192,0.26
b3068,80.8
b0587,0.501
b1209,61.7
b3651,6.27
b0208,11
b1370,0.228
b1115,0
b2852,0
b2742,32.3
b2774,0.089
b3513,18.2
b2057,0.328
b2628,0.967
b2674,2.5
b2840,7.38
b2141,0.065
b3515,0.511
b3822,0.594
b2349,1.26
b3999,54.6
b1557,26.5
b2419,0.803
b0400,5.5
b2015,0.626
b1730,0
b4166,0.014
b2768,0.025
b3179,26.6
b0926,1.96
b1657,7.07
b1689,1.19
b1305,105
b2571,85.8
b1372,0.751
b3780,137
b1176,42.7
b4551,14.4
b0525,755
b1591,7.78
b2233,0.08
b1353,2.27
b4512,2.39
b0093,2.85
b0161,397
b3328,0
b0214,3.78
b3106,1.24
b2791,1.27
b0900,0.003
b2187,165
b3233,387
b4037,198
b1381,2.28
b4109,0.596
b3557,0
b4406,94.5
b3663,1.58
b1233,14.4
b3326,0.016
b1144,0.01
b0457,0.424
b3754,0.032
b1295,65
b0993,0.76
b1770,10.9
b4487,47.6
b2107,165
b0127,44.3
b1913,5.76
b1347,1.13
b3509,733
b0303,0.512
b2699,355
b1902,1.98
b2292,0.069
b3098,1113
b3051,2.46
b0923,93.2
b3706,88.6
b3214,0.251
b0163,797
b0823,0.03
b1610,2.35
b2950,0.915
b3353,0.751
b1894,0.041
b0233,3.04
b1037,24
b1696,0.327
b4058,55.1
b3009,3.27
b0793,0.423
b4333,8.54
b0358,0.018
b3339,9789
b4004,0.423
b1838,0
b2743,21.2
b3352,10.9
b1960,0.992
b0546,0.576
b3961,69.7
b3947,0.876
b1754,2.3
b0636,16.3
b1871,7.25
b4353,0.008
b2244,0
b0259,0.26
b1061,10.2
b4188,2.22
b0065,0
b0990,27
b3306,1255
b3980,1889
b0947,44.2
b2059,0.271
b2728,1.04
b3820,50
b4566,0.045
b1749,194
b1791,0.004
b2734,0
b1752,0.199
b3210,38.8
b3204,282
b2753,0.746
b2301,32.7
b4065,1.35
b3400,39.8
b1575,0.043
b2736,0.343
b0130,0.441
b2984,0.015
b0799,0.281
b2524,60.4
b1833,0.473
b4423,0
b4399,0.301
b0817,8.72
b2219,0.171
b3251,466
b1057,0
b2443,0.751
b2546,0.009
b0938,0
b3497,3.33
b0001,0
b4256,25.4
b1040,40
b2183,67.5
b0550,0
b1914,33.1
b0769,0.234
b1150,0
b4148,0
b0554,0.027
b1972,1.17
b2171,208
b0812,2541
b2381,7.22
b2602,0.225
b2372,0.026
b0779,31.9
b2890,498
b0497,0.009
b0318,0.184
b0275,0.014
b1143,0
b1523,0.013
b4217,5.38
b1299,21
b3231,2158
b0685,13.8
b0567,0.925
b0373,0.235
b2511,154
b1887,278
b0540,0.235
b0035,0
b1809,382
b2454,0
b3299,202
b0450,55.4
b3495,439795
b1127,170
b3218,0.26
b1188,19.6
b2951,127
b3874,2.47
b3194,6.99
b4596,4.88
b3080,0.002
b3097,11.6
b3047,1.11
b1555,20.1
b0027,0.992
b4319,0.15
b1283,62
b1846,66.6
b0600,8.17
b0489,33.2
b0020,0.473
b1876,131
b1630,0.54
b3474,0.142
b1620,0.233
b4199,0
b4331,0.718
b1645,0.365
b0969,23.4
b2434,8.22
b3687,96.9
b1594,2.58
b2811,40.9
b1500,0.009
b4376,384
b3813,23
b0742,126
b1315,0.644
b1056,90.3
b4542,0
b0265,0.014
b3235,4.5
b0892,7.15
b2568,51.4
b0281,0.627
b4326,0.692
b1194,28.1
b4280,4.93
b0283,0.272
b1041,0.768
b0956,119
b1419,0.023
b3932,95.5
b2642,1.36
b1930,162
b2075,0.249
b3675,0.705
b1774,0
b1951,0.004
b0686,82.6
b4336,4.84
b0608,45.4
b1626,0.135
b1691,0.059
b1644,1.1
b0619,0.247
b4316,4.57
b3053,17.3
b4210,0.008
b1790,0.004
b0219,16.3
b0627,16.1
b0570,25.6
b0768,0.045
b1669,0.333
b0028,234
b2330,177
b0023,1190
b1880,0.085
b2880,3.9
b4047,0.007
b3159,0.172
b1273,223
b1572,0.007
b3803,103
b3995,261
b0391,355
b2826,0
b0313,0.965
b2045,0.089
b2077,0.022
b0738,27.8
b1498,12.3
b2806,10.6
b0379,0
b3441,1
b0824,0.203
b4522,0.017
b4022,7.32
b3598,0
b2218,3.77
b3288,107
b2718,0.171
b4559,0
b2474,0.704
b3868,27.2
b0285,0.035
b3346,72.8
b3558,3.71
b1753,1.59
b0806,0.365
b2382,1.19
b1554,0.242
b3357,669
b2030,0.26
b3573,0
b1830,147
b4293,0.385
b1653,1.13
b2735,4.38
b1164,0.01
b0818,0.003
b4202,1547
b2624,0
b0157,0.075
b0791,0
b0927,84.6
b1538,154
b1565,0
b2731,0.41
b0629,0.002
b3468,0.068
b2340,7.92
b1229,0
b2462,0.004
b2346,16
b4484,1.71
b3828,6.02
b2408,0
b2597,925
b0176,4.81
b2525,280
b0917,202
b3107,0
b1464,5.35
b4180,31.2
b2313,5.12
b0889,1018
b4186,0
b0711,34.6
b3655,15.8
b2394,0.272
b3294,1119
b4314,10.9
b3120,0
b4060,0
b3549,3.05
b2455,0.531
b3444,0.041
b2505,0
b3536,0.77
b0552,0.26
b1808,0.204
b3574,16.8
b0753,550
b0737,25.6
b3175,123
b1460,0.384
b0620,3.16
b1618,6.13
b2671,2.34
b4203,1755
b2299,131
b0611,19.6
b1722,0.589
b1141,0.853
b1673,0.81
b1793,4.45
b4480,13.6
b0326,0.014
b2757,0.006
b4249,0
b3027,0
b3382,0.005
b1409,0
b3486,4.25
b4347,0
b4361,3.53
b4334,0.316
b2570,1.04
b0427,0.1
b3031,6192
b0453,366
b0213,0.241
b1183,0
b1159,0.057
b4211,37
b1608,28.4
b3690,0.498
b2853,0
b0535,1.06
b3090,0.347
b4421,0
b1632,0.901
b1576,0.154
b1221,458
b0644,0.57
b0483,5.59
b3143,0.222
b2347,2.92
b1668,18.5
b4568,0
b0661,13
b0869,2.07
b1688,1.34
b0408,68.8
b2771,0.005
b1407,0.015
b4143,2479
b1559,0.21
b4335,0.065
b1797,1.17
b1889,6.43
b0215,0.669
b2269,0.297
b0354,34.4
b0234,0.017
b0106,1.2
b1116,6.85
b1303,2.09
b0044,0
b2333,1.75
b4048,0.002
b3720,0.005
b3643,3.31
b4045,645
b0994,9.08
b3096,0
b3237,14.4
b2741,146
b1881,298
b0409,41.6
b0468,4.64
b0773,170
b2614,771
b3512,31
b0598,231
b1529,0.52
b4547,6.04
b1948,1.42
b2532,59.9
b3130,1.62
b3507,0.541
b1122,0
b3660,0.018
b4043,48.1
b4387,3.2
b2892,3.06
b3325,0.586
b0952,16.5
b2554,3.67
b2106,0
b1073,0.403
b4061,0.149
b0439,230
b2314,15.8
b0950,0.175
b0492,287
b1667,434
b1776,0.75
b0059,30.4
b0194,453
b0520,1.42
b4264,1.7
b4017,1.05
b1728,0
b4410,0.034
b2506,0.518
b4212,0.685
b0660,193
b3539,0.313
b0380,1.36
b2214,0.373
b3295,970
b2645,0.004
b2144,4.5
b1883,7.01
b1384,0.357
b0713,6.23
b2620,35.7
b2367,0
b2980,7.08
b2713,0
b1703,36.9
b0545,1.67
b3518,6.95
b0278,0.747
b1251,483
b2955,2.78
b3164,757
b4372,9.55
b1968,1.57
b0011,0.004
b2008,0.118
b2548,0.172
b3466,0.006
b1569,0
b4453,0
b1615,0.027
b0975,0
b3638,0.01
b2453,0.268
b2471,133
b1796,0
b4001,0.74
b1063,28.7
b3284,0.081
b1867,84.7
b1327,4.93
b0042,1.87
b1433,0
b1156,0.059
b3552,15.4
b2274,0
b2099,4.09
b1312,0.004
b2573,50.9
b3024,499
b2543,1.54
b3538,2.28
b1333,470
b4364,0.642
b1154,0.002
b3103,0.578
b4411,463
b1286,107
b1423,76.8
b3230,1317
b0405,3.29
b0716,0.627
b4295,44.3
b0786,3.3
b2626,0.008
b3936,470
b3505,0.268
b3499,16.6
b2633,2.66
b1916,3.08
b0913,0
b1439,0.312
b0482,2.11
b1355,0.09
b0948,14.3
b4455,0.22
b0413,71.5
b3154,2.23
b2017,14.8
b0527,0
b1050,0
b1137,0.025
b0557,38.3
b4121,0
b2018,0
b1874,15.4
b2636,0.25
b3906,0.058
b4354,40.3
b0702,0
b0533,0.004
b2335,0.195
b0845,0.443
b2946,8.63
b1760,44.3
b4528,0
b0389,217
b1271,26.8
b4300,0.066
b0985,0.321
b0564,0.604
b3188,0.002
b0984,0.35
b0363,0.163
b2334,0
b1547,0
b1048,204
b2686,0.037
b3473,1.24
b3166,5.41
b0226,25.8
b0490,6.29
b3391,0.957
b1877,0
b1331,0.26
b3613,3.4
b3085,0.163
b2870,15.2
b3348,58.3
b2968,0.004
b1729,78.6
b2504,1.79
b2437,0
b0470,10.6
b1947,2.01
b3491,0
b3153,108
b3264,0.007
b1731,8.22
b3973,8.63
b3434,0.066
b2479,19.7
b0851,76.9
b2644,0.074
b0191,0.74
b4472,1.59
b4371,36.7
b4171,5.4
b1664,3.2
b0456,60
b2248,0.349
b2922,388
b1642,303
b3221,44.4
b1835,1.45
b1104,8.99
b0782,624
b2821,9.32
b1799,2.09
b1783,390
b3989,0.006
b2616,2.8
b2514,276
b1699,0
b3178,248
b2336,0.004
b0330,3.11
b3238,0.131
b2088,0.41
b2769,0.202
b0850,0
b2161,0.386
b1259,179
b1256,58.5
b0648,0
b2631,0.963
b2845,0.035
b0447,3.23
b2766,0.149
b0700,0.14
b4128,0.696
b0041,1.01
b3121,0.004
b1802,0
b4116,0.066
b3361,72.6
b1324,1439
b0148,0.694
b3084,1.1
b1494,6.13
b3898,0.102
b2733,6.2
b2475,27.7
b4304,3.33
b2778,1.31
b0919,6.85
b3297,655
b1952,0
b1253,12.6
b3060,0.165
b3351,2.95
b4110,47.1
b2317,2.44
b3872,1.03
b3150,106
b3965,23.3
b3364,0
b1436,0
b4296,0
b0419,168
b2321,0.876
b2395,0.783
b1399,6.95
b4475,0.017
b0735,0
b1595,1.05
b3270,0
b2236,0
b0329,1112
b1878,1.27
b3023,0.018
b0324,1.33
b0699,70.8
b2246,0
b3501,1.41
b3411,0.003
b2071,0.913
b0295,0.999
b1716,1386
b4218,5.71
b3766,0
b3933,23.1
b3259,46.4
b2556,0.43
b0683,342
b4397,42.3
b0992,0.002
b0899,0.003
b3072,4.8
b0649,0
b1725,133
b2610,153
b0385,0.001
b4537,90.7
b0970,0.808
b0438,223
b1222,0.692
b1112,5.51
b0762,0
b4378,10.2
b2972,0.005
b0060,0.182
b3900,0.255
b2916,120
b2516,165
b0958,0.356
b3716,0
b2726,0.413
b2630,0.101
b3157,0.36
b0901,2
b2770,9.47
b0184,2.86
b2985,0.002
b0461,0.063
b2847,0.006
b1824,0
b2442,0.08
b1705,9.01
b1866,373
b2108,0
b0909,0.002
b1036,0.039
b1674,0.119
b2016,136
b2553,215
b1323,36.6
b3769,0
b3836,193
b0714,1.28
b1342,14.2
b3931,251
b4156,0
b0801,146
b0559,5.76
b2188,2.89
b2577,0.024
b0719,0.01
b1292,8.87
b1461,65
b0631,898
b3343,16
b0556,0.558
b1382,39
b0582,0.16
b0382,396
b1956,1.73
b3483,0.009
b2386,0
b2043,0.422
b0082,56.7
b1807,14.7
b2717,8.43
b0321,0.866
b3802,52.4
b1147,0
b1373,0.006
b2074,1.95
b1482,1168
b2559,2.44
b3165,1053
b4330,0
b0504,0.018
b4527,0
b1128,124
b0481,224
b2697,323
b2062,0.377
b0548,0.012
b0986,0.002
b3554,277
b2948,65.2
b2760,0.109
b3129,34.7
b2804,42.1
b1507,2.18
b1750,0.201
b0532,0.002
b0162,1.39
b1344,5.63
b2861,0.191
b4052,19.9
b3920,7.16
b1784,5.12
b1358,0
b4555,2.28
b3205,67.5
b0876,3.07
b4340,0.238
b0168,225
b2929,0.163
b1775,0
b1536,110
b2609,1482
b3363,238
b3753,0.005
b1566,6.07
b1068,12.1
b2902,1.52
b3594,3.56
b4248,6.67
b1089,2168
b2211,0.902
b2194,6.76
b2776,1.37
b0513,0
b4191,6.65
b0607,1517
b1504,0.005
b1145,3.62
b4246,0
b4303,199
b3313,761
b3884,16.8
b0193,0.114
b0689,0.814
b2921,8.26
b1841,5.08
b0976,0.026
b0022,0.041
b0940,0.057
b2643,0
b3334,0.307
b2881,2.67
b2409,1.35
b4536,11.3
b1553,0.116
b1293,0.594
b3818,0.045
b0977,0.003
b3508,0.628
b3324,0
b1773,0.831
b0634,0.501
b0941,0
b1842,8.1
b1038,48.6
b2581,148
b1133,45.9
b3520,0.002
b3492,2.38
b2583,0.081
b4309,0.394
b4016,7.76
b1218,10.9
b3827,0
b0790,3.12
b1648,4.12
b3013,0.361
b2327,0.02
b2586,0
b1039,2.22
b0843,0
b1562,0
b1434,1.62
b4363,0
b4325,0
b0642,335
b3494,3.47
b0922,14.6
b3550,0.091
b2357,0.011
b1826,0
b3260,0.631
b4461,4.32
b0342,2.45
b1075,2.67
b0141,0
b4535,0
b2319,78
b3158,0.892
b3383,0.304
b1629,4.72
b3847,257
b3141,0.001
b2876,0.388
b2756,0.05
b0814,381
b1545,0.073
b3703,528
b0240,140
b4366,0.089
b0097,0.367
b4174,183
b0387,26.7
b1077,1.58
b1167,0
b2531,348
b2252,34.7
b0741,271
b3388,126
b0274,0.002
b3659,0.312
b3688,15.6
b1450,4.31
b1895,6.27
b1462,41
b0064,3.33
b1403,0.191
b3459,10.7
b3105,15.2
b3184,0.003
b0249,0
b2783,0.157
b2387,2.51
b3338,0.082
b0601,0.025
b0254,0.166
b1863,2.5
b1074,0.169
b4018,1.22
b3192,424
b1201,0.148
b2359,0
b1242,0.038
b1410,0.035
b2325,46.7
b1769,0
b4158,0
b1996,0.148
b0921,1.07
b1945,19.2
b3888,68
b2669,419
b1939,24.9
b1379,11.7
b1376,888
b0796,2.05
b2158,0.152
b1118,3.1
b2622,0.063
b2550,0.002
b2829,23.5
b3191,174
b4305,98.2
b0551,5.39
b1582,0
b0177,136
b3712,0.629
b2534,0.001
b1940,0.734
b3702,16.9
b1915,11.1
b2080,795
b2617,263
b2945,0.002
b0802,4.01
b3167,378
b0291,0.324
b3661,165
b1140,0.037
b0891,268
b0136,0
b2121,0.717
b1660,0.212
b1795,0
b2068,2.63
b1374,1.33
b4204,0.002
b4479,6.91
b3102,143
b3700,0.676
b0338,0.113
b3986,4683
b3746,9.87
b0270,0.325
b2611,2.91
b1969,4.04
b1987,0.498
b2887,0.281
b3081,12.3
b3302,1971
b2792,11.1
b2632,0
b3394,3.07
b1700,0
b3247,12.9
b1179,107
b3423,18.1
b1501,0.767
b2635,0
b2698,2.09
b2625,0.232
b0873,1.8
b3216,0.003
b2837,1.51
b2513,233
b1158,0.065
b1051,378
b0407,749
b0569,0.969
b2114,269
b3524,17.7
b3699,190
b0496,0.771
b4168,119
b3104,0.023
b1641,696
b1869,2.28
b3795,1.86
b4027,0
b2275,0
b0327,0
b4137,28
b1351,0.026
b0884,1132
b3202,27.7
b4234,226
b3647,0.015
b0982,2.34
b1284,59.9
b1257,472
b1937,0.011
b3263,0
b1810,0.117
b0095,887
b2527,50.1
b3064,8.14
b3262,0.447
b1177,26.1
b1766,3.19
b4255,392
b1864,283
b0045,0.03
b2101,1.23
b1741,0.025
b2812,3
b3319,1215
b1314,1.32
b1997,0.191
b3354,7.91
b2176,2.81
b0821,9.49
b1868,0.44
b0558,0
b4377,5.55
b2851,0.003
b1831,197
b1422,78.2
b0771,0.215
b1043,110
b3448,169
b1205,23.4
b1178,96.8
b3186,824
b1834,2.5
b3471,0.027
b4063,3.1
b1348,0
b2105,25.9
b2961,1.81
b0890,8.66
b2466,0.721
b0730,2.57
b0944,0.005
b2512,161
b0603,0.199
b2898,325
b1906,0.018
b1065,0
b1988,0
b4206,67.8
b3421,0.029
b0361,0.148
b2193,34.2
b3229,543
b1938,6.9
b3300,60.2
b4473,0.252
b0656,0.26
b3561,0.022
b1804,2.52
b2496,5.24
b3848,2.64
b1307,4.13
b3424,0.503
b0643,468
b3586,0.511
b0458,36.6
b3095,3.4
b0794,1.21
b2113,63.6
b0140,0.046
b2966,0.008
b1411,0
b3287,185
b1165,1.54
b1446,232
b0286,0.023
b0460,54.9
b0024,0
b3038,13
b3211,0.063
b1421,55.6
b2665,3579
b0292,1.09
b4277,0
b3950,7.88
b2834,120
b3982,1090
b1892,3.23
b0228,1.52
b1556,0.014
b1707,0.054
b3292,5.5
b0866,130
b1706,6.47
b2061,0
b0271,0.709
b2962,1452
b0434,252
b1447,0.038
b1111,4.8
b1175,581
b3886,0.132
b2142,0.175
b0145,365
b1785,0.002
b0129,0.033
b3043,0
b2833,79.1
b4470,0.057
b1195,0.118
b2993,9.18
b2990,0.094
b1659,0.917
b1532,0
b0788,0.014
b4066,0.06
b2230,1.39
b0051,70
b1815,0.568
b2151,0.481
b2732,0.051
b4292,1.09
b4185,0
b3775,291
b1908,204
b3585,0.213
b1066,15.4
b2754,0
b3988,547
b1268,0.068
b0397,1.92
b2544,0.151
b4029,0.009
b0119,42.6
b0098,195
b4144,255
b4221,2.02
b1047,4.43
b4080,0.115
b2537,0.198
b0426,767
b1560,0
b0298,0.235
b4044,0.836
b4279,0.055
b2849,0
b3964,0
b1713,199
b4201,1.76
b2647,0.052
b1670,0
b0531,0.496
b1044,0
b0440,3812
b3110,0.254
b2110,0.188
b3742,134
b2383,0.031
b2949,9.27
b1346,0
b3676,3.64
b0792,1.22
b4466,0.159
b1049,23.3
b2535,1.02
b1431,563
b0951,14.4
b2555,2.59
b2977,213
b1836,499
b4023,37.1
b3635,1.07
b0495,6.49
b3119,0
b0296,188
b0058,6.43
b3985,1165
b1544,2.59
b1726,6.77
b3859,2.02
b2808,7.88
b3387,5.94
b3033,0.005
b3207,0.972
b2520,9.25
b2005,0.621
b2163,0.106
b2900,228
b1715,0
b1862,0.124
b2451,0.521
b2044,0.142
b3649,1274
b2659,9.95
b2145,0.049
b3250,10.9
b0232,1.25
b3327,0.152
b0239,28.2
b2343,61.7
b1105,120
b2575,1.91
b2755,1.2
b2003,0
b1080,0.327
b0998,0
b1639,11.2
b0939,0.034
b0018,0
b1088,68.2
b3315,2706
b2707,3.33
b4089,3.79
b1024,0.523
b0102,47.6
b2249,15.1
b3533,0.095
b2522,2.4
b2646,0
b0879,2.17
b3724,54.6
b4307,0
b3530,1.01
b0659,47.8
b3498,236
b0316,0.058
b3905,0.117
b2098,0.209
b2619,3.24
b2055,0
b0859,0.162
b0999,25.8
b0487,5.5
b1829,45.3
b2001,0.393
b1751,0.736
b1540,4.31
b0912,1129
b1085,0.004
b3086,0.621
b2217,469
b3044,0.191
b1304,609
b4328,23.1
b1161,0.005
b1884,3.26
b2072,0.004
b0101,11.9
b4157,0
b1219,671
b3817,0.697
b2869,3.7
b3075,1.25
b1837,0
b1891,0.255
b2604,0.685
b0310,0.042
b2878,2.87
b4050,0.006
b4133,0.299
b0987,0
b2786,2.11
b2748,2.42
b1962,2.22
b1334,116
b3684,0.002
b4220,8.01
b2603,0.522
b0687,110
b0449,1.54
b2623,1.39
b2673,16.3
b2109,0.002
b1875,15
b4396,107
b0113,9.89
b3718,0.813
b4051,417
b4181,0
b4189,23.4
b2073,0.067
b3555,0.179
b0156,178
b1949,0
b1365,0.013
b4558,62.3
b3410,5.88
b1282,5.64
b3591,7.89
b3160,9.92
b3596,0
b0528,274
b0256,0.846
b0959,0.089
b3830,206
b0488,3.13
b1332,0
b2456,0
b3193,24.6
b1828,1.15
b1306,12
b4162,146
b1762,0.001
b1060,0
b0853,2.15
b3637,1940
b2298,0.044
b0422,106
b1714,439
b2831,1.19
b2775,0.219
b1571,0.1
b1530,3.32
b2960,101
b3707,0
b1550,665
b3523,71.2
b1758,0.184
b0248,0
b0943,0
b0146,1.56
b1848,37.9
b4350,10.2
b2272,0.308
b2844,6.54
b0005,0
b3440,71.5
b3082,3.28
b4557,2.38
b2339,0
b2767,0
b3227,0.013
b4595,9.01
b1349,0.34
b1213,0.181
b1309,0.151
b1496,0.7
b1162,4.64
b3261,140
b3054,37.5
b0739,10.7
b0467,1.53
b1586,158
b2983,3.72
b2078,1.19
b1708,1.18
b2819,2.72
b4351,6.49
b2046,0.006
b3587,0.041
b0139,0.872
b2212,2.77
b4183,0.071
b0081,8.95
b1585,1
b3464,183
b0107,0.189
b1499,0
b1267,232
b0442,0.007
b3514,2.04
b3604,0.03
b3755,22.5
b0435,218
b3219,0
b3395,0.231
b1078,3.63
b2002,0
b0357,116
b3244,84.3
b1950,0
b1171,10.1
b2992,0.35
b3723,0.401
b0989,0.015
b0981,6.09
b4150,3.27
b1404,0.846
b2012,16.9
b1454,2.14
b2380,0.603
b2824,0
b3717,0.004
b2226,0.094
b2207,0.233
b0016,0.16
b1847,285
b1687,54.8
b2364,0.205
b1652,6.25
b2982,0.26
b1138,0.439
b3901,0
b0580,0
b3863,151
b3645,0.162
b1495,2.23
b1287,3.56
b3741,18.9
b0800,156
b2805,17.8
b2433,0
b4127,26.6
b2086,37.2
b3929,313
b3963,34.9
b0965,391
b1110,4.23
b2427,0.445
b0707,5.88
b2605,0.031
b0872,0.65
b1316,0.244
b0272,5.29
b2606,1296
b3169,580
b2761,0.12
b1082,55.4
b3981,27.3
b4021,83.8
b2085,17.7
b2473,23.8
b1663,11.7
b0225,0.427
b1772,0.043
b0170,2587
b1735,1.02
b3765,0
b2079,38.4
b0820,60.3
b1204,42.4
b3375,2.95
b2936,41
b0835,11.9
b2135,3.36
b3704,21.2
b1822,4.93
b1272,70.9
b1976,62.4
b0320,0.304
b3267,0
b2011,7.87
b1580,11.7
b2159,12.1
b2127,6.02
b3228,200
b2289,15.3
b3890,0.003
b3677,19.3
b0960,1.33
b3042,265
b4059,356
b4184,0
b3871,247
b2362,0.012
b2627,0.649
b3148,0.538
b0147,3.79
b3404,1.07
b3152,15.2
b3142,0.005
b0815,1.25
b1820,1.65
b0797,7.71
b4207,514
b2259,44.9
b0231,0.13
b2354,0.04
b1925,4.57
b2123,0.19
b3606,5
b2672,199
b1635,619
b0602,0.587
b0807,11.1
b1046,3.35
b4360,56.5
b0289,0.353
b3560,268
b2013,0.075
b4074,0.044
b4546,0.303
b3674,1.98
b4465,0
b1255,20.2
b4012,2.1
b1426,367
b0094,87.9
b1432,0.002
b0448,1.94
b4083,0.141
b4241,2.16
b3414,514
b2886,0.014
b0013,0.003
b2125,4.59
b3593,0.476
b0345,5.67
b2897,58.1
b3303,4349
b0804,29.5
b2730,1.46
b2448,0
b3099,60.6
b0706,1.42
b1926,0
b2725,0.586
b1274,89.1
b0223,9.41
b1383,4.26
b3289,24.7
b2102,0.046
b4553,0
b1782,71.4
b0317,0
b2209,19.6
b1573,0.014
b4124,5.05
b2004,0
b0144,2.76
b0640,1.28
b3378,11
b0565,432
b3446,0
b1825,4.73
b1035,159
b2460,0.777
b0083,2.55
b2300,94.8
b0172,876
b3156,232
b3203,3322
b3393,0
b2082,0
b3369,0
b2152,0.104
b3215,0.017
b1520,3.95
b0290,2.59
b1719,397
b4026,0
b1429,1.44
b3002,13.7
b3087,101
b1882,379
b3807,88.4
b2056,0.367
b3049,13.6
b2294,480
b4112,1.72
b1280,12.2
b2375,0.198
b3862,0.943
b1029,0
b1191,7.86
b2140,1.2
b1955,139
b4511,19.5
b1100,13.4
b3516,0.012
b1168,0.007
b4135,187
b2798,7.58
b3745,5.91
b3740,17.4
b4565,151
b1235,4.79
b2350,0.015
b3873,8.46
b3398,3.17
b3310,1770
b3698,201
b3030,5.54
b3418,51.6
b2064,8.33
b1672,0.096
b0955,3.43
b1166,0
b1266,5.22
b1406,337
b2714,1.82
b2318,3.48
b1055,9.41
b2398,0.273
b0217,0.211
b4380,1.76
b1806,16.8
b2324,3.26
b1546,0.045
b3101,1.1
b1777,38.6
b4463,0.212
b0412,5.24
b0445,0.816
b0034,0
b1322,10.7
b0055,13.7
b2119,0.67
b0560,0
b4428,0
b3869,17.4
b3279,128
b0491,3.14
b1108,346
b1360,1.05
b3506,217
b4002,68.8
b2054,0.013
b0224,1.18
b4118,0.451
b0075,0
b1624,51.7
b3401,200
b1593,34.4
b1290,3.59
b3329,0.082
b2998,5.72
b3079,0
b0138,3.57
b0471,1417
b1658,198
b2566,26
b3865,147
b4548,0
b1886,274
b3022,0.83
b2370,1.48
b1853,16.9
b1542,0.499
b3711,0.163
b0780,2.12
b1058,0
b3569,0.107
b2067,0.646
b0541,0
b4517,80.8
b1637,204
b2685,6.42
b2795,38.1
b3071,38.6
b1311,0
b4075,0
b2785,0.739
b2874,3.85
b0682,0.008
b3168,320
b3100,21.7
b4348,1.93
b4402,0
b4315,0.033
b4068,159
b3342,570
b1614,364
b2848,0
b2745,23
b4302,65.9
b1924,46.7
b2894,1.39
b2825,0
b0566,0.062
b3601,2.26
b0893,403
b1890,13.6
b4225,0.902
b4317,0.448
b3155,0.438
b2311,13.4
b1202,0.076
b4082,0.475
b2271,0.176
b3686,54.6
b2637,0
b1827,227
b0108,0
b3618,4.67
b0192,8.63
b0942,0.019
b0858,0.012
b2592,544
b3467,9.94
b3356,79.5
b3783,1133
b1452,247
b1803,0
b3667,0.056
b0623,2209
b0865,113
b1757,25
b4078,0.01
b1045,118
b0988,0
b3636,1004
b0464,0.936
b2376,0
b3021,4.68
b1375,2.48
b1001,2.95
b1958,6.51
b0479,0.535
b1811,0.155
b2469,0.115
b3077,0.003
b2468,3.79
b0518,0.014
b1155,0
b1359,0
b0983,1.37
b4049,32.2
b0645,0.053
b2953,7.12
b1625,22.4
b3323,0.066
b2618,6.78
b0498,0.102
b0117,0.004
b3481,52.8
b2322,0
b4516,0.014
b2782,2.75
b0246,2.91
b0547,0
b2405,0.103
b3014,0.742
b0880,469
b3485,0.423
b1534,0.765
b1739,567
b0526,158
b1275,67.3
b0695,3.52
b3680,0.381
b2594,57
b2069,2.37
b3983,1006
b1647,197
b3180,580
b2865,7.64
b3839,27.2
b1313,0.131
b2517,28.4
b0251,0.138
b0967,20.1
b0911,1667
b2910,129
b0280,0.052
b2510,3.78
b1789,0
b4365,0
b0534,0
b2477,208
b3938,570
b4375,53.9
b2363,0
b1675,28.9
b1978,0
b4081,0.208
b0443,101
b4554,123
b3673,0
b2351,19.2
b0647,0
b3887,83.9
b1671,0.066
b4539,0
b0378,3.32
b3280,9.66
b0167,18
b1823,4383
b4529,0
b2607,11.8
b4126,12.7
b1352,0.941
b3056,14.1
b3773,1.19
b4306,0.384
b1743,268
b2420,0.002
b1522,0.023
b4357,0.228
b3609,2126
b2666,0
b0293,0.338
b0544,0.772
b4056,26.9
b2368,0.004
b3183,182
b2526,32.2
b0610,158
b3511,70.4
b2009,101
b3249,0.557
b2940,0.034
b3140,0
b0279,0
b3170,26.4
b3953,0.014
b4216,253
b3402,0.022
b1412,141
b2126,1.02
b3311,429
b0190,4.6
b0128,0
b0633,25.3
b4142,2645
b2495,129
b4327,1.89
b1581,45.5
b1457,0.554
b3897,8.5
b4550,0
b3269,0.276
b0196,41.9
b3118,8.62
b1598,1.96
b2598,0
b1756,0.928
b3465,8.75
b3045,0.148
b2439,21
b2839,8.67
b4224,0
b0323,0.014
b0209,10.2
b3998,12.6
b1427,27.8
b0135,0.002
b3163,22.9
b4097,20.1
b0579,43.9
b4393,210
b4532,0.021
b4373,3.45
b0377,0.829
b3944,0.065
b2390,0
b4108,122
b1552,12.3
b2213,0.021
b2664,0.926
b2547,0.326
b4301,0.712
b0581,26.9
b1755,2.69
b4483,3.84
b1697,1.81
b1130,362
b3556,319
b3271,0.042
b1843,0.743
b0252,0.208
b1597,0.036
b0646,0.015
b3422,0.82
b3896,0.205
b2118,1.03
b3206,6.02
b2270,0.061
b3462,29.3
b4243,1605
b0618,0.28
b0284,0.113
b3113,34.5
b3330,0
b1973,110
b4011,0.002
b3316,3113
b3442,0.369
b2332,0.001
b0836,0.381
b3298,2654
b1953,85.9
b1114,27.6
b2494,56.5
b1860,12.4
b3083,0.624
b0143,18
b3819,0.005
b2634,0
b4258,205
b2832,0.169
b1139,1.13
b2712,0.577
b0015,99.6
b2944,0.644
b3337,0
b4113,47.9
b1211,15.5
b2449,1.68
b3362,192
b2305,0.022
b2959,305
b4621,0.004
b4176,0.01
b2986,0.002
b3482,1.64
b3576,0.608
b0852,0.592
b1027,0.235
b1174,742
b0169,2298
b0039,0.233
b2295,2.51
b3811,2.05
b2450,70
b0846,1.16
b2063,4.45
b0210,0.107
b4125,0.172
b2304,98
b1649,2.23
b2438,1.41
b1480,1475
b4526,2.02
b4145,0.547
b0772,34
b0966,76.8
b1067,227
b2584,33.5
b2410,1.1
b1343,0.425
b3445,0
b1408,0.004
b2576,75
b1265,0
b0885,1.27
b3405,377
b0227,10.3
b3345,29
b1527,0
b3282,47.2
b4509,0.009
b3332,0.002
b0043,0.946
b4412,0
b2447,0.6
b1084,193
b2385,0.04
b4182,0.967
b1765,241
b1551,0.007
b4403,12
b2939,0
b0478,6.1
b2157,10.9
b0530,0
b1885,31.7
b3144,0.015
b0882,121
b2709,0.293
b2509,1.6
b2231,250
b1643,2.47
b2124,9.46
b4190,11.8
b4415,0.032
b4102,0.496
b2184,0.267
b3861,0.008
b3955,8.39
b2759,0.335
b3094,20.7
b1087,87.2
b0406,20.4
b2860,0.148
b2237,0.172
b4389,6.18
b2446,0.004
b1034,26.3
b0454,1.46
b3527,58.7
b0787,0.004
b1428,0.707
b3335,0
b0472,6.94
b2208,0
b3521,0.11
b2689,0
b0761,26.3
b3384,306
b2696,964
b1079,57.9
b3522,3.1
b1929,11.4
b2000,279
b2181,7.27
b1888,148
b0704,0.003
b0396,0.094
b3532,0.529
b2058,0.186
b3376,0.001
b4502,0
b0571,98.8
b2461,0
b1350,1.69
b1512,11.6
b0053,414
b1549,2.73
b1072,0.535
b1563,15.7
b4114,0.137
b3470,32.3
b4251,2.87
b3641,22.5
b3138,0.277
b4501,0
b4313,0.737
b2050,0.082
b2749,0
b1445,0
b2991,0.002
b1413,6.79
b3899,0.618
b2593,51.2
b3257,0
b0076,0
b0680,268
b2807,0
b2971,0.38
b0717,0
b2629,0
b3922,132
b3562,0.036
b1724,99
b4324,2.3
b0486,0.138
b0188,10.2
b3438,22.5
b0964,0.554
b4355,81.8
b2896,3.37
b1718,691
b3866,146
b3344,16.5
b3413,0.179
b2089,0
b1905,378
b1099,6.38
b4320,0.856
b4391,443
b1526,0.536
b4299,0.419
b0473,335
b1840,0.003
b3987,626
b3355,42.5
b1971,11.1
b3949,0.998
b2266,800
b4107,260
b1340,5.54
b4341,0.006
b3937,0.004
b2172,1.78
b4345,1.92
b1214,0.043
b2220,1.8
b2549,0.27
b3911,3.38
b2457,14.6
b2369,31.1
b1203,178
b1042,109
b3615,2.93
b1712,1971
b4409,0
b0920,3.14
b3149,21.1
b1402,0.148
b2823,0
b3380,0.005
b0916,0.037
b3349,422
b2459,0.157
b4149,43.5
b2820,0.752
b2879,2.4
b0637,83.7
b3392,0.532
b0328,0
b2706,0.019
b1923,1101
b1786,2.09
b1237,4436
b0946,0.586
b4284,0.846
b0476,1.37
b0195,12.6
b3234,212
b2250,1.95
b4518,142
b4076,0
b1583,164
b0267,0.209
b0137,0.011
b3685,0.599
b1135,3.88
b1132,28.4
b3252,3.82
b2740,0.472
b4155,2.76
b0795,11
b1180,47.1
b3895,1.96
b4179,76
b4263,59.6
b4140,2.71
b2452,0
b4278,1.43
b1561,0.553
b2225,0
b4395,68.5
b3559,399
b2389,0.005
b3379,0.843
b0390,91.7
b3570,0.066
b3921,0
b1627,0.024
b4567,0
b3669,19.3
b0301,0.01
b0658,99.5
b2196,0.323
b3602,123
b3173,0.143
b0262,0.243
b2958,98.8
b4294,0.018
b1320,2.79
b3537,8.13
b0897,630
b2684,99.1
b1861,28.9
b1279,668
b1129,3.79
b4510,0
b3696,0.002
b3133,8.26
b4222,58.6
b1921,28.1
b1172,0.189
b0840,2.46
b2891,244
b1941,4.6
b4273,0.148
b1963,0
b4030,0.54
b3879,0
b1570,29.8
b1604,532
b1310,0.302
b2007,1093
b4272,0.191
b2081,31.4
b1502,0
b3139,0
b0277,0
b1845,1.65
b1564,143
b3220,0.857
b0294,0.673
b3283,0.472
b0834,0.781
b0424,98.2
b1844,1.48
b3340,1648
b2216,19.1
b3017,2.99
b3318,337
b3019,19.5
b1070,90.1
b1339,0.019
b3050,0
b4318,0.117
b1481,0
b2956,0.316
b3312,1296
b4541,1.97
b1631,7.18
b3232,9.23
b0877,5.29
b1503,0.088
b0111,7.36
b0247,0.007
b0164,0
b3689,6.8
b0069,4.45
b3923,119
b1289,0.058
b1942,0.457
b1146,1.79
b3529,4.82
b0416,130
b0537,1.59
b2111,0.013
b0372,0
b3710,0.012
b2493,2.2
b1414,146
b3136,1.13
b3584,0.026
b4257,0
b1053,0.012
b4398,5.8
b1248,16.1
b3076,0.005
b0694,3.7
b3067,263
b3563,0
b3146,60.8
b1961,2.44
b3531,0.246
b2560,4.62
b3832,2.42
b0718,0.076
b0250,0.041
b1944,18.4
b2567,106
b1071,244
b3834,20.7
b3317,1289
b4000,1701
b3074,6.04
b4200,3199
b1788,0
b0288,0
b3801,0.119
b1943,0.217
b2444,0.005
b3162,35.3
b4046,90.6
b4401,717
b1541,195
b4379,1.54
b3341,3507
b3800,0.004
b1153,0.327
b4523,0
b1086,25.1
b0838,603
b0847,0.669
b3668,0.893
b2729,1.81
b1931,0.176
b4520,0
b0878,13.5
b3644,145
b1254,0.189
b3705,45
b3461,14.1
b1196,0.564
b1780,119
b3048,0.199
b3764,702
b4400,1.8
b3209,241
b0599,26
b3190,185
b2182,19.4
b3296,1958
b0319,0.058
b2793,13
b4332,0
b1787,24.4
b0436,1297
b3333,0.674
b2267,14.7
b2185,5495
b0122,16.6
b4359,1.54
b3406,8.53
b3463,108
b2562,66.3
b3037,44.3
b1217,77.8
b3842,9.92
b1922,42.8
b2042,436
b1356,32
b3672,0
b3597,1.18
b2160,0.358
b1234,6.83
b3293,0.177
b1974,0.006
b0555,0.01
b3858,373
b3320,2011
b0006,47.9
b3066,3.86
b2595,124
b1928,117
b4620,0.01
b0803,0
b4057,216
b0898,0
b2875,8.72
b0253,0.039
b1117,88.7
b0961,38.2
b1181,0.532
b0441,203
b2060,0.028
b0264,0.002
b3472,234
b1957,6.24
b1698,0.085
b2545,0.027
b3243,0.559
b3307,1261
b3308,5826
b1537,65.4
b4172,533
b2352,4.16
b1438,3.17
b2112,0.07
b0712,38.2
b1932,1.14
b1491,0.431
b2445,0
b3358,0.791
b4622,4.99
b4235,200
b1879,3.41
b1839,19.5
b0868,3.3
b0132,0
b3928,2224
b4178,27.6
b1508,3.29
b3381,0
b3548,0
b3592,123
b2384,0.207
b1994,0.281
b1148,0
b3147,42.4
b2365,0.021
b0183,5.06
b2667,11.5
b3652,3.49
b4482,0.003
b3954,0.422
b3377,0
b2412,67.6
b0760,21.7
b0962,17.9
b2822,1.99
b0953,524
b0384,49.6
b3910,74.1
b0393,75.5
b3026,0.59
b4253,1.71
b3611,179
b3314,1703
b1187,114
b1946,99.1
b4310,3.3
b4215,0.421
b0848,0.098
b3407,55.3
b1160,0
b2565,0.795
b2273,0.001
b0287,99.6
b0360,0.191
b3935,0.674
b1163,2.44
b4147,378
b1685,292
b0568,1.17
b2777,12.2
b1418,10.5
b3838,74.6
b3984,1601
b1076,10.1
b3484,0.384
b3912,389
b2830,13.4
b1742,0.148
b3145,7.35
b4175,123
b4187,9.72
b3657,0.001
b0710,178
b3239,8.59
b4329,0.801
b1120,36.4
b0930,427
b3010,2.89
b1424,18.2
b4362,6.8
b2899,0.04
b3039,1.48
b1983,83.9
b0304,8.65
b0026,314
b4259,15.9
b0364,0.004
b2186,46.4
b4469,1.06
b0178,669
b1081,0.006
b0770,0.275
b1558,0.03
b3055,79.3
b3347,323
b4506,52.7
b4104,13.4
