gene,name,mw
b0001,thrL,2.13846
b0002,thrA,89.12024
b0003,thrB,33.62365
b0004,thrC,47.11384
b0005,yaaX,11.35494
b0006,yaaA,29.58583
b0007,yaaJ,51.66288
b0008,talB,35.21925
b0009,mog,21.22235
b0010,satP,20.07088
b0011,yaaW,26.66488
b0013,yaaI,14.48157
b0014,dnaK,69.11496
b0015,dnaJ,41.10033
b0016,insL1,40.90881
b0018,mokC,7.74228
b0019,nhaA,41.3557
b0020,nhaR,34.28442
b0021,insB1,19.56459
b0022,insA1,9.86836
b0023,rpsT,9.68439
b0024,yaaY,7.89036
b0025,ribF,34.73427
b0026,ileS,104.29684
b0027,lspA,18.15632
b0028,fkpB,16.08101
b0029,ispH,34.77456
b0030,rihC,32.56077
b0031,dapB,28.75661
b0032,carA,41.43101
b0033,carB,117.84172
b0034,caiF,15.43616
b0035,caiE,21.24437
b0036,caiD,28.19024
b0037,caiC,58.55909
b0038,caiB,45.12675
b0039,caiA,42.5584
b0040,caiT,56.58729
b0041,fixA,27.14377
b0042,fixB,33.51316
b0043,fixC,45.70281
b0044,fixX,10.47894
b0045,yaaU,48.66684
b0046,kefF,20.16998
b0047,kefC,67.79583
b0048,folA,17.99938
b0049,apaH,31.29672
b0050,apaG,13.86676
b0051,rsmA,30.42014
b0052,pdxA,35.11378
b0053,surA,47.28372
b0054,lptD,89.67114
b0055,djlA,30.57936
b0058,rluA,24.86064
b0059,rapA,109.76906
b0060,polB,90.05256
b0061,araD,25.51891
b0062,araA,56.07399
b0063,araB,61.08942
b0064,araC,33.38391
b0065,yabI,28.24414
b0066,thiQ,24.99913
b0067,thiP,59.53317
b0068,thiB,36.16341
b0069,sgrR,63.97515
b0070,setA,42.71317
b0071,leuD,22.48749
b0072,leuC,49.88183
b0073,leuB,39.51701
b0074,leuA,57.29791
b0075,leuL,3.14577
b0076,leuO,35.69473
b0077,ilvI,62.98434
b0078,ilvH,17.97676
b0080,cra,37.99937
b0081,mraZ,17.38603
b0082,rsmH,34.87781
b0083,ftsL,13.62683
b0084,ftsI,63.87743
b0085,murE,53.3436
b0086,murF,47.44715
b0087,mraY,39.87475
b0088,murD,46.97362
b0089,ftsW,45.98709
b0090,murG,37.81473
b0091,murC,53.62596
b0092,ddlB,32.83971
b0093,ftsQ,31.43373
b0094,ftsA,45.32997
b0095,ftsZ,40.32392
b0096,lpxC,33.95592
b0097,secM,18.87956
b0098,secA,102.02299
b0099,mutT,14.92707
b0101,yacG,7.30617
b0102,zapD,28.29163
b0103,coaE,22.62171
b0104,guaC,37.38367
b0106,hofC,44.45049
b0107,hofB,50.61533
b0108,ppdD,15.62175
b0109,nadC,32.76207
b0110,ampD,20.53617
b0111,ampE,32.12199
b0112,aroP,49.69013
b0113,pdhR,29.42547
b0114,aceE,99.66849
b0115,aceF,66.09607
b0116,lpd,50.68849
b0117,yacH,69.36197
b0118,acnB,93.49811
b0119,yacL,13.94155
b0120,speD,30.38464
b0121,speE,32.32139
b0122,yacC,12.85373
b0123,cueO,56.55615
b0124,gcd,86.74735
b0125,hpt,20.11524
b0126,can,25.09677
b0127,yadG,34.64707
b0128,yadH,28.51617
b0129,yadI,16.54006
b0130,yadE,46.3151
b0131,panD,13.83373
b0132,yadD,34.60677
b0133,panC,31.59767
b0134,panB,28.23744
b0135,yadC,44.89921
b0136,yadK,21.11201
b0137,yadL,21.04695
b0138,yadM,20.307
b0139,htrE,95.49947
b0140,yadV,27.05386
b0141,yadN,20.11761
b0142,folK,18.07879
b0143,pcnB,53.87091
b0144,gluQ,34.86758
b0145,dksA,17.52775
b0146,sfsA,26.22879
b0147,ligT,19.93393
b0148,hrpB,89.14779
b0149,mrcB,94.29255
b0150,fhuA,82.18228
b0151,fhuC,28.88643
b0152,fhuD,32.99833
b0153,fhuB,70.423
b0154,hemL,45.3661
b0155,clcA,50.34872
b0156,erpA,12.10048
b0157,yadS,22.12767
b0158,btuF,29.36684
b0159,mtn,24.35397
b0160,dgt,59.38294
b0161,degP,49.35423
b0162,cdaR,43.68732
b0163,yaeH,15.09617
b0164,yaeI,29.8634
b0166,dapD,29.8921
b0167,glnD,102.39014
b0168,map,29.3308
b0169,rpsB,26.74364
b0170,tsf,30.42298
b0171,pyrH,25.97026
b0172,frr,20.63857
b0173,dxr,43.38798
b0174,ispU,28.44414
b0175,cdsA,31.45378
b0176,rseP,49.07132
b0177,bamA,90.55277
b0178,skp,17.68823
b0179,lpxD,36.03848
b0180,fabZ,17.03295
b0181,lpxA,28.08
b0182,lpxB,42.38245
b0183,rnhB,21.526
b0184,dnaE,129.90457
b0185,accA,35.24154
b0186,ldcC,80.5903
b0187,yaeR,14.7367
b0188,tilS,48.20418
b0189,rof,9.47964
b0190,yaeQ,20.87667
b0191,arfB,15.62307
b0192,nlpE,25.84429
b0193,yaeF,29.91235
b0194,proS,63.6926
b0195,tsaA,26.36234
b0196,rcsF,14.16347
b0197,metQ,29.43165
b0198,metI,23.25608
b0199,metN,37.78837
b0200,gmhB,21.29424
b0201,rrsH,499.83762
b0202,ileV,25.05992
b0203,alaV,24.68067
b0204,rrlH,941.81603
b0205,rrfH,38.99432
b0206,aspU,25.01983
b0207,dkgB,29.43679
b0208,yafC,33.77582
b0209,yafD,29.99168
b0210,yafE,22.9911
b0211,mltD,49.41747
b0212,gloB,28.43438
b0213,yafS,27.24416
b0214,rnhA,17.59699
b0215,dnaQ,27.09893
b0216,aspV,25.01983
b0217,yafT,29.60567
b0218,yafU,12.89616
b0219,yafV,28.92488
b0220,ivy,16.87229
b0221,fadE,89.22444
b0222,gmhA,20.81475
b0223,yafJ,28.63561
b0224,yafK,28.02121
b0225,yafQ,10.84662
b0226,dinJ,9.4058
b0227,yafL,28.7848
b0228,rayT,20.04184
b0229,lfhA,62.136
b0230,lafU,27.8529
b0231,dinB,39.51592
b0232,yafN,11.23376
b0233,yafO,15.48784
b0234,yafP,17.55514
b0235,ykfJ,7.62079
b0236,prfH,18.80199
b0237,pepD,52.91541
b0238,gpt,16.97059
b0239,frsA,47.00877
b0240,crl,15.65499
b0241,phoE,38.922
b0242,proB,39.05652
b0243,proA,44.63005
b0244,thrW,24.64466
b0245,ykfI,12.90501
b0246,yafW,11.93959
b0247,ykfG,18.09878
b0248,yafX,17.41953
b0249,ykfF,9.01404
b0250,ykfB,17.02573
b0251,yafY,16.81499
b0252,yafZ,31.05132
b0253,ykfA,31.89175
b0254,perR,33.6388
b0256,insI1,44.28092
b0258,ykfC,42.38631
b0259,insH1,37.85139
b0260,mmuP,50.52581
b0261,mmuM,33.42283
b0262,afuC,39.05875
b0263,afuB,12.53573
b0264,insB2,19.75785
b0265,insA2,9.90238
b0266,yagB,11.57014
b0267,yagA,43.76863
b0268,yagE,32.5304
b0269,yagF,69.39922
b0270,yagG,50.63183
b0271,yagH,60.82503
b0272,yagI,27.83794
b0273,argF,36.82714
b0274,insB3,19.75785
b0275,insA3,9.90238
b0276,yagJ,31.57839
b0277,yagK,24.47088
b0278,yagL,27.27378
b0279,yagM,32.67852
b0280,yagN,15.81503
b0281,intF,53.07411
b0283,paoD,34.95403
b0284,paoC,78.08835
b0285,paoB,33.85786
b0286,paoA,24.34265
b0287,yagU,22.9668
b0288,ykgJ,11.7985
b0289,ecpE,26.6283
b0290,ecpD,59.9971
b0291,ecpC,91.2285
b0292,ecpB,24.51699
b0293,ecpA,20.11147
b0294,ecpR,23.27375
b0295,ykgL,8.76689
b0296,ykgM,9.9202
b0297,eaeH,32.70466
b0298,insE1,11.54315
b0299,insF1,33.5404
b0300,ykgA,27.16228
b0301,rclC,21.89947
b0303,rclB,8.47179
b0304,rclA,48.2442
b0305,rclR,31.47436
b0306,ykgE,26.00429
b0307,ykgF,53.0519
b0308,ykgG,25.21271
b0310,ykgH,25.58885
b0311,betA,61.87759
b0312,betB,52.91113
b0313,betI,21.81501
b0314,betT,75.84219
b0315,yahA,40.7249
b0316,yahB,34.86602
b0317,yahC,17.31107
b0318,yahD,21.68707
b0319,yahE,32.26573
b0320,yahF,55.58071
b0321,yahG,50.37392
b0323,yahI,33.93086
b0324,yahJ,50.54875
b0325,yahK,37.97838
b0326,yahL,31.79271
b0327,yahM,8.89047
b0328,yahN,24.81134
b0329,yahO,9.89539
b0330,prpR,58.64943
b0331,prpB,32.13466
b0333,prpC,43.10218
b0334,prpD,53.95175
b0335,prpE,69.35093
b0336,codB,43.6496
b0337,codA,47.59098
b0338,cynR,32.9609
b0339,cynT,23.76426
b0340,cynS,17.04884
b0341,cynX,41.3607
b0342,lacA,22.79901
b0343,lacY,46.50326
b0344,lacZ,116.48286
b0345,lacI,38.59016
b0346,mhpR,31.32208
b0347,mhpA,62.18569
b0348,mhpB,34.19605
b0349,mhpC,31.93747
b0350,mhpD,28.88988
b0351,mhpF,33.44247
b0352,mhpE,36.47043
b0353,mhpT,41.55075
b0354,yaiL,19.92276
b0355,frmB,31.42448
b0356,frmA,39.35899
b0357,frmR,10.31772
b0358,yaiO,29.04036
b0360,insC1,13.45163
b0361,insD1,34.3981
b0363,yaiP,44.70849
b0364,yaiS,20.48654
b0365,tauA,34.26612
b0366,tauB,28.29675
b0367,tauC,29.81193
b0368,tauD,32.40952
b0369,hemB,35.62479
b0372,insF2,33.5404
b0373,insE2,11.54315
b0375,yaiV,23.95564
b0376,ampH,41.84903
b0377,sbmA,46.45939
b0378,yaiW,40.41434
b0379,yaiY,11.4245
b0380,yaiZ,8.09747
b0381,ddlA,39.31581
b0382,iraP,9.93748
b0383,phoA,49.43859
b0384,psiF,11.68653
b0385,yaiC,41.5375
b0386,proC,28.14488
b0387,yaiI,16.96946
b0388,aroL,19.15083
b0389,yaiA,7.2812
b0390,aroM,24.91691
b0391,yaiE,10.2344
b0392,ykiA,12.94371
b0393,rdgC,33.99333
b0394,mak,32.49975
b0396,araJ,41.92634
b0397,sbcC,118.72112
b0398,sbcD,44.71352
b0399,phoB,26.43337
b0400,phoR,49.6294
b0401,brnQ,46.20874
b0402,proY,50.21574
b0403,malZ,69.041
b0404,acpH,22.9611
b0405,queA,39.43084
b0406,tgt,42.59366
b0407,yajC,11.88714
b0408,secD,66.63215
b0409,secF,35.38238
b0410,yajD,13.36399
b0411,tsx,33.58902
b0412,yajI,19.56029
b0413,nrdR,17.22889
b0414,ribD,40.33831
b0415,ribE,16.15651
b0416,nusB,15.68906
b0417,thiL,35.07085
b0418,pgpA,19.41811
b0419,yajO,36.42017
b0420,dxs,67.61694
b0421,ispA,32.15963
b0422,xseB,8.95193
b0423,thiI,54.9731
b0424,yajL,20.77709
b0425,panE,33.87076
b0426,yajQ,18.34386
b0427,yajR,48.80995
b0428,cyoE,32.2485
b0429,cyoD,12.02945
b0430,cyoC,22.62262
b0431,cyoB,74.36791
b0432,cyoA,34.9113
b0433,ampG,53.2452
b0434,yajG,20.95003
b0435,bolA,11.99368
b0436,tig,48.19267
b0437,clpP,23.18665
b0438,clpX,46.35601
b0439,lon,87.43812
b0440,hupB,9.22558
b0441,ppiD,68.14986
b0442,ybaV,12.70365
b0443,fadM,15.08831
b0444,queC,25.51417
b0445,ybaE,64.99155
b0446,cof,30.37091
b0447,ybaO,17.43737
b0448,mdlA,66.01728
b0449,mdlB,65.22249
b0450,glnK,12.25922
b0451,amtB,44.51469
b0452,tesB,31.96633
b0453,ybaY,19.4312
b0454,ybaZ,14.44954
b0455,ffs,37.01208
b0456,ybaA,13.31824
b0457,ylaB,58.72039
b0458,ylaC,18.26719
b0459,maa,20.09599
b0460,hha,8.628
b0461,tomB,14.55739
b0462,acrB,113.57365
b0463,acrA,42.19671
b0464,acrR,24.76665
b0465,mscK,127.21528
b0466,ybaM,6.02488
b0467,priC,20.37536
b0468,ybaN,14.77015
b0469,apt,19.85888
b0470,dnaX,71.13774
b0471,ybaB,12.01482
b0472,recR,21.963
b0473,htpG,71.42253
b0474,adk,23.58602
b0475,hemH,35.88437
b0476,aes,36.03407
b0477,gsk,48.44878
b0478,ybaL,59.42353
b0479,fsr,43.30552
b0480,ushA,60.82397
b0481,ybaK,17.09293
b0482,ybaP,29.90248
b0483,ybaQ,13.1711
b0484,copA,87.87314
b0485,glsA,32.90332
b0486,ybaT,45.65863
b0487,cueR,15.23516
b0488,ybbJ,16.93882
b0489,qmcA,33.74309
b0490,fetA,25.38201
b0491,fetB,28.16479
b0492,ybbN,31.79106
b0493,ybbO,29.41015
b0494,tesA,23.62216
b0495,ybbA,24.53294
b0496,ybbP,89.33216
b0497,rhsD,159.72457
b0498,ybbC,14.15243
b0499,rhsH,26.82893
b0501,ybbD,18.47536
b0502,ylbG,15.86916
b0503,mnmH,41.11079
b0504,allS,34.51168
b0505,allA,18.16955
b0506,allR,29.26967
b0507,gcl,64.73174
b0508,hyi,29.37743
b0509,glxR,30.80058
b0511,ybbW,52.45608
b0512,allB,49.6016
b0513,ybbY,47.23937
b0514,glxK,38.73448
b0515,allE,28.73043
b0516,allC,45.69399
b0517,allD,37.96712
b0518,fdrA,58.59605
b0520,ylbF,29.5971
b0521,ybcF,31.64413
b0522,purK,39.46112
b0523,purE,17.78032
b0524,lpxH,26.89418
b0525,ppiB,18.15347
b0526,cysS,52.20209
b0527,ybcI,19.53045
b0528,ybcJ,7.38954
b0529,folD,31.04375
b0530,sfmA,18.4745
b0531,sfmC,25.45766
b0532,sfmD,95.677
b0533,sfmH,35.69573
b0534,sfmF,18.22264
b0535,sfmZ,23.66353
b0536,argU,24.99388
b0537,intD,45.09015
b0539,exoD,11.11573
b0540,insE3,11.54315
b0541,insF3,33.5404
b0542,renD,11.16097
b0543,emrE,11.95837
b0544,ybcK,57.52687
b0545,ybcL,19.47597
b0546,ybcM,30.84072
b0547,ybcN,17.43301
b0548,ninE,6.49374
b0549,ybcO,10.348
b0550,rusA,13.84591
b0551,quuD,14.17649
b0552,insH2,37.85139
b0553,nmpC,40.30238
b0554,essD,7.77806
b0555,rrrD,17.97181
b0556,rzpD,17.22568
b0557,borD,10.44728
b0558,ybcV,16.41374
b0559,ybcW,7.62373
b0560,nohD,20.42809
b0561,tfaD,16.36719
b0562,ybcY,24.01333
b0563,tfaX,6.89977
b0564,appY,28.7635
b0565,ompT,35.56231
b0566,envY,29.01887
b0567,ybcH,33.05679
b0568,nfrA,111.3082
b0569,nfrB,85.3194
b0570,cusS,53.73805
b0571,cusR,25.39453
b0572,cusC,50.26959
b0573,cusF,12.25116
b0574,cusB,44.3049
b0575,cusA,114.70715
b0576,pheP,50.6773
b0577,ybdG,46.60265
b0578,nfsB,23.90519
b0579,ybdF,14.05032
b0580,ybdJ,9.40351
b0581,ybdK,41.68835
b0582,insL2,40.90881
b0583,entD,23.25857
b0584,fepA,82.1069
b0585,fes,45.65194
b0586,entF,141.99095
b0587,fepE,42.09953
b0588,fepC,29.78411
b0589,fepG,34.91018
b0590,fepD,33.87133
b0591,entS,43.28195
b0592,fepB,34.28307
b0593,entC,42.93165
b0594,entE,59.11215
b0595,entB,32.55434
b0596,entA,26.24966
b0597,entH,14.9701
b0598,cstA,75.10524
b0599,ybdH,39.09164
b0600,ybdL,42.96294
b0601,ybdM,23.94336
b0602,ybdN,47.82672
b0603,ybdO,34.39679
b0604,dsbG,27.49499
b0605,ahpC,20.76144
b0606,ahpF,56.17711
b0607,uspG,15.93518
b0608,ybdR,44.17559
b0610,rnk,14.92706
b0611,rna,29.61759
b0612,citT,53.09256
b0613,citG,31.64444
b0614,citX,20.27036
b0615,citF,55.17272
b0616,citE,33.10966
b0617,citD,10.68928
b0618,citC,40.07721
b0619,citA,61.68409
b0620,citB,25.45334
b0621,dcuC,48.41221
b0622,pagP,21.76958
b0623,cspE,7.46345
b0624,flc,13.77731
b0627,tatE,7.02429
b0628,lipA,36.07171
b0629,ybeF,35.96038
b0630,lipB,23.88253
b0631,ybeD,9.82735
b0632,dacA,44.44396
b0633,rlpA,37.52799
b0634,mrdB,40.47598
b0635,mrdA,70.85661
b0636,rlmH,17.34111
b0637,rsfS,11.58223
b0638,cobC,23.30847
b0639,nadD,24.52795
b0640,holA,38.70369
b0641,lptE,21.35653
b0642,leuS,97.23376
b0643,ybeL,18.7972
b0644,ybeQ,37.03095
b0645,ybeR,27.73612
b0646,djlB,55.25633
b0647,ybeT,20.91485
b0648,ybeU,27.02243
b0649,djlC,55.68215
b0650,hscC,61.9863
b0651,rihA,33.82292
b0652,gltL,26.6611
b0653,gltK,24.91473
b0654,gltJ,27.50268
b0655,gltI,33.42016
b0656,insH4,37.85139
b0657,lnt,57.06582
b0658,ybeX,33.29849
b0659,ybeY,17.52566
b0660,ybeZ,39.0387
b0661,miaB,53.66296
b0662,ubiF,42.95349
b0664,glnX,24.26442
b0665,glnV,24.26442
b0666,metU,24.93285
b0668,glnW,24.26541
b0670,glnU,24.26541
b0672,leuW,27.64548
b0673,metT,24.93285
b0674,asnB,62.65901
b0675,umpH,27.1631
b0676,nagC,44.54125
b0677,nagA,40.9491
b0678,nagB,29.7742
b0679,nagE,68.34689
b0680,glnS,63.47789
b0681,chiP,52.78032
b0682,chiQ,11.99865
b0683,fur,16.79485
b0684,fldA,19.73694
b0685,ybfE,11.27998
b0686,ybfF,28.43726
b0687,seqA,20.31545
b0688,pgm,58.36095
b0689,ybfP,18.28194
b0691,ybfG,24.49256
b0692,potE,46.49486
b0693,speF,82.4158
b0694,kdpE,25.36215
b0695,kdpD,98.7184
b0696,kdpC,20.26716
b0697,kdpB,72.19918
b0698,kdpA,59.18907
b0699,ybfA,8.27462
b0700,rhsC,157.77635
b0702,ybfB,12.55737
b0703,rhsO,58.30335
b0704,ybfC,21.96142
b0705,ybfL,43.03254
b0706,ybfD,28.865
b0707,ybgA,20.21118
b0708,phr,53.66691
b0709,dtpD,54.15896
b0710,ybgI,26.89248
b0711,ybgJ,23.9466
b0712,ybgK,34.38635
b0713,ybgL,25.80035
b0714,nei,29.84513
b0715,abrB,36.88369
b0716,ybgO,39.53863
b0717,ybgP,26.95408
b0718,ybgQ,90.12788
b0719,ybgD,19.83811
b0720,gltA,48.01499
b0721,sdhC,14.29915
b0722,sdhD,12.86754
b0723,sdhA,64.42184
b0724,sdhB,26.76986
b0726,sucA,105.06172
b0727,sucB,44.01139
b0728,sucC,41.39265
b0729,sucD,29.77748
b0730,mngR,28.27332
b0731,mngA,69.6679
b0732,mngB,100.01497
b0733,cydA,58.20508
b0734,cydB,42.45312
b0735,ybgE,10.93237
b0736,ybgC,15.562
b0737,tolQ,25.59772
b0738,tolR,15.38294
b0739,tolA,43.15663
b0740,tolB,45.95554
b0741,pal,18.82419
b0742,ybgF,28.2314
b0743,lysT,24.58258
b0744,valT,24.68771
b0745,lysW,24.58258
b0746,valZ,24.68771
b0747,lysY,24.58258
b0748,lysZ,24.58258
b0749,lysQ,24.58258
b0750,nadA,38.2408
b0751,pnuC,26.99625
b0752,zitB,34.67842
b0753,ybgS,12.87197
b0754,aroG,38.00952
b0755,gpmA,28.5564
b0756,galM,38.19046
b0757,galK,41.4421
b0758,galT,39.64568
b0759,galE,37.26511
b0760,modF,54.53591
b0761,modE,28.28122
b0762,acrZ,5.30045
b0763,modA,27.36423
b0764,modB,24.93882
b0765,modC,39.10243
b0766,ybhA,30.20131
b0767,pgl,36.30764
b0768,ybhD,36.05804
b0769,ybhH,37.0595
b0770,ybhI,51.35071
b0771,ybhJ,81.50453
b0772,ybhC,46.0822
b0773,ybhB,17.08512
b0774,bioA,47.33559
b0775,bioB,38.64809
b0776,bioF,41.59426
b0777,bioC,28.2762
b0778,bioD,24.13959
b0779,uvrB,76.22606
b0780,ybhK,32.78792
b0781,moaA,37.34643
b0782,moaB,18.66509
b0783,moaC,17.46724
b0784,moaD,8.75794
b0785,moaE,16.98106
b0786,ybhL,25.90187
b0787,ybhM,26.1233
b0788,ybhN,35.86039
b0789,clsB,47.63351
b0790,ybhP,28.78982
b0791,ybhQ,15.46469
b0792,ybhR,41.56585
b0793,ybhS,42.05983
b0794,ybhF,63.13249
b0795,ybhG,36.4159
b0796,ybiH,25.01669
b0797,rhlE,49.98932
b0798,ybiA,18.66929
b0799,dinG,81.44026
b0800,ybiB,35.04854
b0801,ybiC,38.89714
b0802,ybiJ,8.56774
b0803,ybiI,9.7558
b0804,ybiX,25.52876
b0805,fiu,81.96005
b0806,mcbA,8.89613
b0807,rlmF,34.22592
b0808,ybiO,81.90379
b0809,glnQ,26.73099
b0810,glnP,24.36431
b0811,glnH,27.19012
b0812,dps,18.69531
b0813,rhtA,31.16848
b0814,ompX,18.60262
b0815,opgE,59.70623
b0817,mntR,17.64025
b0818,ybiR,41.16871
b0819,ldtB,33.32528
b0820,ybiT,59.858
b0821,ybiU,47.32944
b0822,ybiV,30.41283
b0823,ybiW,90.12534
b0824,ybiY,33.03814
b0825,fsaA,22.99682
b0826,moeB,26.71883
b0827,moeA,44.06727
b0828,iaaA,33.39398
b0829,gsiA,69.114
b0830,gsiB,56.47023
b0831,gsiC,34.06643
b0832,gsiD,33.23827
b0833,yliE,90.04869
b0834,yliF,49.87299
b0835,rimO,49.58179
b0836,bssR,14.53572
b0837,yliI,41.05448
b0838,gstB,23.71318
b0839,dacC,43.60891
b0840,deoR,28.54798
b0841,ybjG,22.39865
b0842,mdfA,44.32093
b0843,ybjH,9.97064
b0844,ybjI,30.19621
b0845,ybjJ,41.85248
b0846,rcdA,20.30738
b0847,ybjL,60.35108
b0848,ybjM,14.20322
b0849,grxA,9.68485
b0850,ybjC,10.5207
b0851,nfsA,26.80069
b0852,rimK,32.43649
b0853,ybjN,17.6661
b0854,potF,40.83968
b0855,potG,41.93069
b0856,potH,35.48954
b0857,potI,30.54058
b0858,ybjO,18.51804
b0859,rlmC,41.95577
b0860,artJ,26.82948
b0861,artM,24.91377
b0862,artQ,26.21713
b0863,artI,26.92956
b0864,artP,27.02205
b0865,ybjP,18.99131
b0866,ybjQ,11.43696
b0867,amiD,31.07245
b0868,ybjS,38.08568
b0869,ybjT,53.70708
b0870,ltaE,36.49471
b0871,poxB,62.01138
b0872,hcr,35.73992
b0873,hcp,60.06384
b0874,ybjE,32.34006
b0875,aqpZ,23.7028
b0876,ybjD,63.58919
b0877,ybjX,38.35755
b0878,macA,40.62393
b0879,macB,70.70249
b0880,cspD,7.96897
b0881,clpS,12.17906
b0882,clpA,84.20693
b0883,serW,28.66412
b0884,infA,8.24958
b0885,aat,26.6185
b0886,cydC,62.92017
b0887,cydD,65.05619
b0888,trxB,34.62303
b0889,lrp,18.88678
b0890,ftsK,146.66273
b0891,lolA,22.49705
b0892,rarA,49.6261
b0893,serS,48.41402
b0894,dmsA,90.39861
b0895,dmsB,22.86894
b0896,dmsC,30.82622
b0897,ycaC,23.10031
b0898,ycaD,41.43155
b0899,ycaM,52.49649
b0900,ycaN,34.29439
b0901,ycaK,23.03615
b0902,pflA,28.20429
b0903,pflB,85.35721
b0904,focA,30.99073
b0905,ycaO,65.65158
b0906,ycaP,26.282
b0907,serC,39.78331
b0908,aroA,46.09578
b0909,ycaL,26.74009
b0910,cmk,24.74634
b0911,rpsA,61.15807
b0912,ihfB,10.65114
b0913,ycaI,84.47403
b0914,msbA,64.46071
b0915,lpxK,35.58929
b0916,ycaQ,47.65587
b0917,ycaR,6.85498
b0918,kdsB,27.61444
b0919,ycbJ,34.48765
b0920,elyC,28.66635
b0921,smtA,29.81425
b0922,mukF,50.57891
b0923,mukE,26.9745
b0924,mukB,170.23018
b0925,ldtD,67.81249
b0926,ycbK,20.35438
b0927,ycbL,23.78405
b0928,aspC,43.57336
b0929,ompF,39.33331
b0930,asnS,52.57044
b0931,pncB,45.89728
b0932,pepN,98.91894
b0933,ssuB,27.73811
b0934,ssuC,28.92546
b0935,ssuD,41.73627
b0936,ssuA,34.55775
b0937,ssuE,21.25333
b0938,elfA,18.67988
b0939,elfD,25.38853
b0940,elfC,95.24196
b0941,elfG,37.85072
b0942,ycbU,18.91355
b0943,ycbV,18.51198
b0944,ycbF,25.85287
b0945,pyrD,36.77452
b0946,zapC,20.58876
b0947,ycbX,40.64441
b0948,rlmL,78.8541
b0949,uup,72.06688
b0950,pqiA,46.46349
b0951,pqiB,60.52047
b0952,pqiC,20.63441
b0953,rmf,6.50748
b0954,fabA,18.96905
b0955,ycbZ,65.81866
b0956,matP,17.69337
b0957,ompA,37.20076
b0958,sulA,18.80138
b0959,sxy,24.14702
b0960,yccS,81.66757
b0961,yccF,16.27536
b0962,helD,77.9762
b0963,mgsA,16.91858
b0964,yccT,24.59414
b0965,yccU,14.70112
b0966,hspQ,11.7792
b0967,rlmI,44.35692
b0968,yccX,10.29976
b0969,tusE,12.41035
b0970,yccA,23.36281
b0971,serT,28.64812
b0972,hyaA,40.68136
b0973,hyaB,66.25337
b0974,hyaC,27.59731
b0975,hyaD,21.54642
b0976,hyaE,14.88979
b0977,hyaF,31.43071
b0978,cbdA,57.91985
b0979,cbdB,42.42385
b0980,appA,47.05683
b0981,etk,81.24168
b0982,etp,16.38595
b0983,gfcE,41.74076
b0984,gfcD,78.68716
b0985,gfcC,27.29613
b0986,gfcB,24.26758
b0987,gfcA,9.5075
b0988,insB4,19.6998
b0989,cspH,7.72002
b0990,cspG,7.78073
b0991,ymcE,8.72717
b0992,yccM,40.097
b0993,torS,101.02433
b0994,torT,37.86468
b0995,torR,26.23319
b0996,torC,43.60654
b0997,torA,94.45594
b0998,torD,22.57373
b0999,cbpM,11.51224
b1000,cbpA,34.45501
b1001,yccE,48.35537
b1002,agp,45.68291
b1003,yccJ,8.52449
b1004,wrbA,20.84556
b1006,rutG,45.55738
b1007,rutF,17.74927
b1008,rutE,21.57038
b1009,rutD,28.89811
b1010,rutC,13.76286
b1011,rutB,25.20867
b1012,rutA,42.21891
b1013,rutR,23.68763
b1014,putA,143.81516
b1015,putP,54.34417
b1018,efeO,41.13763
b1019,efeB,46.7542
b1020,phoH,39.26487
b1021,pgaD,16.08175
b1022,pgaC,50.76581
b1023,pgaB,77.41279
b1024,pgaA,92.20719
b1025,ycdT,51.78253
b1026,insF4,33.5404
b1027,insE4,11.54315
b1028,ymdE,12.77271
b1029,ycdU,38.66849
b1032,serX,28.66412
b1033,ghrA,35.34342
b1034,ycdX,26.89051
b1035,ycdY,20.72435
b1036,ycdZ,17.07442
b1037,csgG,30.55714
b1038,csgF,15.05579
b1039,csgE,14.87881
b1040,csgD,24.93547
b1041,csgB,15.88186
b1042,csgA,15.04915
b1043,csgC,11.96665
b1044,ymdA,11.194
b1045,ymdB,18.88038
b1046,clsC,53.66593
b1047,opgC,44.69039
b1048,opgG,57.91248
b1049,opgH,96.93739
b1050,yceK,8.4428
b1051,msyB,14.2592
b1053,mdtG,43.86728
b1054,lpxL,35.40682
b1055,yceA,39.78131
b1056,yceI,20.91247
b1057,yceJ,20.7364
b1058,yceO,5.89721
b1059,solA,40.902
b1060,bssS,9.66377
b1061,dinI,8.94898
b1062,pyrC,38.82738
b1063,yceB,20.49974
b1064,grxB,24.35021
b1065,mdtH,44.36319
b1066,rimJ,22.68784
b1067,yceH,24.17733
b1068,yceM,33.68152
b1069,murJ,55.26747
b1070,flgN,15.86691
b1071,flgM,10.34059
b1072,flgA,23.51907
b1073,flgB,15.24017
b1074,flgC,13.96793
b1075,flgD,23.57501
b1076,flgE,42.04519
b1077,flgF,25.91214
b1078,flgG,27.74389
b1079,flgH,24.61548
b1080,flgI,38.16945
b1081,flgJ,34.47516
b1082,flgK,57.92987
b1083,flgL,34.28105
b1084,rne,118.19673
b1085,yceQ,12.09997
b1086,rluC,36.02657
b1087,yceF,21.6908
b1088,yceD,19.31491
b1089,rpmF,6.44638
b1090,plsX,38.21443
b1091,fabH,33.51512
b1092,fabD,32.4172
b1093,fabG,25.56029
b1094,acpP,8.63952
b1095,fabF,43.04576
b1096,pabC,29.71506
b1097,yceG,38.24741
b1098,tmk,23.78314
b1099,holB,36.93656
b1100,ycfH,29.80878
b1101,ptsG,50.67655
b1102,fhuE,81.23265
b1103,hinT,13.24128
b1104,ycfL,13.9811
b1105,lpoB,22.51564
b1106,thiK,32.39731
b1107,nagZ,37.59473
b1108,ycfP,21.22618
b1109,ndh,47.35867
b1110,ycfJ,18.92043
b1111,ycfQ,23.36171
b1112,bhsA,8.81504
b1113,ldtC,34.63593
b1114,mfd,129.98273
b1115,ycfT,40.83365
b1116,lolC,43.26376
b1117,lolD,25.43827
b1118,lolE,45.34421
b1119,nagK,33.04267
b1120,cobB,26.71638
b1121,ycfZ,28.86486
b1122,ymfA,17.41597
b1123,potD,38.86708
b1124,potC,29.11094
b1125,potB,31.06198
b1126,potA,43.02821
b1127,pepT,44.92343
b1128,roxA,42.57892
b1129,phoQ,55.29963
b1130,phoP,25.53522
b1131,purB,51.54281
b1132,hflD,22.94755
b1133,mnmA,40.95943
b1134,nudJ,17.43291
b1135,rluE,24.88035
b1136,icd,45.75671
b1137,ymfD,25.14691
b1138,ymfE,27.57864
b1139,lit,33.76239
b1140,intE,42.79902
b1141,xisE,9.2868
b1143,ymfI,12.88274
b1144,ymfJ,11.45842
b1145,cohE,25.09465
b1146,croE,7.40249
b1147,ymfL,20.21174
b1148,ymfM,12.15576
b1150,ymfR,6.38075
b1151,beeE,15.21765
b1152,jayE,27.62091
b1153,ymfQ,21.64352
b1154,stfP,22.01973
b1155,tfaP,15.43446
b1156,tfaE,21.66198
b1157,stfE,17.78878
b1158,pinE,20.57282
b1159,mcrA,31.38982
b1160,iraM,12.13348
b1161,ycgX,15.76913
b1162,bluR,28.26452
b1163,bluF,45.29506
b1164,ycgZ,8.76898
b1165,ymgA,10.34488
b1166,ariR,9.69402
b1167,ymgC,9.70121
b1168,ycgG,56.90595
b1171,ymgD,11.85182
b1172,ymgG,10.8068
b1174,minE,10.23491
b1175,minD,29.61403
b1176,minC,24.77552
b1177,ycgJ,13.41437
b1178,pliG,14.90582
b1179,ycgL,11.24703
b1180,ycgM,23.71112
b1181,ycgN,17.91037
b1182,hlyE,33.75852
b1183,umuD,15.06339
b1184,umuC,47.6797
b1185,dsbB,20.14219
b1186,nhaB,56.72841
b1187,fadR,26.96861
b1188,ycgB,60.81386
b1189,dadA,47.60729
b1190,dadX,38.84462
b1191,cvrA,62.28538
b1192,ldcA,33.56747
b1193,emtA,22.22655
b1194,ycgR,27.85717
b1195,ymgE,8.77471
b1196,ycgY,16.69485
b1197,treA,63.63672
b1198,dhaM,51.44862
b1199,dhaL,22.63175
b1200,dhaK,38.21521
b1201,dhaR,70.56184
b1202,ycgV,99.68477
b1203,ychF,39.66732
b1204,pth,21.0823
b1205,ychH,10.48628
b1206,dauA,59.42905
b1207,prs,34.21827
b1208,ispE,30.92537
b1209,lolB,23.55077
b1210,hemA,46.30682
b1211,prfA,40.5173
b1212,prmC,30.975
b1213,ychQ,14.6388
b1214,ychA,30.84137
b1215,kdsA,30.83269
b1216,chaA,39.16846
b1217,chaB,8.94483
b1218,chaC,25.51228
b1219,ychN,12.69275
b1220,ychO,52.09981
b1221,narL,23.92679
b1222,narX,67.08392
b1223,narK,49.69344
b1224,narG,140.48939
b1225,narH,58.06641
b1226,narJ,26.44886
b1227,narI,25.49736
b1229,tpr,3.44684
b1230,tyrV,27.4924
b1231,tyrT,27.4924
b1232,purU,31.93472
b1233,ychJ,16.99039
b1234,rssA,33.06707
b1235,rssB,37.30222
b1236,galU,32.94226
b1237,hns,15.53963
b1238,tdk,23.45658
b1241,adhE,96.12724
b1242,ychE,23.52121
b1243,oppA,60.89893
b1244,oppB,33.4432
b1245,oppC,33.02192
b1246,oppD,37.18843
b1247,oppF,37.19755
b1248,yciU,12.68702
b1249,clsA,54.82233
b1250,kch,46.0626
b1251,yciI,10.60204
b1252,tonB,26.09426
b1253,yciA,14.23055
b1254,yciB,20.79018
b1255,yciC,26.41882
b1256,ompW,22.92783
b1257,yciE,18.96145
b1258,yciF,18.59716
b1259,yciG,6.00234
b1260,trpA,28.72416
b1261,trpB,42.98301
b1262,trpC,49.49233
b1263,trpD,56.86994
b1264,trpE,57.49446
b1265,trpL,1.72311
b1266,yciV,32.57997
b1267,yciO,23.21176
b1268,yciQ,71.28908
b1269,rluB,32.71139
b1270,btuR,21.99889
b1271,yciK,27.93291
b1272,sohB,39.36644
b1273,yciN,9.38564
b1274,topA,97.34976
b1275,cysB,36.15047
b1276,acnA,97.67722
b1277,ribA,21.83598
b1278,pgpB,29.02126
b1279,yciS,11.35149
b1280,yciM,44.53098
b1281,pyrF,26.35024
b1282,yciH,11.39623
b1283,osmB,6.94806
b1284,yciT,27.60261
b1285,gmr,74.66503
b1286,rnb,72.49078
b1287,yciW,42.21991
b1288,fabI,27.86394
b1289,ycjD,13.98883
b1290,sapF,30.57052
b1291,sapD,37.66069
b1292,sapC,31.54813
b1293,sapB,36.03804
b1294,sapA,61.5649
b1295,ymjA,9.32132
b1296,puuP,50.85305
b1297,puuA,53.17716
b1298,puuD,28.01303
b1299,puuR,20.09158
b1300,puuC,53.41863
b1301,puuB,47.16954
b1302,puuE,44.72907
b1303,pspF,36.98648
b1304,pspA,25.49294
b1305,pspB,8.7631
b1306,pspC,13.51685
b1307,pspD,8.04173
b1308,pspE,11.47531
b1309,ycjM,64.18581
b1310,ycjN,46.80841
b1311,ycjO,33.22546
b1312,ycjP,31.25034
b1313,ycjQ,38.21652
b1314,ycjR,29.83182
b1315,ycjS,38.65211
b1316,ycjT,84.86745
b1317,ycjU,23.56493
b1319,ompG,34.91325
b1320,ycjW,36.13419
b1321,ycjX,52.60949
b1322,ycjF,39.3922
b1323,tyrR,57.65614
b1324,tpx,17.83532
b1325,ycjG,34.67401
b1326,mpaA,26.558
b1327,ycjY,33.65853
b1328,pgrR,33.48178
b1329,mppA,59.90021
b1330,ynaI,38.75451
b1331,insH6,37.85139
b1332,ynaJ,9.33925
b1333,uspE,35.70688
b1334,fnr,27.96721
b1335,ogt,19.17908
b1336,abgT,54.88586
b1337,abgB,52.19362
b1338,abgA,46.58822
b1339,abgR,34.05812
b1340,smrA,21.5125
b1341,ydaM,46.45221
b1342,ydaN,36.61214
b1343,dbpA,49.18777
b1344,ttcA,35.56091
b1345,intR,47.53902
b1346,ydaQ,8.45579
b1347,ydaC,7.86308
b1348,ralR,7.01889
b1349,recT,29.72104
b1350,recE,96.36827
b1351,racC,10.01567
b1352,kilR,8.43381
b1353,sieB,19.24379
b1355,ydaG,5.19393
b1356,racR,17.66313
b1357,ydaS,10.97552
b1358,ydaT,15.74298
b1359,ydaU,32.50905
b1360,ydaV,28.12816
b1361,ydaW,18.39987
b1362,rzpR,16.48577
b1363,trkG,53.94378
b1365,ynaK,9.78731
b1366,ydaY,16.70564
b1368,tmpR,33.96847
b1370,insH25,37.77735
b1372,stfR,113.78021
b1373,tfaR,21.33686
b1374,pinR,21.90842
b1375,ynaE,8.75121
b1376,uspF,16.01653
b1377,ompN,41.21985
b1378,pfo,128.82445
b1379,hslJ,15.16562
b1380,ldhA,36.53479
b1381,ydbH,96.83476
b1382,ynbE,6.84013
b1383,ydbL,11.87779
b1384,feaR,34.62034
b1385,feaB,53.69913
b1386,tynA,84.37866
b1387,paaZ,73.00263
b1388,paaA,35.49927
b1389,paaB,10.94225
b1390,paaC,27.87748
b1391,paaD,18.32408
b1392,paaE,39.31994
b1393,paaF,27.23737
b1394,paaG,28.40461
b1395,paaH,51.73262
b1396,paaI,14.85076
b1397,paaJ,42.27654
b1398,paaK,48.95286
b1399,paaX,35.29473
b1400,paaY,21.32457
b1402,insD4,34.3981
b1403,insC4,13.45163
b1404,insI3,44.28092
b1406,ydbC,30.70598
b1407,ydbD,86.71638
b1408,ynbA,22.52409
b1409,ynbB,33.05388
b1410,ynbC,65.45565
b1411,ynbD,49.56263
b1412,azoR,21.65772
b1413,hrpA,149.02792
b1414,ydcF,29.70571
b1415,aldA,52.27279
b1418,cybB,20.28642
b1419,ydcA,5.85987
b1420,mokB,5.89354
b1421,trg,58.89881
b1422,ydcI,33.40151
b1423,ydcJ,51.04264
b1424,opgD,62.75795
b1426,ydcH,8.87826
b1427,rimL,20.68055
b1428,ydcK,35.84927
b1429,tehA,35.93239
b1430,tehB,22.53073
b1431,ydcL,24.42697
b1432,insQ,43.36375
b1433,ydcO,40.58337
b1434,ydcN,19.7313
b1435,ydcP,72.70182
b1436,yncJ,8.70886
b1438,hicB,15.24663
b1439,ydcR,52.79283
b1440,ydcS,42.29519
b1441,ydcT,37.04059
b1442,ydcU,34.36008
b1443,ydcV,28.7219
b1444,patD,50.83001
b1445,ydcX,6.64608
b1446,ydcY,8.79988
b1447,ydcZ,15.85508
b1448,mnaT,19.24769
b1449,curA,37.60975
b1450,mcbR,25.15139
b1451,yncD,77.26068
b1452,yncE,38.61296
b1453,ansP,54.23309
b1454,yncG,23.32086
b1455,yncH,8.27006
b1456,rhsE,76.66595
b1457,ydcD,18.90678
b1459,yncI,39.66465
b1460,ydcC,43.07856
b1461,pptA,8.67295
b1462,yddH,20.96689
b1463,nhoA,32.27458
b1464,yddE,32.3188
b1465,narV,26.01792
b1466,narW,26.16059
b1467,narY,58.55787
b1468,narZ,140.22665
b1469,narU,49.89015
b1471,yddK,50.61011
b1472,yddL,10.38061
b1473,yddG,31.53946
b1474,fdnG,112.81331
b1475,fdnH,32.23872
b1476,fdnI,25.36849
b1477,yddM,10.40108
b1478,adhP,35.37957
b1479,maeA,63.19733
b1480,sra,5.09582
b1481,bdm,7.98683
b1482,osmC,15.08814
b1483,ddpF,34.62093
b1484,ddpD,36.09982
b1485,ddpC,31.97091
b1486,ddpB,37.34504
b1487,ddpA,57.64122
b1488,ddpX,21.21305
b1489,dosP,90.26038
b1490,dosC,53.1777
b1491,yddW,49.57434
b1492,gadC,55.07667
b1493,gadB,52.66813
b1494,pqqL,104.65647
b1495,yddB,89.28288
b1496,yddA,64.98487
b1497,ydeM,44.51789
b1498,ydeN,62.80226
b1499,ydeO,28.72524
b1500,safA,7.27161
b1501,ydeP,83.49504
b1502,ydeQ,32.06955
b1503,ydeR,18.14447
b1504,ydeS,18.94854
b1505,ydeT,44.51703
b1506,yneL,7.94102
b1507,hipA,49.27582
b1508,hipB,10.01638
b1511,lsrK,57.54484
b1512,lsrR,33.79684
b1513,lsrA,55.8213
b1514,lsrC,36.39477
b1515,lsrD,34.45635
b1516,lsrB,36.68486
b1517,lsrF,31.89274
b1518,lsrG,11.25478
b1519,tam,29.00596
b1520,yneE,34.80895
b1521,uxaB,54.80832
b1522,yneF,34.32231
b1523,yneG,13.54377
b1524,glsB,33.51559
b1525,sad,49.71786
b1526,yneJ,32.483
b1527,yneK,42.84125
b1528,ydeA,42.53821
b1529,marC,23.61723
b1530,marR,16.06501
b1531,marA,15.18417
b1532,marB,7.53655
b1533,eamA,32.32419
b1534,ydeE,42.65895
b1535,dgcZ,33.86349
b1536,ydeI,14.12111
b1537,ydeJ,18.32082
b1538,dcp,77.51575
b1539,ydfG,27.24893
b1540,rspR,26.56514
b1541,ydfZ,7.27635
b1542,ydfI,53.68527
b1544,ydfK,8.77827
b1545,pinQ,21.8523
b1546,tfaQ,21.33784
b1547,stfQ,32.90202
b1548,nohQ,19.9846
b1549,ydfO,16.49694
b1550,gnsB,6.54767
b1551,ynfN,5.63944
b1552,cspI,7.68374
b1553,rzpQ,18.30985
b1554,rrrQ,19.66254
b1555,ydfR,12.09062
b1556,essQ,7.74101
b1557,cspB,7.71672
b1558,cspF,7.56271
b1559,quuQ,27.92625
b1560,ydfU,39.26028
b1561,rem,9.23471
b1562,hokD,5.73689
b1563,relE,11.22522
b1564,relB,9.07148
b1565,ydfV,11.30817
b1566,flxA,12.20772
b1567,intK,7.15516
b1568,ydfX,10.7164
b1569,dicC,8.57774
b1570,dicA,15.65604
b1571,ydfA,5.79236
b1572,ydfB,4.68808
b1573,ydfC,8.35049
b1574,dicF,17.03292
b1575,dicB,6.96427
b1576,ydfD,6.84195
b1577,ydfE,29.08306
b1578,insD5,26.13359
b1579,intQ,43.69509
b1580,rspB,36.56414
b1581,rspA,45.96847
b1582,ynfA,11.91951
b1583,ynfB,12.90867
b1584,speG,21.88701
b1585,ynfC,26.50688
b1586,ynfD,10.4767
b1587,ynfE,89.78001
b1588,ynfF,89.98705
b1589,ynfG,22.75175
b1590,ynfH,30.52367
b1591,dmsD,23.34464
b1592,clcB,44.15335
b1593,ynfK,24.98098
b1594,mlc,44.31608
b1595,ynfL,33.28134
b1596,ynfM,45.2575
b1597,asr,10.59126
b1598,ydgD,29.27709
b1599,mdtI,11.72016
b1600,mdtJ,13.11484
b1601,tqsA,37.54281
b1602,pntB,48.72303
b1603,pntA,54.62344
b1604,ydgH,33.90329
b1605,ydgI,49.50147
b1606,folM,26.3483
b1607,ydgC,12.3231
b1608,rstA,26.70382
b1609,rstB,49.28288
b1610,tus,35.78318
b1611,fumC,50.48888
b1612,fumA,60.29858
b1613,manA,42.84995
b1614,ydgA,54.689
b1615,uidC,46.64767
b1616,uidB,49.90804
b1617,uidA,68.447
b1618,uidR,21.79914
b1619,hdhA,26.77859
b1620,malI,36.62476
b1621,malX,56.627
b1622,malY,43.64185
b1623,add,36.39746
b1624,ydgJ,38.25736
b1625,cnu,8.41658
b1626,ydgK,16.31859
b1627,rsxA,20.89751
b1628,rsxB,20.54377
b1629,rsxC,80.17155
b1630,rsxD,38.14016
b1631,rsxG,21.91191
b1632,rsxE,24.45902
b1633,nth,23.56239
b1634,dtpA,53.99114
b1635,gstA,22.86837
b1636,pdxY,31.3222
b1637,tyrS,47.52697
b1638,pdxH,25.54515
b1639,mliC,12.56752
b1640,anmK,39.49628
b1641,slyB,15.60167
b1642,slyA,16.35301
b1643,ydhI,8.89085
b1644,ydhJ,31.49583
b1645,ydhK,75.26675
b1646,sodC,17.68098
b1647,ydhF,33.67565
b1648,ydhL,9.35865
b1649,nemR,22.27537
b1650,nemA,39.51641
b1651,gloA,14.91985
b1652,rnt,23.5227
b1653,lhr,169.38115
b1654,grxD,12.87876
b1655,mepH,29.91658
b1656,sodB,21.26578
b1657,ydhP,40.06407
b1658,purR,38.17481
b1659,ydhB,35.25006
b1660,ydhC,43.36743
b1661,cfa,43.909
b1662,ribC,23.4449
b1663,mdtK,49.44704
b1664,ydhQ,42.87601
b1665,valV,24.98283
b1666,valW,25.02786
b1667,ydhR,11.28786
b1668,ydhS,60.75507
b1669,ydhT,29.34067
b1670,ydhU,29.58277
b1671,ydhX,25.09264
b1672,ydhW,24.42065
b1673,ydhV,77.87662
b1674,ydhY,22.36692
b1675,ydhZ,7.90733
b1676,pykF,50.72942
b1677,lpp,8.32348
b1678,ldtE,36.08235
b1679,sufE,15.80032
b1680,sufS,44.43376
b1681,sufD,46.82275
b1682,sufC,27.58237
b1683,sufB,54.74532
b1684,sufA,13.30011
b1685,ydiH,7.26634
b1686,menI,14.94525
b1687,ydiJ,113.24801
b1688,ydiK,39.84118
b1689,ydiL,13.9289
b1690,ydiM,44.6081
b1691,ydiN,46.08028
b1692,ydiB,31.2278
b1693,aroD,27.46665
b1694,ydiF,57.56226
b1695,ydiO,43.0021
b1696,ydiP,34.89448
b1697,ydiQ,27.47043
b1698,ydiR,33.76973
b1699,ydiS,45.92296
b1700,ydiT,10.72413
b1701,fadK,60.77312
b1702,ppsA,87.43508
b1703,ppsR,31.21087
b1704,aroH,38.73506
b1705,ydiE,7.11716
b1706,ydiU,54.38206
b1707,ydiV,27.04622
b1708,nlpC,17.28273
b1709,btuD,27.08118
b1710,btuE,20.46956
b1711,btuC,34.94929
b1712,ihfA,11.35393
b1713,pheT,87.37811
b1714,pheS,36.83181
b1715,pheM,1.76206
b1716,rplT,13.49696
b1717,rpmI,7.28893
b1718,infC,20.56392
b1719,thrS,74.0143
b1722,ydiY,27.60728
b1723,pfkB,32.45599
b1724,ydiZ,10.86499
b1725,yniA,32.45862
b1726,yniB,20.36711
b1727,yniC,24.33024
b1728,ydjM,22.35049
b1729,ydjN,48.66169
b1730,ydjO,30.15972
b1731,cedA,9.37681
b1732,katE,84.16261
b1733,chbG,27.77372
b1734,chbF,50.5125
b1735,chbR,32.96762
b1736,chbA,12.74776
b1737,chbC,48.33223
b1738,chbB,11.42654
b1739,osmE,12.02067
b1740,nadE,30.63683
b1741,cho,33.73889
b1742,ves,21.57686
b1743,spy,18.19907
b1744,astE,35.80018
b1745,astB,49.29856
b1746,astD,53.02632
b1747,astA,38.45587
b1748,astC,43.66537
b1749,xthA,30.96917
b1750,ydjX,26.05813
b1751,ydjY,24.12528
b1752,ydjZ,26.16033
b1753,ynjA,20.53295
b1754,ynjB,42.84456
b1755,ynjC,56.24298
b1756,ynjD,24.01662
b1757,ynjE,48.22857
b1758,ynjF,22.75185
b1759,nudG,15.04612
b1760,ynjH,9.94742
b1761,gdhA,48.58137
b1762,ynjI,40.34624
b1763,topB,73.21684
b1764,selD,36.68726
b1765,ydjA,20.05901
b1766,sppA,67.21934
b1767,ansA,37.12724
b1768,pncA,23.36205
b1769,ydjE,50.31797
b1770,ydjF,28.26147
b1771,ydjG,36.32883
b1772,ydjH,34.12126
b1773,ydjI,30.8098
b1774,ydjJ,37.70076
b1775,ydjK,49.60195
b1776,ydjL,38.73171
b1777,yeaC,10.338
b1778,msrB,15.45118
b1779,gapA,35.53249
b1780,yeaD,32.66609
b1781,yeaE,30.98661
b1782,mipA,27.83099
b1783,yeaG,74.48034
b1784,yeaH,49.39244
b1785,yeaI,56.10144
b1786,yeaJ,56.60256
b1787,yeaK,17.85064
b1788,yoaI,3.77153
b1789,yeaL,15.25559
b1790,yeaM,30.55353
b1791,yeaN,41.20823
b1792,yeaO,13.38621
b1793,yoaF,8.94238
b1794,yeaP,38.54562
b1795,yeaQ,8.67058
b1796,yoaG,6.60829
b1797,yeaR,13.61146
b1798,leuE,23.20066
b1799,dmlR,34.6309
b1800,dmlA,40.31493
b1801,yeaV,52.88118
b1802,yeaW,42.56082
b1803,yeaX,35.66123
b1804,rnd,42.73425
b1805,fadD,62.33199
b1806,yeaY,20.92112
b1807,tsaB,25.18081
b1808,yoaA,70.37795
b1809,yoaB,12.49323
b1810,yoaC,10.83541
b1811,yoaH,6.5543
b1812,pabB,50.96955
b1813,nudL,21.43564
b1814,sdaA,48.90665
b1815,yoaD,59.71141
b1816,yoaE,56.52804
b1817,manX,35.04755
b1818,manY,27.63578
b1819,manZ,30.95549
b1820,yobD,17.61526
b1821,mntP,20.11697
b1822,rlmA,30.4189
b1823,cspC,7.40237
b1824,yobF,5.21216
b1825,yebO,10.79247
b1826,mgrB,5.55179
b1827,kdgR,30.02935
b1828,yebQ,48.15168
b1829,htpX,31.92331
b1830,prc,76.66309
b1831,proQ,25.89252
b1832,msrC,18.12163
b1833,yebS,48.27339
b1834,yebT,94.97049
b1835,rsmF,53.22755
b1836,yebV,8.7528
b1837,yebW,7.31524
b1838,pphA,25.27383
b1839,yebY,12.37843
b1840,yebZ,32.52633
b1841,yobA,13.41022
b1842,holE,8.84629
b1843,yobB,24.39506
b1844,exoX,25.13307
b1845,ptrB,79.49055
b1846,yebE,23.68685
b1847,yebF,12.96172
b1848,yebG,10.71701
b1849,purT,42.43368
b1850,eda,22.28403
b1851,edd,64.63902
b1852,zwf,55.70444
b1853,yebK,31.97557
b1854,pykA,51.35714
b1855,lpxM,37.41038
b1856,mepM,49.05775
b1857,znuA,33.77738
b1858,znuC,27.86746
b1859,znuB,27.72866
b1860,ruvB,37.17377
b1861,ruvA,22.08569
b1862,yebB,22.70402
b1863,ruvC,18.74677
b1864,yebC,26.42256
b1865,nudB,17.30576
b1866,aspS,65.91345
b1867,yecD,20.45224
b1868,yecE,31.4791
b1869,yecN,15.22627
b1870,cmoA,27.77664
b1871,cmoB,37.00657
b1872,torZ,88.964
b1873,torY,40.28642
b1874,cutC,26.76175
b1875,yecM,21.20501
b1876,argS,64.68296
b1877,yecT,18.8852
b1878,flhE,14.05941
b1879,flhA,74.84282
b1880,flhB,42.23777
b1881,cheZ,23.97603
b1882,cheY,14.09737
b1883,cheB,37.46772
b1884,cheR,32.84944
b1885,tap,57.51192
b1886,tar,59.9437
b1887,cheW,18.0838
b1888,cheA,71.38239
b1889,motB,34.18608
b1890,motA,32.01143
b1891,flhC,21.56609
b1892,flhD,13.3164
b1893,insB8,19.56459
b1894,insA8,9.86836
b1895,uspC,15.63292
b1896,otsA,53.61119
b1897,otsB,29.17528
b1900,araG,55.01823
b1901,araF,35.5409
b1902,ftnB,18.89446
b1904,yecR,11.74144
b1905,ftnA,19.42382
b1906,yecH,8.62877
b1907,tyrP,42.81913
b1908,yecA,25.03928
b1909,leuZ,28.25683
b1910,cysT,23.98327
b1911,glyW,24.68265
b1912,pgsA,20.70064
b1913,uvrC,68.18803
b1914,uvrY,23.89265
b1915,yecF,8.23855
b1916,sdiA,28.11736
b1917,yecC,27.677
b1918,yecS,24.80126
b1919,dcyD,35.15332
b1920,fliY,29.03919
b1921,fliZ,21.65782
b1922,fliA,27.52111
b1923,fliC,51.29499
b1924,fliD,48.45645
b1925,fliS,14.95008
b1926,fliT,13.82882
b1927,amyA,56.63938
b1928,yedD,14.98326
b1929,yedE,44.42889
b1930,yedF,8.63899
b1931,yedK,24.97926
b1932,yedL,17.89146
b1936,intG,6.07894
b1937,fliE,11.12675
b1938,fliF,60.58912
b1939,fliG,36.77598
b1940,fliH,25.05016
b1941,fliI,49.31559
b1942,fliJ,17.30653
b1943,fliK,39.3118
b1944,fliL,17.2209
b1945,fliM,37.84916
b1946,fliN,14.85489
b1947,fliO,12.66985
b1948,fliP,26.92842
b1949,fliQ,9.63189
b1950,fliR,28.54258
b1951,rcsA,23.5164
b1952,dsrB,6.94584
b1953,yodD,8.57926
b1954,dsrA,27.89948
b1955,yedP,30.43934
b1956,yedQ,64.28289
b1957,yodC,6.67847
b1958,yedI,32.19066
b1959,yedA,32.19392
b1960,vsr,18.01562
b1961,dcm,53.4648
b1962,yedJ,25.90428
b1963,yedR,13.83819
b1967,hchA,31.19046
b1968,yedV,50.84968
b1969,yedW,25.01775
b1970,hiuH,15.45961
b1971,yedY,37.36894
b1972,yedZ,24.06817
b1973,zinT,24.76185
b1974,yodB,20.3372
b1975,serU,29.27954
b1976,mtfA,30.27918
b1977,asnT,24.63762
b1978,yeeJ,248.56931
b1981,shiA,47.81738
b1982,amn,53.99491
b1983,yeeN,25.86711
b1984,asnW,24.63762
b1985,yeeO,54.1986
b1986,asnU,24.63762
b1987,cbl,35.85589
b1988,nac,32.83505
b1989,asnV,24.63762
b1990,ldtA,34.41109
b1991,cobT,36.98698
b1992,cobS,26.38559
b1993,cobU,20.164
b1994,insH8,37.82338
b1996,insD6,34.3981
b1997,insC6,13.45163
b1999,yeeP,20.82983
b2000,flu,106.82544
b2001,yeeR,57.23667
b2002,yeeS,16.55698
b2003,yeeT,8.41071
b2004,cbeA,13.68358
b2005,cbtA,13.89894
b2006,yeeW,6.04872
b2007,yeeX,12.77778
b2008,yeeA,39.95527
b2009,sbmC,18.08146
b2010,dacD,43.34606
b2011,sbcB,54.50081
b2012,yeeD,8.14832
b2013,yeeE,38.1004
b2014,plaP,49.53765
b2015,yeeY,34.16912
b2016,yeeZ,29.67994
b2017,yefM,9.30758
b2018,hisL,2.08131
b2019,hisG,33.36672
b2020,hisD,46.11034
b2021,hisC,39.36014
b2022,hisB,40.27796
b2023,hisH,21.65286
b2024,hisA,26.03265
b2025,hisF,28.45445
b2026,hisI,22.75582
b2027,wzzB,36.45474
b2028,ugd,43.65688
b2029,gnd,51.48131
b2030,insH9,37.85139
b2032,wbbK,43.18818
b2033,wbbJ,21.6751
b2034,wbbI,37.75722
b2035,wbbH,44.74431
b2036,glf,42.96588
b2037,wzxB,45.38262
b2038,rfbC,21.27011
b2039,rfbA,32.69356
b2040,rfbD,32.69414
b2041,rfbB,40.55833
b2042,wcaN,32.82923
b2043,wcaM,51.3157
b2044,wcaL,45.36162
b2045,wcaK,47.34352
b2046,wzxC,53.69262
b2047,wcaJ,52.40849
b2048,cpsG,50.46258
b2049,cpsB,53.01629
b2050,wcaI,44.91396
b2051,wcaH,18.27349
b2052,wcaG,36.14114
b2053,gmd,42.04683
b2054,wcaF,19.96209
b2055,wcaE,27.89408
b2056,wcaD,45.40948
b2057,wcaC,45.25994
b2058,wcaB,17.61554
b2059,wcaA,33.03479
b2060,wzc,79.34305
b2061,wzb,16.70928
b2062,wza,41.90992
b2063,yegH,59.45023
b2064,asmA,68.96284
b2065,dcd,21.24926
b2066,udk,24.35311
b2067,yegE,123.88705
b2068,alkA,31.3933
b2069,yegD,49.37139
b2070,yegI,71.63879
b2071,yegJ,17.42792
b2072,yegK,27.20794
b2073,yegL,24.21767
b2074,mdtA,44.46429
b2075,mdtB,112.07754
b2076,mdtC,111.0104
b2077,iceT,50.90089
b2078,baeS,51.99133
b2079,baeR,27.65593
b2080,yegP,12.0243
b2081,yegQ,51.19319
b2082,ogrK,8.42968
b2083,yegZ,7.87166
b2085,yegR,11.46526
b2086,yegS,32.03864
b2088,insE5,11.54315
b2089,insF5,33.5404
b2091,gatD,37.39014
b2092,gatC,48.365
b2093,gatB,10.22204
b2094,gatA,16.90746
b2095,gatZ,47.10872
b2096,gatY,30.81193
b2097,fbaB,38.10919
b2098,yegT,47.35915
b2099,yegU,35.62056
b2100,yegV,34.38546
b2101,yegW,28.27721
b2102,yegX,31.60402
b2103,thiD,28.63361
b2104,thiM,27.33916
b2105,rcnR,10.13387
b2106,rcnA,30.41942
b2107,rcnB,12.4662
b2108,yehA,36.88483
b2109,yehB,92.28214
b2110,yehC,26.58904
b2111,yehD,19.06058
b2112,yehE,10.13659
b2113,mrp,39.93808
b2114,metG,76.25473
b2118,yehI,138.06783
b2119,yehL,39.68232
b2120,yehM,83.39017
b2121,yehP,42.11916
b2122,yehQ,73.41964
b2123,yehR,16.59414
b2124,yehS,17.97282
b2125,yehT,27.39973
b2126,yehU,62.09246
b2127,mlrA,28.04616
b2128,yehW,25.51454
b2129,yehX,34.42451
b2130,yehY,41.13857
b2131,osmF,32.6093
b2132,bglX,83.46005
b2133,dld,64.61233
b2134,pbpG,33.88741
b2135,yohC,21.69072
b2136,yohD,21.4446
b2137,yohF,26.95085
b2139,mdtQ,52.16702
b2140,dusC,35.1995
b2141,yohJ,14.57872
b2142,yohK,24.46954
b2143,cdd,31.53987
b2144,sanA,27.28688
b2145,yeiS,9.26412
b2146,preT,44.32947
b2147,preA,45.06883
b2148,mglC,35.55018
b2149,mglA,56.41525
b2150,mglB,35.71257
b2151,galS,37.35681
b2152,yeiB,43.39363
b2153,folE,24.83062
b2154,yeiG,31.25928
b2155,cirA,73.89573
b2156,lysP,53.57591
b2157,yeiE,32.72375
b2158,yeiH,36.88213
b2159,nfo,31.47953
b2160,yeiI,39.71022
b2161,nupX,43.40961
b2162,rihB,33.748
b2163,yeiL,25.29434
b2164,psuT,43.4317
b2165,psuG,32.9099
b2166,psuK,33.57297
b2167,fruA,57.51911
b2168,fruK,33.75569
b2169,fruB,39.64783
b2170,setB,42.74606
b2171,yeiP,21.53263
b2172,yeiQ,54.03169
b2173,yeiR,36.11325
b2174,lpxT,26.75913
b2175,mepS,21.03987
b2176,rtn,58.58817
b2177,yejA,69.66909
b2178,yejB,40.3603
b2179,yejE,38.09152
b2180,yejF,58.72601
b2181,yejG,12.52524
b2182,bcr,43.35287
b2183,rsuA,25.8653
b2184,yejH,66.41313
b2185,rplY,10.69344
b2186,yejK,37.82251
b2187,yejL,8.28846
b2188,yejM,67.29602
b2189,proL,25.08092
b2190,yejO,91.20197
b2192,insH11,37.85139
b2193,narP,23.57497
b2194,ccmH,39.08898
b2195,dsbE,20.80899
b2196,ccmF,71.38946
b2197,ccmE,17.69832
b2198,ccmD,7.74513
b2199,ccmC,27.88534
b2200,ccmB,23.6188
b2201,ccmA,23.05325
b2202,napC,23.10053
b2203,napB,16.29652
b2204,napH,31.87354
b2205,napG,24.92469
b2206,napA,93.04202
b2207,napD,9.46851
b2208,napF,18.04745
b2209,eco,18.19205
b2210,mqo,60.22962
b2211,yojI,61.5528
b2212,alkB,24.07553
b2213,ada,39.32387
b2214,apbE,38.54882
b2215,ompC,40.36812
b2216,rcsD,100.37217
b2217,rcsB,23.67062
b2218,rcsC,106.50643
b2219,atoS,67.78993
b2220,atoC,52.17639
b2221,atoD,23.52621
b2222,atoA,22.95965
b2223,atoE,47.52771
b2224,atoB,40.35248
b2225,yfaP,28.30367
b2226,yfaQ,61.47584
b2229,yfaT,23.76716
b2230,yfaA,62.67127
b2231,gyrA,96.96351
b2232,ubiG,26.55545
b2233,yfaL,131.15289
b2234,nrdA,85.77528
b2235,nrdB,43.51727
b2236,yfaE,9.29276
b2237,inaA,25.29608
b2238,yfaH,8.86653
b2239,glpQ,40.84335
b2240,glpT,50.31039
b2241,glpA,58.95825
b2242,glpB,45.35724
b2243,glpC,44.10804
b2244,yfaD,34.92283
b2245,rhmA,28.91602
b2246,rhmT,46.29375
b2247,rhmD,44.22646
b2248,rhmR,28.90419
b2249,yfaY,44.22564
b2250,yfaZ,18.60969
b2251,nudI,16.37072
b2252,ais,22.25656
b2253,arnB,41.64985
b2254,arnC,36.33914
b2255,arnA,74.28889
b2256,arnD,33.11179
b2257,arnT,62.54257
b2258,arnF,14.08519
b2259,pmrD,9.87051
b2260,menE,50.18467
b2261,menC,35.47661
b2262,menB,31.63308
b2263,menH,27.68236
b2264,menD,61.36706
b2265,menF,48.76455
b2266,elaB,11.30569
b2267,elaA,17.4197
b2268,rbn,32.9296
b2269,elaD,46.07821
b2270,yfbK,63.6339
b2271,yfbL,35.93083
b2272,yfbM,19.01866
b2273,yfbN,27.99108
b2274,yfbO,16.16302
b2275,yfbP,32.13627
b2276,nuoN,52.04409
b2277,nuoM,56.52454
b2278,nuoL,66.43808
b2279,nuoK,10.84502
b2280,nuoJ,19.87465
b2281,nuoI,20.53775
b2282,nuoH,36.21915
b2283,nuoG,100.2992
b2284,nuoF,49.29245
b2285,nuoE,18.59005
b2286,nuoC,68.23611
b2287,nuoB,25.05582
b2288,nuoA,16.45733
b2289,lrhA,34.59383
b2290,alaA,45.51737
b2291,yfbR,22.70806
b2292,yfbS,65.87172
b2293,yfbT,23.00752
b2294,yfbU,19.5362
b2295,yfbV,17.2132
b2296,ackA,43.29045
b2297,pta,77.17209
b2298,yfcC,54.79664
b2299,yfcD,20.37586
b2300,yfcE,20.12208
b2301,yfcF,24.32574
b2302,yfcG,24.5159
b2303,folX,14.08204
b2304,yfcH,32.69871
b2305,yfcI,34.17948
b2306,hisP,28.65304
b2307,hisM,26.86981
b2308,hisQ,24.64927
b2309,hisJ,28.48338
b2310,argT,27.99166
b2311,ubiX,20.69501
b2312,purF,56.48805
b2313,cvpA,17.90701
b2314,dedD,22.93849
b2315,folC,45.4057
b2316,accD,33.32189
b2317,dedA,24.51025
b2318,truA,30.39962
b2319,usg,36.36413
b2320,pdxB,41.36765
b2321,flk,36.66826
b2322,yfcJ,40.46521
b2323,fabB,42.61332
b2324,mnmC,74.43416
b2325,yfcL,10.00004
b2326,epmC,21.14559
b2327,yfcA,28.64335
b2328,mepA,30.13667
b2329,aroC,39.13745
b2330,prmB,35.00173
b2331,smrB,21.01332
b2332,yfcO,30.26045
b2333,yfcP,18.95148
b2334,yfcQ,17.89002
b2335,yfcR,17.89037
b2336,yfcS,27.72806
b2339,yfcV,19.85122
b2340,sixA,17.20777
b2341,fadJ,77.07221
b2342,fadI,46.5305
b2343,yfcZ,10.31764
b2344,fadL,48.54159
b2345,yfdF,40.24856
b2346,mlaA,28.0416
b2347,yfdC,34.50318
b2348,argW,24.24342
b2349,intS,44.06104
b2350,gtrA,13.22575
b2351,gtrB,34.63543
b2352,gtrS,51.48359
b2353,tfaS,10.55681
b2354,yfdK,16.40827
b2355,yfdL,20.43316
b2356,yfdM,10.05222
b2357,yfdN,18.76606
b2358,oweS,26.62748
b2359,yfdP,13.10182
b2360,yfdQ,30.44251
b2361,yfdR,20.25544
b2362,yfdS,13.67162
b2363,yfdT,12.13275
b2364,dsdC,35.33225
b2365,dsdX,47.16314
b2366,dsdA,47.90057
b2367,emrY,56.00112
b2368,emrK,42.58545
b2369,evgA,22.6902
b2370,evgS,134.74271
b2371,yfdE,41.67075
b2372,yfdV,33.61599
b2373,oxc,60.58123
b2374,frc,45.82818
b2375,yfdX,22.9772
b2376,ypdI,10.1619
b2377,yfdY,8.87385
b2378,lpxP,35.49339
b2379,alaC,46.21621
b2380,ypdA,62.65747
b2381,ypdB,28.72107
b2382,ypdC,32.35553
b2383,fryA,92.13001
b2384,ypdE,37.40886
b2385,ypdF,39.62394
b2386,fryC,43.96644
b2387,fryB,11.73532
b2388,glk,34.72309
b2389,yfeO,43.5736
b2390,ypeC,13.26269
b2392,mntH,44.19367
b2393,nupC,43.47575
b2394,insL3,40.90881
b2395,yfeA,83.5242
b2396,alaX,24.72873
b2397,alaW,24.72873
b2398,yfeC,12.71961
b2399,yfeD,14.91014
b2400,gltX,53.81573
b2401,valU,24.68771
b2402,valX,24.68771
b2403,valY,24.68771
b2404,lysV,24.58258
b2405,xapR,33.62733
b2406,xapB,46.13983
b2407,xapA,29.83462
b2408,yfeN,29.23324
b2409,yfeR,33.903
b2410,yfeH,36.40563
b2411,ligA,73.60607
b2412,zipA,36.47529
b2413,cysZ,29.305
b2414,cysK,34.48965
b2415,ptsH,9.11937
b2416,ptsI,63.56184
b2417,crr,18.25107
b2418,pdxK,30.8474
b2419,yfeK,13.73196
b2420,yfeS,28.24315
b2421,cysM,32.66416
b2422,cysA,41.05892
b2423,cysW,32.53759
b2424,cysU,30.29186
b2425,cysP,37.61457
b2426,ucpA,27.84997
b2427,murR,31.19176
b2428,murQ,31.21992
b2429,murP,49.80192
b2430,yfeW,47.75238
b2431,yfeX,33.05226
b2432,yfeY,20.89761
b2433,yfeZ,17.16844
b2434,ypeA,16.31157
b2435,amiA,31.41213
b2436,hemF,34.32263
b2437,eutR,40.15979
b2438,eutK,17.89262
b2439,eutL,22.78786
b2440,eutC,31.78159
b2441,eutB,49.40305
b2442,intZ,45.38151
b2443,yffL,25.14321
b2444,yffM,9.20583
b2445,yffN,13.7778
b2446,yffO,15.7291
b2447,yffP,22.90672
b2448,yffQ,13.81927
b2449,yffR,14.55384
b2450,yffS,29.7509
b2451,eutA,49.59919
b2452,eutH,42.80675
b2453,eutG,41.03136
b2454,eutJ,30.08215
b2455,eutE,49.02154
b2456,eutN,9.95648
b2457,eutM,9.86554
b2458,eutD,36.06673
b2459,eutT,30.17156
b2460,eutQ,25.41796
b2461,eutP,17.65885
b2462,eutS,11.64956
b2463,maeB,82.41738
b2464,talA,35.6588
b2465,tktB,73.04272
b2466,ypfG,38.74638
b2467,nudK,21.74866
b2468,aegA,71.84394
b2469,narQ,63.69686
b2470,acrD,113.04734
b2471,yffB,13.60059
b2472,dapE,41.26901
b2473,ypfH,24.85506
b2474,tmcA,74.89252
b2475,ypfJ,31.46019
b2476,purC,26.995
b2477,bamC,36.84243
b2478,dapA,31.26997
b2479,gcvR,20.76865
b2480,bcp,17.63394
b2481,hyfA,22.15435
b2482,hyfB,72.58299
b2483,hyfC,34.35926
b2484,hyfD,51.7546
b2485,hyfE,23.36149
b2486,hyfF,56.76715
b2487,hyfG,63.38349
b2488,hyfH,20.15937
b2489,hyfI,28.1013
b2490,hyfJ,15.57698
b2491,hyfR,75.30523
b2492,focB,30.5646
b2493,yfgO,39.19444
b2494,bepA,53.90792
b2495,yfgD,13.39858
b2496,hda,26.6327
b2497,uraA,45.06014
b2498,upp,22.53326
b2499,purM,36.85404
b2500,purN,23.23828
b2501,ppk,80.43151
b2502,ppx,58.13597
b2503,yfgF,85.60767
b2504,yfgG,7.46162
b2505,yfgH,17.70506
b2506,yfgI,20.2304
b2507,guaA,58.67922
b2508,guaB,52.02245
b2509,xseA,51.83223
b2510,yfgJ,7.99428
b2511,der,55.03587
b2512,bamB,41.88721
b2513,yfgM,22.17606
b2514,hisS,47.02944
b2515,ispG,40.68361
b2516,rodZ,36.19167
b2517,rlmN,43.08553
b2518,ndk,15.46344
b2519,pbpC,85.06695
b2520,yfhM,181.58546
b2521,sseA,30.81184
b2522,sseB,28.64252
b2523,pepB,46.18017
b2524,iscX,7.73157
b2525,fdx,12.33082
b2526,hscA,65.65243
b2527,hscB,20.13771
b2528,iscA,11.55605
b2529,iscU,13.84859
b2530,iscS,45.0895
b2531,iscR,17.33656
b2532,trmJ,27.04794
b2533,suhB,29.17213
b2534,yfhR,31.51591
b2535,csiE,49.04048
b2536,hcaT,41.59273
b2537,hcaR,32.83828
b2538,hcaE,51.10921
b2539,hcaF,20.57925
b2540,hcaC,11.32877
b2541,hcaB,28.4996
b2542,hcaD,43.97822
b2543,yphA,15.21139
b2544,yphB,32.71646
b2545,yphC,38.05076
b2546,yphD,34.48336
b2547,yphE,55.01638
b2548,yphF,35.05814
b2549,yphG,123.83211
b2550,yphH,44.52078
b2551,glyA,45.31659
b2552,hmp,43.86766
b2553,glnB,12.42545
b2554,glrR,49.1484
b2555,yfhG,27.34789
b2556,glrK,53.33041
b2557,purL,141.40271
b2558,mltF,58.30215
b2559,tadA,18.71753
b2560,pgpC,24.43939
b2561,yfhH,30.70751
b2562,yfhL,9.79129
b2563,acpS,14.0523
b2564,pdxJ,26.38429
b2565,recO,27.39063
b2566,era,33.81006
b2567,rnc,25.55004
b2568,lepB,35.96035
b2569,lepA,66.57027
b2570,rseC,16.63941
b2571,rseB,35.74973
b2572,rseA,24.32138
b2573,rpoE,21.69574
b2574,nadB,60.33741
b2575,trmN,27.26991
b2576,srmB,49.91414
b2577,yfiE,33.24328
b2578,eamB,21.2483
b2579,grcA,14.28419
b2580,ung,25.69323
b2581,yfiF,37.78438
b2582,trxC,15.55477
b2583,yfiP,25.99501
b2584,pka,97.98747
b2585,pssA,52.80179
b2586,yfiM,11.8053
b2587,kgtP,47.0525
b2588,rrfG,38.99432
b2589,rrlG,941.80503
b2590,gltW,24.58263
b2591,rrsG,499.90767
b2592,clpB,95.58502
b2593,yfiH,26.33893
b2594,rluD,37.12162
b2595,bamD,27.8294
b2597,raiA,12.78459
b2598,pheL,1.92434
b2599,pheA,43.11136
b2600,tyrA,42.04252
b2601,aroF,38.80396
b2602,yfiL,13.2037
b2603,yfiR,18.9781
b2604,yfiN,45.98948
b2605,yfiB,17.24456
b2606,rplS,13.13324
b2607,trmD,28.42236
b2608,rimM,20.60543
b2609,rpsP,9.19056
b2610,ffh,49.7873
b2611,ypjD,29.26211
b2614,grpE,21.79783
b2615,nadK,32.56638
b2616,recN,61.39645
b2617,bamE,12.30203
b2618,ratB,10.78936
b2619,ratA,17.72667
b2620,smpB,18.2691
b2621,ssrA,117.40353
b2622,intA,46.65175
b2623,yfjH,37.13948
b2624,alpA,8.13261
b2625,yfjI,54.0266
b2626,yfjJ,24.56067
b2627,yfjK,83.06186
b2628,yfjL,62.00651
b2629,yfjM,9.96727
b2630,rnlA,40.06113
b2631,rnlB,13.66469
b2632,yfjP,32.09415
b2633,yfjQ,31.25463
b2634,yfjR,26.60598
b2635,ypjK,7.70345
b2636,yfjS,16.73491
b2637,yfjT,17.09916
b2638,yfjU,5.78558
b2641,yfjV,35.69966
b2642,yfjW,64.19635
b2643,yfjX,17.30334
b2644,yfjY,17.96375
b2645,yfjZ,11.73727
b2646,ypjF,12.30821
b2647,ypjA,157.4996
b2648,pinH,8.90254
b2650,ypjC,51.47379
b2652,ileY,24.63465
b2659,csiD,37.36041
b2660,lhgO,46.08191
b2661,gabD,51.72007
b2662,gabT,45.77463
b2663,gabP,51.0801
b2664,csiR,24.99084
b2665,ygaU,16.06312
b2666,yqaE,5.8652
b2667,ygaV,10.59627
b2668,ygaP,18.63873
b2669,stpA,15.34751
b2670,alaE,16.94907
b2671,ygaC,13.06576
b2672,ygaM,11.84729
b2673,nrdH,9.13946
b2674,nrdI,15.34038
b2675,nrdE,80.47901
b2676,nrdF,36.44324
b2677,proV,44.1628
b2678,proW,37.61969
b2679,proX,36.02255
b2681,ygaY,41.65529
b2682,ygaZ,26.10768
b2683,ygaH,12.02355
b2684,mprA,20.56345
b2685,emrA,42.73605
b2686,emrB,55.6244
b2687,luxS,19.41619
b2688,gshA,58.26929
b2689,yqaA,15.58969
b2690,yqaB,20.77981
b2691,argQ,25.00092
b2692,argZ,25.00092
b2693,argY,25.00092
b2694,argV,25.00092
b2695,serV,30.26909
b2696,csrA,6.85589
b2697,alaS,96.0324
b2698,recX,19.42407
b2699,recA,37.97337
b2700,pncC,17.58172
b2701,mltB,40.25575
b2702,srlA,20.58033
b2703,srlE,33.33204
b2704,srlB,13.30405
b2705,srlD,27.85788
b2706,srlM,12.95325
b2707,srlR,28.23615
b2708,srlQ,34.03143
b2709,norR,55.23636
b2710,norV,54.23418
b2711,norW,41.40359
b2712,hypF,82.06599
b2713,hydN,19.02613
b2714,ascG,36.8132
b2715,ascF,51.02596
b2716,ascB,53.93493
b2717,hycI,17.05652
b2718,hycH,15.46466
b2719,hycG,27.99916
b2720,hycF,20.30935
b2721,hycE,64.98036
b2722,hycD,33.02936
b2723,hycC,64.07712
b2724,hycB,21.87324
b2725,hycA,17.62698
b2726,hypA,13.16817
b2727,hypB,31.56504
b2728,hypC,9.732
b2729,hypD,41.36338
b2730,hypE,35.09246
b2731,fhlA,78.46795
b2732,ygbA,13.94046
b2733,mutS,95.2469
b2734,pphB,25.09825
b2735,ygbI,27.43466
b2736,ygbJ,30.75126
b2737,ygbK,41.33909
b2738,ygbL,23.22247
b2739,ygbM,29.21699
b2740,ygbN,46.76961
b2741,rpoS,37.97186
b2742,nlpD,40.149
b2743,pcm,23.25777
b2744,umpG,26.90043
b2745,truD,39.09149
b2746,ispF,16.89754
b2747,ispD,25.73726
b2748,ftsB,11.62208
b2749,ygbE,12.01726
b2750,cysC,22.32131
b2751,cysN,52.55847
b2752,cysD,35.18831
b2753,iap,37.92018
b2754,ygbF,10.51826
b2755,ygbT,33.19447
b2756,casE,22.29299
b2757,casD,25.2088
b2758,casC,40.02548
b2759,casB,18.70151
b2760,casA,55.90119
b2761,ygcB,100.54509
b2762,cysH,27.97583
b2763,cysI,63.99812
b2764,cysJ,66.26984
b2765,queD,13.77288
b2766,ygcN,46.39319
b2767,ygcO,9.66201
b2768,ygcP,20.7864
b2769,ygcQ,30.30763
b2770,ygcR,28.72036
b2771,ygcS,48.23415
b2774,ygcW,28.04206
b2775,yqcE,46.83069
b2776,ygcE,54.17692
b2777,queE,25.02965
b2778,ygcG,32.20562
b2779,eno,45.65495
b2780,pyrG,60.37415
b2781,mazG,30.4123
b2782,mazF,12.09804
b2783,mazE,9.35574
b2784,relA,83.87562
b2785,rlmD,48.05222
b2786,barA,102.45316
b2787,gudD,49.141
b2788,gudX,48.84958
b2789,gudP,49.14209
b2790,yqcA,16.27419
b2791,truC,29.66572
b2792,yqcC,12.78654
b2793,syd,20.70849
b2794,queF,32.58751
b2795,ygdH,50.97189
b2796,sdaC,46.9063
b2797,sdaB,48.75292
b2798,ygdG,28.16615
b2799,fucO,40.51337
b2800,fucA,23.77532
b2801,fucP,47.54491
b2802,fucI,64.97667
b2803,fucK,52.25869
b2804,fucU,15.47312
b2805,fucR,27.36217
b2806,rlmM,41.9052
b2807,ygdD,14.33315
b2808,gcvA,34.40154
b2809,ygdI,8.1742
b2810,csdA,43.23418
b2811,csdE,15.94027
b2812,tcdA,28.56199
b2813,mltA,40.41061
b2814,metZ,25.00691
b2815,metW,25.00691
b2816,metV,25.00691
b2817,amiC,45.63445
b2818,argA,49.19519
b2819,recD,66.90242
b2820,recB,133.95902
b2821,ptrA,107.70848
b2822,recC,128.84767
b2823,ppdC,12.00391
b2824,ygdB,14.97333
b2825,ppdB,20.51951
b2826,ppdA,17.86541
b2827,thyA,30.47969
b2828,lgt,33.10795
b2829,ptsP,83.71562
b2830,rppH,20.79484
b2831,mutH,25.52746
b2832,ygdQ,26.15739
b2833,ygdR,7.8769
b2834,tas,38.49954
b2835,lplT,41.65561
b2836,aas,80.70002
b2837,galR,37.09405
b2838,lysA,46.17726
b2839,lysR,34.36466
b2840,ygeA,25.24796
b2841,araE,51.68443
b2842,kduD,27.07002
b2843,kduI,31.07635
b2844,yqeF,41.01873
b2845,yqeG,45.09925
b2846,yqeH,24.28683
b2847,yqeI,30.85025
b2848,yqeJ,18.71951
b2849,yqeK,16.27156
b2850,ygeF,18.48242
b2851,ygeG,19.09326
b2852,ygeH,52.75283
b2853,ygeI,8.05483
b2854,pbl,19.34862
b2856,ygeK,23.29818
b2858,ygeN,27.23542
b2859,ygeO,15.56113
b2860,insD8,34.3981
b2861,insC8,13.45163
b2863,ygeQ,42.39704
b2864,glyU,23.9202
b2865,ygeR,26.56455
b2866,xdhA,81.32083
b2867,xdhB,31.55681
b2868,xdhC,16.92171
b2869,ygeV,66.09597
b2870,ygeW,44.18744
b2871,ygeX,43.32756
b2872,ygeY,44.80393
b2873,hyuA,51.02515
b2874,yqeA,33.07097
b2875,yqeB,57.68182
b2876,yqeC,28.10346
b2877,mocA,21.51384
b2878,ygfK,115.58158
b2879,ssnA,48.84154
b2880,ygfM,28.64962
b2881,xdhD,103.51869
b2882,xanQ,49.10825
b2883,guaD,50.24422
b2886,ygfS,17.51333
b2887,ygfT,69.08894
b2888,uacT,51.75796
b2889,idi,20.50826
b2890,lysS,57.60342
b2891,prfB,41.25073
b2892,recJ,63.38883
b2893,dsbC,25.62166
b2894,xerD,34.24638
b2895,fldB,19.70018
b2896,cptA,16.06402
b2897,sdhE,10.54712
b2898,ygfZ,36.09412
b2899,yqfA,23.84674
b2900,yqfB,11.90541
b2901,bglA,55.36077
b2902,ygfF,25.93849
b2903,gcvP,104.37635
b2904,gcvH,13.8112
b2905,gcvT,40.14671
b2906,ubiI,44.24462
b2907,ubiH,42.28827
b2908,pepP,49.81544
b2909,ygfB,21.2296
b2910,zapA,12.59417
b2911,ssrS,59.03426
b2912,fau,21.10543
b2913,serA,44.17578
b2914,rpiA,22.8604
b2915,yqfE,11.53277
b2916,argP,33.47169
b2917,scpA,77.87127
b2918,argK,36.70392
b2919,scpB,29.17259
b2920,scpC,53.82445
b2921,ygfI,34.67367
b2922,yggE,26.63526
b2923,argO,23.1757
b2924,mscS,30.89602
b2925,fbaA,39.14726
b2926,pgk,41.11822
b2927,epd,37.29939
b2928,yggC,27.13192
b2929,yggD,19.27194
b2930,yggF,34.32343
b2933,cmtA,48.97102
b2934,cmtB,16.04623
b2935,tktA,72.21174
b2936,loiP,26.84232
b2937,speB,33.55704
b2938,speA,73.89845
b2939,yqgB,4.8588
b2940,yqgC,8.11449
b2942,metK,41.95163
b2943,galP,50.9825
b2944,yggI,19.34848
b2945,endA,26.70908
b2946,rsmE,26.97806
b2947,gshB,35.5609
b2948,yqgE,20.68591
b2949,yqgF,15.1863
b2950,yggR,35.99416
b2951,yggS,25.78744
b2952,yggT,21.16711
b2953,yggU,10.45619
b2954,rdgB,21.03884
b2955,yggW,42.58432
b2956,yggM,38.4594
b2957,ansB,36.85069
b2958,yggN,26.42921
b2959,yggL,12.88056
b2960,trmI,27.30732
b2961,mutY,39.14912
b2962,yggX,10.95253
b2963,mltC,40.11251
b2964,nupG,46.38924
b2965,speC,79.41618
b2966,yqgA,24.61391
b2967,pheV,24.68969
b2968,yghD,20.39454
b2969,yghE,35.79329
b2970,yghF,31.3632
b2971,yghG,14.66992
b2972,pppA,29.46606
b2975,glcA,58.92016
b2976,glcB,80.48852
b2977,glcG,13.73671
b2979,glcD,53.8117
b2980,glcC,28.82618
b2981,yghO,41.80426
b2982,insH15,37.85139
b2983,yghQ,38.53313
b2984,yghR,28.15149
b2985,yghS,26.3467
b2986,yghT,25.35558
b2987,pitB,53.80871
b2988,gss,70.53196
b2989,yghU,32.39162
b2990,hybG,8.80814
b2991,hybF,12.69746
b2992,hybE,17.96362
b2993,hybD,17.75071
b2994,hybC,62.49116
b2995,hybB,43.60204
b2996,hybA,36.003
b2997,hybO,39.65201
b2998,yghW,10.9455
b3001,gpr,38.83216
b3002,yqhA,18.64119
b3003,yghA,31.48797
b3005,exbD,15.52698
b3006,exbB,26.28739
b3008,metC,43.21238
b3009,yghB,24.13389
b3010,yqhC,35.95672
b3011,yqhD,42.09702
b3012,dkgA,31.10964
b3013,yqhG,34.98321
b3014,yqhH,9.51304
b3017,ftsP,51.85817
b3018,plsC,27.45316
b3019,parC,83.83127
b3020,ygiS,60.69395
b3021,mqsA,14.7031
b3022,mqsR,11.23196
b3023,ygiV,17.82726
b3024,ygiW,14.01076
b3025,qseB,24.67759
b3026,qseC,50.28168
b3027,ygiZ,13.20099
b3028,mdaB,21.89091
b3029,ygiN,11.53239
b3030,parE,70.24391
b3031,yqiA,21.64152
b3032,cpdA,30.938
b3033,yqiB,16.54805
b3034,nudF,23.66681
b3035,tolC,53.74072
b3037,ygiB,23.47939
b3038,ygiC,45.02601
b3039,ygiD,28.89203
b3040,zupT,26.48477
b3041,ribB,23.35347
b3042,yqiC,11.27598
b3043,ygiL,19.49401
b3044,insC9,13.45163
b3045,insD9,34.3981
b3046,yqiG,92.10384
b3047,yqiH,28.49195
b3048,yqiI,38.5548
b3049,glgS,7.89188
b3050,yqiJ,23.08713
b3051,yqiK,60.69966
b3052,hldE,51.05062
b3053,glnE,108.41842
b3054,ygiF,48.38895
b3055,ygiM,23.07639
b3056,cca,46.46717
b3057,bacA,29.75876
b3058,folB,13.61953
b3059,plsY,22.19343
b3060,ttdR,35.31459
b3061,ttdA,32.73356
b3062,ttdB,22.67946
b3063,ttdT,52.90643
b3064,tsaD,36.0084
b3065,rpsU,8.49996
b3066,dnaG,65.56463
b3067,rpoD,70.26328
b3068,mug,18.67339
b3069,ileX,24.64966
b3070,yqjH,28.87156
b3071,yqjI,23.40129
b3072,aer,55.06576
b3073,patA,49.66137
b3074,ygjH,12.31534
b3075,ebgR,36.21036
b3076,ebgA,117.87895
b3077,ebgC,17.45662
b3078,ygjI,52.14666
b3079,ygjJ,40.09946
b3080,ygjK,88.3211
b3081,fadH,72.67815
b3082,higA,14.99542
b3083,higB,12.1031
b3084,rlmG,42.33145
b3085,ygjP,19.48256
b3086,ygjQ,25.47987
b3087,ygjR,36.21432
b3088,alx,35.90892
b3089,sstT,43.47769
b3090,ygjV,20.51246
b3091,uxaA,54.09308
b3092,uxaC,53.98718
b3093,exuT,46.89232
b3094,exuR,29.83569
b3095,yqjA,24.58549
b3096,mzrA,14.1722
b3097,yqjC,13.9057
b3098,yqjD,11.05149
b3099,yqjE,15.14703
b3100,yqjK,11.81075
b3101,yqjF,14.10192
b3102,yqjG,37.38608
b3103,yhaH,14.28095
b3104,yhaI,13.45592
b3105,yhaJ,33.25641
b3106,yhaK,25.89548
b3107,yhaL,5.96086
b3110,yhaO,48.3147
b3113,tdcF,14.00717
b3114,tdcE,85.93554
b3115,tdcD,43.38411
b3116,tdcC,48.87899
b3117,tdcB,35.23241
b3118,tdcA,34.53886
b3119,tdcR,8.60786
b3120,yhaB,20.57656
b3121,yhaC,45.25091
b3123,rnpB,122.64286
b3124,garK,39.10434
b3125,garR,30.42744
b3126,garL,27.38416
b3127,garP,49.00924
b3128,garD,56.40161
b3129,prlF,12.35894
b3130,yhaV,17.83625
b3131,agaR,29.57248
b3132,kbaZ,47.19243
b3133,agaV,17.08585
b3134,agaW,12.79936
b3135,agaA,19.24815
b3136,agaS,41.78252
b3137,kbaY,31.29368
b3138,agaB,17.62227
b3139,agaC,28.64488
b3140,agaD,29.00139
b3141,agaI,27.72385
b3142,yraH,20.74434
b3143,yraI,25.67652
b3144,yraJ,93.61625
b3145,yraK,38.53537
b3146,rsmI,31.3479
b3147,lpoA,72.82516
b3148,yraN,14.79766
b3149,diaA,21.10606
b3150,yraP,20.02795
b3151,yraQ,37.25668
b3152,yraR,23.19788
b3153,yhbO,18.85844
b3154,yhbP,16.77632
b3155,yhbQ,11.26993
b3156,yhbS,18.53379
b3157,yhbT,19.67186
b3158,yhbU,37.04715
b3159,yhbV,32.53527
b3160,yhbW,37.12934
b3161,mtr,44.33257
b3162,deaD,70.54616
b3163,nlpI,33.62078
b3164,pnp,77.10097
b3165,rpsO,10.26876
b3166,truB,35.08708
b3167,rbfA,15.15448
b3168,infB,97.3499
b3169,nusA,54.87092
b3170,rimP,16.65097
b3171,metY,24.99091
b3172,argG,49.8984
b3173,yhbX,60.75266
b3174,leuU,28.29884
b3175,secG,11.36516
b3176,glmM,47.54357
b3177,folP,30.61511
b3178,ftsH,70.70809
b3179,rlmE,23.33508
b3180,yhbY,10.78371
b3181,greA,17.64096
b3182,dacB,51.79831
b3183,obgE,43.28586
b3184,yhbE,34.96312
b3185,rpmA,9.12447
b3186,rplU,11.56435
b3187,ispB,35.21697
b3188,sfsB,10.49502
b3189,murA,44.81765
b3190,ibaG,9.45174
b3191,mlaB,10.68035
b3192,mlaC,23.96261
b3193,mlaD,19.57622
b3194,mlaE,27.86325
b3195,mlaF,29.09681
b3196,yrbG,34.74061
b3197,kdsD,35.19608
b3198,kdsC,19.99711
b3199,lptC,21.70263
b3200,lptA,20.12688
b3201,lptB,26.80065
b3202,rpoN,53.98978
b3203,hpf,10.75025
b3204,ptsN,17.95957
b3205,yhbJ,32.49229
b3206,npr,9.81013
b3207,yrbL,24.34502
b3208,mtgA,27.34161
b3209,elbB,22.98155
b3210,arcB,87.98291
b3211,yhcC,34.60655
b3212,gltB,163.29699
b3213,gltD,52.01527
b3214,gltF,26.35168
b3215,yhcA,25.33899
b3216,yhcD,86.28944
b3218,insH18,37.85139
b3219,yhcF,24.90012
b3220,yhcG,43.29346
b3221,yhcH,17.03768
b3222,nanK,29.64386
b3223,nanE,24.07366
b3224,nanT,53.55125
b3225,nanA,32.59347
b3226,nanR,29.52432
b3227,dcuD,48.83074
b3228,sspB,18.26242
b3229,sspA,24.30491
b3230,rpsI,14.8562
b3231,rplM,16.01854
b3232,zapE,43.06352
b3233,yhcB,14.96085
b3234,degQ,47.20505
b3235,degS,37.58102
b3236,mdh,32.3373
b3237,argR,16.99452
b3238,yhcN,9.19641
b3239,yhcO,10.79614
b3240,aaeB,73.59145
b3241,aaeA,34.77458
b3242,aaeX,7.84659
b3243,aaeR,34.516
b3244,tldD,51.36409
b3247,rng,55.36417
b3248,yhdE,21.51544
b3249,mreD,18.78781
b3250,mreC,39.53038
b3251,mreB,36.9524
b3252,csrD,73.33924
b3253,acuI,34.72376
b3255,accB,16.68721
b3256,accC,49.32074
b3257,yhdT,9.09778
b3258,panF,51.71704
b3259,prmA,31.87711
b3260,dusB,35.86612
b3261,fis,11.23993
b3262,yhdJ,33.39746
b3263,yhdU,7.20354
b3264,acrS,25.19816
b3265,acrE,41.31768
b3266,acrF,111.45439
b3267,yhdV,7.4517
b3268,yhdW,37.04688
b3269,yhdX,43.26124
b3270,yhdY,41.48433
b3271,yhdZ,28.57417
b3272,rrfF,39.00334
b3273,thrV,24.69167
b3274,rrfD,38.99432
b3275,rrlD,941.81306
b3276,alaU,24.68067
b3277,ileU,25.05992
b3278,rrsD,499.87468
b3279,yrdA,20.24502
b3280,yrdB,10.00703
b3281,aroE,29.41364
b3282,tsaC,20.76774
b3283,yrdD,19.87096
b3284,smg,18.51013
b3287,def,19.32842
b3288,fmt,34.16846
b3289,rsmB,48.34751
b3290,trkA,50.36777
b3291,mscL,14.95677
b3292,zntR,16.1794
b3293,yhdN,13.94476
b3294,rplQ,14.36459
b3295,rpoA,36.51172
b3296,rpsD,23.46909
b3297,rpsK,13.84493
b3298,rpsM,13.09938
b3299,rpmJ,4.36433
b3300,secY,48.51169
b3301,rplO,14.98042
b3302,rpmD,6.54179
b3303,rpsE,17.60338
b3304,rplR,12.76963
b3305,rplF,18.90378
b3306,rpsH,14.12655
b3307,rpsN,11.58048
b3308,rplE,20.30157
b3309,rplX,11.31621
b3310,rplN,13.54102
b3311,rpsQ,9.70444
b3312,rpmC,7.27345
b3313,rplP,15.2812
b3314,rpsC,25.98324
b3315,rplV,12.22629
b3316,rpsS,10.43029
b3317,rplB,29.86044
b3318,rplW,11.19912
b3319,rplD,22.08653
b3320,rplC,22.24352
b3321,rpsJ,11.73559
b3322,gspB,15.876
b3323,gspA,55.29797
b3324,gspC,30.03811
b3325,gspD,70.69814
b3326,gspE,54.61056
b3327,gspF,44.33905
b3328,gspG,15.90519
b3329,gspH,18.56506
b3330,gspI,13.90144
b3331,gspJ,22.23119
b3332,gspK,37.6466
b3333,gspL,44.53989
b3334,gspM,17.23382
b3335,gspO,24.95682
b3336,bfr,18.49503
b3337,bfd,7.36263
b3338,chiA,97.05767
b3339,tufA,43.28355
b3340,fusA,77.58131
b3341,rpsG,20.01909
b3342,rpsL,13.73706
b3343,tusB,10.71833
b3344,tusC,13.04503
b3345,tusD,13.64129
b3346,yheO,26.82056
b3347,fkpA,28.88193
b3348,slyX,8.21433
b3349,slyD,20.85283
b3350,kefB,66.41115
b3351,kefG,20.95798
b3352,yheS,71.84343
b3353,yheT,38.4952
b3354,yheU,8.46957
b3355,prkB,32.344
b3356,yhfA,14.51672
b3357,crp,23.64043
b3358,yhfK,79.97162
b3359,argD,43.76697
b3360,pabA,20.77186
b3361,fic,22.96003
b3362,yhfG,6.59861
b3363,ppiA,20.43132
b3364,tsgA,43.1664
b3365,nirB,93.12132
b3366,nirD,12.284
b3367,nirC,28.56252
b3368,cysG,49.9514
b3369,yhfL,5.81883
b3370,frlA,47.57654
b3371,frlB,38.56923
b3374,frlD,28.33185
b3375,frlR,27.82068
b3376,yhfS,38.59938
b3377,yhfT,46.51635
b3378,yhfU,12.47872
b3379,php,32.9154
b3380,yhfW,44.55952
b3381,yhfX,42.29439
b3382,yhfY,13.52762
b3383,yhfZ,33.50444
b3384,trpS,37.43782
b3385,gph,27.38917
b3386,rpe,24.55425
b3387,dam,32.09961
b3388,damX,46.16191
b3389,aroB,38.88099
b3390,aroK,19.53805
b3391,hofQ,44.71624
b3392,hofP,15.09821
b3393,hofO,16.84625
b3394,hofN,20.79589
b3395,hofM,29.00029
b3396,mrcA,93.63617
b3397,nudE,21.15317
b3398,yrfF,79.48999
b3399,yrfG,25.39882
b3400,hslR,15.49585
b3401,hslO,32.53448
b3402,yhgE,64.63732
b3403,pck,59.64348
b3404,envZ,50.33406
b3405,ompR,27.35362
b3406,greB,18.52706
b3407,yhgF,85.11987
b3408,feoA,8.37083
b3409,feoB,84.47366
b3410,feoC,8.66013
b3411,yhgA,33.26747
b3412,bioH,28.50501
b3413,gntX,25.72627
b3414,nfuA,20.9977
b3415,gntT,45.96659
b3416,malQ,78.50349
b3417,malP,90.5224
b3418,malT,103.11846
b3421,rtcB,45.22172
b3422,rtcR,60.2993
b3423,glpR,28.04784
b3424,glpG,31.3067
b3425,glpE,12.08247
b3426,glpD,56.75054
b3427,yzgL,8.04409
b3428,glgP,93.17256
b3429,glgA,52.82243
b3430,glgC,48.69764
b3431,glgX,73.57668
b3432,glgB,84.3369
b3433,asd,40.01788
b3434,yhgN,21.49037
b3437,gntK,19.54328
b3438,gntR,36.42202
b3439,yhhW,26.27939
b3440,yhhX,38.76501
b3441,yhhY,18.79354
b3442,yhhZ,44.23131
b3443,yrhA,19.0656
b3444,insA5,9.86836
b3445,insB5,19.56459
b3446,yrhB,10.61289
b3447,ggt,61.76796
b3448,yhhA,16.62382
b3449,ugpQ,27.40958
b3450,ugpC,39.52366
b3451,ugpE,31.49973
b3452,ugpA,33.26392
b3453,ugpB,48.44873
b3454,livF,26.31024
b3455,livG,28.42684
b3456,livM,46.26931
b3457,livH,32.98227
b3458,livK,39.37868
b3459,panM,14.50553
b3460,livJ,39.0764
b3461,rpoH,32.4688
b3462,ftsX,38.54365
b3463,ftsE,24.43923
b3464,ftsY,54.51335
b3465,rsmD,21.6776
b3466,yhhL,10.2517
b3467,yhhM,13.4965
b3468,yhhN,23.79058
b3469,zntA,76.83988
b3470,tusA,9.09454
b3471,yhhQ,25.26893
b3472,dcrB,19.78749
b3473,yhhS,42.1556
b3474,yhhT,38.52218
b3475,acpT,21.7678
b3476,nikA,58.71902
b3477,nikB,35.2481
b3478,nikC,30.36196
b3479,nikD,26.82038
b3480,nikE,29.72166
b3481,nikR,15.09378
b3482,rhsB,159.39494
b3483,yhhH,14.53078
b3484,yhhI,43.14557
b3485,yhhJ,41.06155
b3486,rbbA,100.78484
b3487,yhiI,38.82843
b3488,yhiJ,61.16437
b3491,yhiM,37.6571
b3492,yhiN,43.74108
b3493,pitA,53.38903
b3494,uspB,13.02738
b3495,uspA,16.06638
b3496,dtpB,53.57518
b3497,rsmJ,26.94919
b3498,prlC,77.16724
b3499,rlmJ,31.94171
b3500,gor,48.77251
b3501,arsR,13.25255
b3502,arsB,45.49745
b3503,arsC,15.85331
b3504,yhiS,47.06118
b3505,insH20,37.85139
b3506,slp,20.96391
b3507,dctR,20.40821
b3508,yhiD,23.21334
b3509,hdeB,12.04282
b3510,hdeA,11.85763
b3511,hdeD,20.90337
b3512,gadE,20.59939
b3513,mdtE,41.19057
b3514,mdtF,111.51717
b3515,gadW,28.02845
b3516,gadX,31.56251
b3517,gadA,52.68516
b3518,yhjA,51.57055
b3519,treF,63.69671
b3520,yhjB,22.60422
b3521,yhjC,33.32957
b3522,yhjD,37.91145
b3523,yhjE,47.20804
b3524,yhjG,74.45748
b3525,yhjH,29.60125
b3526,kdgK,33.96236
b3527,yhjJ,55.52737
b3528,dctA,45.43628
b3529,yhjK,74.38126
b3530,bcsC,127.72392
b3531,bcsZ,41.70028
b3532,bcsB,86.02367
b3533,bcsA,99.78458
b3534,bcsQ,27.76461
b3535,yhjR,7.01793
b3536,bcsE,59.42811
b3537,bcsF,7.36394
b3538,bcsG,62.03198
b3539,yhjV,47.25757
b3540,dppF,37.56043
b3541,dppD,35.84436
b3542,dppC,32.30847
b3543,dppB,37.49695
b3544,dppA,60.29367
b3545,proK,25.0509
b3546,eptB,63.80439
b3547,yhjX,42.95083
b3548,yhjY,25.95073
b3549,tag,21.10009
b3550,yiaC,17.10383
b3551,bisC,85.85066
b3552,yiaD,22.19722
b3553,ghrB,35.3955
b3554,yiaF,25.6631
b3555,yiaG,11.03287
b3556,cspA,7.40328
b3557,insJ,19.72506
b3558,insK,33.39237
b3559,glyS,76.81295
b3560,glyQ,34.77439
b3561,wecH,37.56985
b3562,yiaA,16.12275
b3563,yiaB,12.55518
b3564,xylB,52.61823
b3565,xylA,49.74201
b3566,xylF,35.73403
b3567,xylG,56.4704
b3568,xylH,41.03083
b3569,xylR,44.86919
b3570,bax,30.86763
b3571,malS,75.71267
b3572,avtA,46.71123
b3573,ysaA,17.45931
b3574,yiaJ,31.06665
b3575,yiaK,36.57272
b3576,yiaL,17.54915
b3577,yiaM,17.51588
b3578,yiaN,45.36814
b3579,yiaO,35.97009
b3580,lyxK,55.15484
b3581,sgbH,23.44476
b3582,sgbU,32.45519
b3583,sgbE,25.56087
b3584,yiaT,27.41354
b3585,yiaU,37.27446
b3586,yiaV,41.77117
b3587,yiaW,12.4086
b3588,aldB,56.30635
b3589,yiaY,40.35133
b3590,selB,68.86745
b3591,selA,50.60719
b3592,yibF,22.54506
b3593,rhsA,156.32078
b3594,yibA,31.87361
b3595,rhsJ,35.24672
b3596,yibG,18.07874
b3597,yibH,41.98831
b3598,yibI,13.8661
b3599,mtlA,67.97226
b3600,mtlD,41.13902
b3601,mtlR,21.99015
b3602,yibL,13.69601
b3603,lldP,59.1682
b3604,lldR,29.16621
b3605,lldD,42.72819
b3606,trmL,17.72625
b3607,cysE,29.31664
b3608,gpsA,36.3616
b3609,secB,17.27736
b3610,grxC,9.13749
b3611,yibN,15.59625
b3612,gpmM,56.19389
b3613,envC,46.59465
b3614,yibQ,35.35273
b3615,waaH,40.52437
b3616,tdh,37.23904
b3617,kbl,43.11704
b3618,yibB,33.458
b3619,hldD,34.89317
b3620,waaF,39.04213
b3621,waaC,35.54379
b3622,waaL,46.87768
b3623,waaU,41.72946
b3624,waaZ,32.9201
b3625,waaY,27.46095
b3626,waaR,39.04034
b3627,waaO,39.42321
b3628,waaB,40.82592
b3629,waaS,36.73047
b3630,waaP,30.87232
b3631,waaG,42.28413
b3632,waaQ,38.73068
b3633,waaA,47.29108
b3634,coaD,17.83663
b3635,mutM,30.29007
b3636,rpmG,6.37159
b3637,rpmB,9.00649
b3638,yicR,25.34346
b3639,dfp,43.43814
b3640,dut,16.15547
b3641,slmA,22.83634
b3642,pyrE,23.567
b3643,rph,25.35199
b3644,yicC,33.17493
b3645,dinD,31.07816
b3646,yicG,22.04843
b3647,ligB,63.17937
b3648,gmk,23.59271
b3649,rpoZ,10.23657
b3650,spoT,79.34244
b3651,trmH,25.34307
b3652,recG,76.43037
b3653,gltS,42.42511
b3654,xanP,48.86804
b3655,yicH,62.27244
b3656,yicI,88.07937
b3657,yicJ,50.94843
b3658,selC,30.78828
b3659,setC,43.49335
b3660,yicL,33.1125
b3661,nlpA,29.42359
b3662,nepI,41.84203
b3663,yicN,17.21902
b3664,adeQ,46.93362
b3665,adeD,63.73936
b3666,uhpT,50.6066
b3667,uhpC,48.25668
b3668,uhpB,56.30591
b3669,uhpA,20.8893
b3670,ilvN,11.10576
b3671,ilvB,60.44057
b3672,ivbL,3.20591
b3673,emrD,42.2157
b3674,yidF,19.18793
b3675,yidG,13.76832
b3676,yidH,12.77934
b3677,yidI,15.72884
b3678,yidJ,57.2954
b3679,yidK,62.08497
b3680,yidL,33.95798
b3683,glvC,58.24848
b3684,yidP,27.32783
b3685,yidE,58.93895
b3686,ibpB,16.0932
b3687,ibpA,15.77371
b3688,yidQ,11.82561
b3689,yidR,46.18662
b3690,cbrA,40.14244
b3691,dgoT,47.07673
b3693,dgoK,31.37357
b3696,yidX,24.16963
b3697,yidA,29.72114
b3698,yidB,13.78658
b3699,gyrB,89.94991
b3700,recF,40.51405
b3701,dnaN,40.5866
b3702,dnaA,52.55081
b3703,rpmH,5.38039
b3704,rnpA,13.7892
b3705,yidC,61.52592
b3706,mnmE,49.23087
b3707,tnaC,2.89441
b3708,tnaA,52.77346
b3709,tnaB,45.21068
b3710,mdtL,41.48972
b3711,yidZ,36.88181
b3712,yieE,27.64665
b3713,chrR,20.37556
b3714,adeP,46.86575
b3715,yieH,24.66432
b3716,cbrB,16.68321
b3717,cbrC,22.485
b3718,yieK,26.27916
b3719,yieL,42.75479
b3720,bglH,60.65719
b3721,bglB,53.16128
b3722,bglF,66.48297
b3723,bglG,32.09714
b3724,phoU,27.41746
b3725,pstB,29.02729
b3726,pstA,32.32177
b3727,pstC,34.12101
b3728,pstS,37.02392
b3729,glmS,66.89434
b3730,glmU,49.19008
b3731,atpC,15.06827
b3732,atpD,50.32542
b3733,atpG,31.57742
b3734,atpA,55.22208
b3735,atpH,19.33222
b3736,atpF,17.26396
b3737,atpE,8.25611
b3738,atpB,30.30326
b3739,atpI,13.63173
b3740,rsmG,23.43112
b3741,mnmG,69.52126
b3742,mioC,15.80766
b3743,asnC,16.88767
b3744,asnA,36.65055
b3745,viaA,55.90734
b3746,ravA,56.38878
b3747,kup,69.29413
b3748,rbsD,15.2925
b3749,rbsA,55.04161
b3750,rbsC,33.45182
b3751,rbsB,30.95048
b3752,rbsK,32.29052
b3753,rbsR,36.6119
b3754,hsrA,51.46161
b3755,yieP,26.07605
b3756,rrsC,499.88271
b3757,gltU,24.58263
b3758,rrlC,941.79706
b3759,rrfC,38.99432
b3760,aspT,25.01983
b3761,trpT,24.66665
b3764,yifE,13.13358
b3765,yifB,55.14635
b3766,ilvL,3.23109
b3769,ilvM,9.70315
b3770,ilvE,34.09365
b3771,ilvD,65.53157
b3772,ilvA,56.19525
b3773,ilvY,33.20438
b3774,ilvC,54.06902
b3775,ppiC,10.23202
b3777,yifN,16.74531
b3778,rep,77.0242
b3779,gpp,54.87114
b3780,rhlB,47.12592
b3781,trxA,11.80662
b3783,rho,47.00421
b3784,wecA,40.95724
b3785,wzzE,39.4891
b3786,wecB,42.24459
b3787,wecC,45.83873
b3788,rffG,39.75385
b3789,rffH,32.73441
b3790,wecD,24.22038
b3791,wecE,41.90103
b3792,wzxE,44.95965
b3793,wzyE,51.51729
b3794,wecG,27.92818
b3795,yifK,50.39906
b3796,argX,25.0399
b3797,hisR,24.89672
b3798,leuT,28.24979
b3799,proM,25.0669
b3800,aslB,46.51317
b3801,aslA,60.7176
b3802,hemY,45.24502
b3803,hemX,42.96302
b3804,hemD,27.79794
b3805,hemC,33.85183
b3806,cyaA,97.58601
b3807,cyaY,12.23141
b3809,dapF,30.20856
b3810,yigA,26.72878
b3811,xerC,33.86776
b3812,yigB,27.12184
b3813,uvrD,81.98988
b3816,corA,36.58971
b3817,yigF,14.54921
b3818,yigG,14.40819
b3819,rarD,33.28306
b3820,yigI,17.16277
b3821,pldA,33.16313
b3822,recQ,68.36351
b3823,rhtC,22.47408
b3824,rhtB,22.42678
b3825,pldB,38.97826
b3826,yigL,29.70773
b3827,yigM,33.72696
b3828,metR,35.62901
b3829,metE,84.67354
b3830,ysgA,29.42521
b3831,udp,27.15908
b3832,rmuC,54.76445
b3833,ubiE,28.07321
b3834,ubiJ,22.1526
b3835,ubiB,63.20276
b3836,tatA,9.66398
b3838,tatB,18.42087
b3839,tatC,28.8763
b3842,rfaH,18.34024
b3843,ubiD,55.60375
b3844,fre,26.24199
b3845,fadA,40.8762
b3846,fadB,79.59391
b3847,pepQ,50.17617
b3848,yigZ,21.75689
b3849,trkH,52.95974
b3850,hemG,21.2263
b3851,rrsA,499.86066
b3852,ileT,25.05992
b3853,alaT,24.68067
b3854,rrlA,942.12121
b3855,rrfA,39.01934
b3856,mobB,19.36338
b3857,mobA,21.64286
b3858,yihD,10.27291
b3859,srkA,38.12032
b3860,dsbA,23.10454
b3861,yihF,52.63688
b3862,yihG,36.28899
b3863,polA,103.11812
b3864,spf,35.10277
b3865,yihA,23.56089
b3866,yihI,19.05922
b3867,hemN,52.72904
b3868,glnG,52.25474
b3869,glnL,38.55612
b3870,glnA,51.90376
b3871,typA,67.35545
b3872,yihL,26.93879
b3873,yihM,36.94183
b3874,yihN,46.33528
b3875,ompL,27.20029
b3876,yihO,51.57415
b3877,yihP,50.98211
b3878,yihQ,77.27497
b3879,yihR,34.00992
b3880,yihS,47.43263
b3881,yihT,31.98303
b3882,yihU,31.15814
b3883,yihV,31.72767
b3884,yihW,28.50732
b3885,yihX,22.7318
b3886,yihY,32.83891
b3887,dtd,15.95006
b3888,yiiD,37.09431
b3889,yiiE,8.20546
b3890,yiiF,8.44248
b3891,fdhE,34.74671
b3892,fdoI,24.60637
b3893,fdoH,33.10038
b3894,fdoG,112.39938
b3895,fdhD,30.56
b3896,yiiG,39.29434
b3897,frvR,65.99974
b3898,frvX,38.73342
b3899,frvB,51.12046
b3900,frvA,16.0935
b3901,rhaM,12.2649
b3902,rhaD,30.14549
b3903,rhaA,47.19944
b3904,rhaB,54.06904
b3905,rhaS,32.31533
b3906,rhaR,32.37263
b3907,rhaT,37.31979
b3908,sodA,23.0971
b3909,kdgT,33.66927
b3910,yiiM,25.34273
b3911,cpxA,51.62425
b3912,cpxR,26.31211
b3915,fieF,32.92726
b3916,pfkA,34.84204
b3917,sbp,36.65932
b3918,cdh,28.45076
b3919,tpiA,26.97181
b3920,yiiQ,21.76295
b3921,yiiR,16.54164
b3922,yiiS,10.77622
b3923,uspD,16.29303
b3924,fpr,27.75094
b3925,glpX,35.85231
b3926,glpK,56.23077
b3927,glpF,29.77999
b3928,zapB,9.63481
b3929,rraA,17.36036
b3930,menA,33.59397
b3931,hslU,49.5938
b3932,hslV,19.09285
b3933,ftsN,35.79323
b3934,cytR,37.81978
b3935,priA,81.65491
b3936,rpmE,7.87106
b3937,yiiX,23.13965
b3938,metJ,12.14075
b3939,metB,41.5504
b3940,metL,88.88769
b3941,metF,33.10273
b3942,katG,80.02382
b3943,yijE,32.86556
b3944,yijF,22.95504
b3945,gldA,38.7122
b3946,fsaB,23.55522
b3947,frwA,91.77363
b3949,frwC,37.08632
b3950,frwB,11.24797
b3951,pflD,85.95977
b3952,pflC,32.42965
b3953,frwD,12.63664
b3954,yijO,32.1494
b3955,eptC,66.60989
b3956,ppc,99.06261
b3957,argE,42.34734
b3958,argC,35.95213
b3959,argB,27.15954
b3960,argH,50.31822
b3961,oxyR,34.27593
b3962,sthA,51.56039
b3963,fabR,24.40388
b3964,yijD,13.02351
b3965,trmA,41.96695
b3966,btuB,68.40715
b3967,murI,31.00195
b3968,rrsB,499.8997
b3969,gltT,24.58263
b3970,rrlB,941.80503
b3971,rrfB,39.01835
b3972,murB,37.85103
b3973,birA,35.312
b3974,coaA,36.35978
b3976,thrU,24.62767
b3977,tyrU,27.51544
b3978,glyT,24.13927
b3979,thrT,24.6997
b3980,tufB,43.31358
b3981,secE,13.64341
b3982,nusG,20.53151
b3983,rplK,14.87538
b3984,rplA,24.72964
b3985,rplJ,17.71159
b3986,rplL,12.2952
b3987,rpoB,150.63235
b3988,rpoC,155.16025
b3989,yjaZ,21.13107
b3990,thiH,43.32013
b3991_null,thiG,26.8961
b3991,thiG,26.8961
b3992,thiF,26.96978
b3993,thiE,23.01528
b3994,thiC,70.85036
b3995,rsd,18.24285
b3996,nudC,29.68894
b3997,hemE,39.24812
b3998,nfi,24.67259
b3999,yjaG,22.61265
b4000,hupA,9.53498
b4001,yjaH,26.31746
b4002,zraP,15.19937
b4003,zraS,51.0318
b4004,zraR,48.39455
b4005,purD,45.94036
b4006,purH,57.32921
b4007,rrsE,499.8997
b4008,gltV,24.58263
b4009,rrlE,941.80503
b4010,rrfE,39.01835
b4011,yjaA,14.44681
b4012,yjaB,16.44669
b4013,metA,35.7273
b4014,aceB,60.27357
b4015,aceA,47.52157
b4016,aceK,67.69858
b4017,arpA,82.59823
b4018,iclR,29.73928
b4019,metH,135.99704
b4020,yjbB,59.46698
b4021,pepE,24.57027
b4022,rluF,32.47656
b4023,yjbD,10.53207
b4024,lysC,48.53173
b4025,pgi,61.52977
b4026,yjbE,7.38609
b4027,yjbF,23.75484
b4028,yjbG,26.28084
b4029,yjbH,78.49076
b4030,psiE,15.59678
b4031,xylE,53.60804
b4032,malG,32.22542
b4033,malF,57.0134
b4034,malE,43.38764
b4035,malK,40.99045
b4036,lamB,49.91223
b4037,malM,31.9435
b4038,yjbI,61.16256
b4039,ubiC,18.77692
b4040,ubiA,32.51175
b4041,plsB,91.38145
b4042,dgkA,13.24468
b4043,lexA,22.35772
b4044,dinF,49.64641
b4045,yjbJ,8.32525
b4046,zur,19.25417
b4047,yjbL,9.74934
b4048,yjbM,26.67288
b4049,dusA,38.4679
b4050,pspG,9.02341
b4051,qorA,35.17219
b4052,dnaB,52.39008
b4053,alr,39.15294
b4054,tyrB,43.53781
b4055,aphA,26.10354
b4056,yjbQ,15.65579
b4057,yjbR,13.51947
b4058,uvrA,103.86754
b4059,ssb,18.975
b4060,yjcB,10.3033
b4061,yjcC,60.80133
b4062,soxS,12.91083
b4063,soxR,17.14972
b4064,ghxP,45.7115
b4065,yjcE,60.52279
b4066,yjcF,49.37833
b4067,actP,59.19712
b4068,yjcH,11.67162
b4069,acs,72.09359
b4070,nrfA,53.70294
b4071,nrfB,20.71447
b4072,nrfC,24.56745
b4073,nrfD,35.04224
b4074,nrfE,61.29465
b4075,nrfF,14.52307
b4076,nrfG,22.78427
b4077,gltP,47.15919
b4078,yjcO,25.0792
b4079,fdhF,79.22381
b4080,mdtP,53.45315
b4081,mdtO,76.15081
b4082,mdtN,36.90829
b4083,yjcS,73.15082
b4084,alsK,33.82092
b4085,alsE,26.10919
b4086,alsC,34.31569
b4087,alsA,56.74485
b4088,alsB,32.9099
b4089,alsR,32.36228
b4090,rpiB,16.07332
b4092,phnP,27.84778
b4093,phnO,16.56985
b4094,phnN,20.72959
b4095,phnM,42.01044
b4096,phnL,24.70547
b4097,phnK,27.83085
b4098,phnJ,31.84514
b4099,phnI,38.85278
b4100,phnH,21.02729
b4101,phnG,16.53965
b4102,phnF,27.62142
b4104,phnE,28.38361
b4105,phnD,37.37058
b4106,phnC,29.43061
b4107,yjdN,16.17132
b4108,yjdM,12.34505
b4109,crfC,84.37105
b4110,yjcZ,32.89879
b4111,proP,54.84582
b4112,basS,41.02924
b4113,basR,25.03081
b4114,eptA,61.6671
b4115,adiC,46.84262
b4116,adiY,29.00672
b4117,adiA,84.42524
b4118,melR,34.92788
b4119,melA,50.65707
b4120,melB,52.63642
b4121,yjdF,23.44199
b4122,fumB,60.10532
b4123,dcuB,47.93526
b4124,dcuR,27.48843
b4125,dcuS,60.55069
b4126,yjdI,8.54988
b4127,yjdJ,10.46806
b4128,ghoS,11.46797
b4129,lysU,57.82657
b4130,dtpC,53.05461
b4131,cadA,81.26012
b4132,cadB,46.66503
b4133,cadC,57.81295
b4134,pheU,24.68969
b4135,yjdC,21.93108
b4136,dsbD,61.7951
b4137,cutA,12.33108
b4138,dcuA,45.75071
b4139,aspA,52.35613
b4140,fxsA,17.69195
b4141,yjeH,44.77757
b4142,groS,10.38695
b4143,groL,57.32885
b4144,yjeI,11.95842
b4145,yjeJ,32.94696
b4146,epmB,38.74962
b4147,efp,20.59131
b4148,sugE,10.90026
b4149,blc,19.85161
b4150,ampC,41.55559
b4151,frdD,13.10693
b4152,frdC,15.01505
b4153,frdB,27.12306
b4154,frdA,65.9716
b4155,epmA,36.97606
b4156,yjeM,54.72502
b4157,yjeN,11.81856
b4158,yjeO,12.63812
b4159,mscM,123.96761
b4160,psd,35.93442
b4161,rsgA,39.1933
b4162,orn,20.81562
b4163,glyV,24.68265
b4164,glyX,24.68265
b4165,glyY,24.68265
b4166,queG,43.07292
b4167,nnr,54.65031
b4168,tsaE,16.85308
b4169,amiB,47.98523
b4170,mutL,67.92374
b4171,miaA,35.06515
b4172,hfq,11.16639
b4173,hflX,48.3271
b4174,hflK,45.54488
b4175,hflC,37.64988
b4176,yjeT,7.16578
b4177,purA,47.34495
b4178,nsrR,15.59307
b4179,rnr,92.10919
b4180,rlmB,26.55663
b4181,yjfI,14.935
b4182,yjfJ,25.33355
b4183,yjfK,25.00896
b4184,yjfL,14.22383
b4185,yjfM,23.35174
b4186,yjfC,45.01968
b4187,aidB,60.5899
b4188,yjfN,9.94913
b4189,bsmA,12.03796
b4190,yjfP,27.58841
b4191,ulaR,27.60188
b4192,ulaG,40.06066
b4193,ulaA,50.7375
b4194,ulaB,10.89561
b4195,ulaC,17.23754
b4196,ulaD,23.57808
b4197,ulaE,32.00663
b4198,ulaF,25.27774
b4199,yjfY,10.14935
b4200,rpsF,15.7035
b4201,priB,11.44218
b4202,rpsR,8.98643
b4203,rplI,15.76906
b4204,yjfZ,29.73948
b4205,ytfA,15.31066
b4206,ytfB,23.5055
b4207,fklB,22.21619
b4208,cycA,51.65966
b4209,ytfE,24.88262
b4210,ytfF,35.20846
b4211,qorB,29.73351
b4212,ytfH,14.07518
b4213,cpdB,70.83219
b4214,cysQ,27.17586
b4215,ytfI,35.93489
b4216,ytfJ,20.42053
b4217,ytfK,8.07174
b4218,ytfL,49.7627
b4219,msrA,23.31503
b4220,tamA,64.7962
b4221,tamB,136.77984
b4222,ytfP,12.86642
b4224,chpS,9.27158
b4225,chpB,12.4924
b4226,ppa,19.70356
b4227,ytfQ,34.34465
b4230,ytfT,35.65897
b4231,yjfF,34.97766
b4232,fbp,36.83393
b4233,mpl,49.87412
b4234,yjgA,21.35928
b4235,pmbA,48.36963
b4236,cybC,13.26297
b4237,nrdG,17.44592
b4238,nrdD,80.02256
b4239,treC,63.83767
b4240,treB,51.08074
b4241,treR,34.53073
b4242,mgtA,99.46649
b4243,ridA,13.61159
b4244,pyrI,17.12063
b4245,pyrB,34.42736
b4246,pyrL,5.09813
b4248,yjgH,14.59027
b4249,bdcA,24.59814
b4251,bdcR,21.50151
b4252,tabA,16.86536
b4253,yjgL,69.57773
b4254,argI,36.90711
b4255,rraB,15.60272
b4256,yjgM,18.62242
b4257,yjgN,44.89955
b4258,valS,108.19235
b4259,holC,16.63278
b4260,pepA,54.87981
b4261,lptF,40.35765
b4262,lptG,39.61861
b4263,yjgR,54.33229
b4264,idnR,37.5672
b4265,idnT,46.04129
b4266,idnO,27.56271
b4267,idnD,37.14659
b4268,idnK,21.00398
b4269,ahr,36.50185
b4270,leuX,27.62855
b4271,intB,48.11432
b4272,insC11,13.45163
b4273,insD11,34.3981
b4274,yjgX,44.48959
b4277,yjgZ,12.16088
b4278,insG,50.38578
b4279,yjhB,44.10351
b4280,yjhC,41.38449
b4281,yjhD,8.78918
b4282,yjhE,8.69635
b4284,insI4,44.28092
b4286,yjhV,11.81833
b4287,fecE,28.19065
b4288,fecD,34.1315
b4289,fecC,34.89273
b4290,fecB,33.14635
b4291,fecA,85.32161
b4292,fecR,35.53206
b4293,fecI,19.48041
b4294,insA6,9.92451
b4295,yjhU,36.11159
b4296,yjhF,47.00376
b4297,yjhG,70.01684
b4298,yjhH,32.72166
b4299,yjhI,29.87663
b4300,sgcR,29.26769
b4301,sgcE,23.21446
b4302,sgcA,15.63777
b4303,sgcQ,29.35471
b4304,sgcC,46.68434
b4305,sgcX,40.61467
b4306,yjhP,27.35401
b4307,yjhQ,19.9569
b4308,yjhR,46.65309
b4309,nanS,36.87797
b4310,nanM,39.57223
b4311,nanC,27.88802
b4312,fimB,22.99349
b4313,fimE,23.11626
b4314,fimA,18.1112
b4315,fimI,19.37323
b4316,fimC,26.6889
b4317,fimD,96.48239
b4318,fimF,18.71533
b4319,fimG,17.31736
b4320,fimH,31.47349
b4321,gntP,47.13793
b4322,uxuA,44.83802
b4323,uxuB,53.58018
b4324,uxuR,29.30824
b4325,yjiC,30.59289
b4326,iraD,14.74687
b4327,hypT,34.71072
b4328,iadA,41.08393
b4329,yjiG,16.19342
b4330,yjiH,23.79345
b4331,kptA,20.52956
b4332,yjiJ,41.36057
b4333,yjiK,31.95626
b4334,yjiL,27.25523
b4335,yjiM,42.74286
b4336,yjiN,48.24187
b4337,mdtM,44.68751
b4339,yjiP,35.7592
b4340,yjiR,53.04666
b4341,yjiS,6.70875
b4342,yjiT,56.19071
b4345,mcrC,40.5897
b4346,mcrB,53.15729
b4347,symE,12.20302
b4348,hsdS,51.39527
b4349,hsdM,59.30652
b4350,hsdR,134.09492
b4351,mrr,33.51992
b4352,yjiA,35.65969
b4353,yjiX,7.72879
b4354,yjiY,77.32388
b4355,tsr,59.44299
b4356,lgoT,49.44047
b4357,lgoR,35.39713
b4358,lgoD,36.44787
b4359,opgB,85.4941
b4360,yjjA,17.35265
b4361,dnaC,27.93509
b4362,dnaT,19.45512
b4363,yjjB,17.04655
b4364,yjjP,28.00088
b4365,yjjQ,27.03207
b4366,bglJ,25.62159
b4367,fhuF,30.11275
b4368,leuV,28.24979
b4369,leuP,28.25078
b4370,leuQ,28.24979
b4371,rsmC,37.62473
b4372,holD,15.17435
b4373,rimI,16.60975
b4374,yjjG,25.30062
b4375,prfC,59.57408
b4376,osmY,21.07371
b4377,yjjU,39.83186
b4378,yjjV,28.9091
b4379,yjjW,31.49053
b4380,yjjI,58.02004
b4381,deoC,27.7338
b4382,deoA,47.20712
b4383,deoB,44.36996
b4384,deoD,25.94991
b4385,yjjJ,49.75662
b4386,lplA,37.92588
b4387,ytjB,24.08274
b4388,serB,35.04269
b4389,radA,49.4721
b4390,nadR,47.34583
b4391,ettA,62.44288
b4392,slt,73.35315
b4393,trpR,12.35515
b4394,yjjX,18.21266
b4395,ytjC,24.06522
b4396,rob,33.14489
b4397,creA,17.10789
b4398,creB,26.12527
b4399,creC,52.17618
b4400,creD,49.82982
b4401,arcA,27.29202
b4402,yjjY,4.8858
b4403,yjtD,25.25904
b4406,yaeP,7.21422
b4407,thiS,7.31129
b4408,csrB,120.4518
b4409,blr,4.5563
b4410,ecnA,4.35919
b4411,ecnB,4.80953
b4412,hokC,5.50157
b4413,sokC,17.88957
b4414,tff,43.93726
b4415,hokE,5.56374
b4417,rybB,25.24474
b4418,psrD,54.28128
b4419,ldrA,4.01382
b4420,rdlA,21.5426
b4421,ldrB,3.97174
b4422,rdlB,21.19838
b4423,ldrC,4.01382
b4424,rdlC,21.81072
b4425,rttR,55.30029
b4426,mcaS,31.17155
b4427,micC,34.84956
b4428,hokB,5.62581
b4429,sokB,18.14064
b4430,rydB,22.1352
b4431,rprA,34.04119
b4432,ryeA,80.60637
b4433,sdsR,38.87117
b4435,isrC,62.50036
b4436,sibA,45.93127
b4437,sibB,43.92609
b4438,cyaR,27.85555
b4439,micF,29.45519
b4440,ryfA,97.90731
b4441,glmY,59.11032
b4442,micA,25.04679
b4443,gcvB,65.9629
b4444,omrA,28.26162
b4445,omrB,26.56779
b4446,sibC,45.13093
b4447,sibD,46.00039
b4449,psrO,55.7683
b4450,arcZ,38.93709
b4451,ryhB,29.07131
b4452,gadY,33.80303
b4453,ldrD,3.91672
b4454,rdlD,21.42465
b4455,hokA,5.99828
b4456,glmZ,66.26638
b4457,csrC,79.97835
b4458,oxyS,35.35005
b4459,ryjA,45.39932
b4460,araH,34.21092
b4461,yfjD,48.04421
b4462,ygaQ,84.66796
b4463,ygcU,53.73738
b4464,ghxQ,46.75798
b4465,yggP,45.81757
b4466,sslE,167.24604
b4467,glcF,45.11012
b4468,glcE,38.36098
b4469,ygiQ,83.47784
b4470,yhaM,45.3612
b4471,tdcG,48.52165
b4472,yhdP,139.05326
b4473,smf,40.95492
b4474,frlC,31.16883
b4475,rtcA,35.90322
b4476,gntU,46.4159
b4477,dgoA,21.3906
b4478,dgoD,42.5229
b4479,dgoR,26.07962
b4480,hdfR,31.74619
b4481,wecF,40.63959
b4482,yigE,27.90832
b4483,tatD,28.97395
b4484,cpxP,18.96525
b4485,ytfR,55.26002
b4486,yjiV,111.57293
b4487,yjdP,13.46863
b4488,ilvG,59.28485
b4489,oriC,74.44747
b4490,efeU,30.2869
b4491,ycgH,94.32064
b4492,ydbA,207.69486
b4493,gapC,35.64959
b4494,arpB,70.53861
b4495,yedN,43.01923
b4496,yedS,42.76047
b4497,yeeL,39.2679
b4498,gatR,27.7269
b4499,yehH,140.82742
b4500,yfaS,169.65892
b4501,torI,7.67789
b4502,yeiW,8.95446
b4503,yafF,10.37598
b4504,ykfH,8.58091
b4505,insX,9.51778
b4506,ykgO,5.46662
b4508,peaD,11.64045
b4509,ylcG,5.4935
b4510,rzoD,6.69018
b4511,ybdZ,8.27124
b4512,ybdD,7.46746
b4513,kdpF,3.07175
b4514,ybfQ,9.02734
b4515,cydX,4.04169
b4516,insA4,9.90238
b4517,gnsA,6.57561
b4518,ymdF,5.88322
b4519,icdC,6.06409
b4520,ymgF,8.25482
b4521,ycgI,12.42078
b4522,ymiA,6.23242
b4523,yciX,6.33788
b4524,ycjV,40.14651
b4525,ymjC,5.12306
b4526,ydaE,6.58373
b4527,ydaF,5.76853
b4528,rzoR,6.76121
b4529,ydbJ,8.69596
b4532,hicA,6.78189
b4533,ynfO,9.02331
b4535,yniD,4.1152
b4536,yobH,8.51411
b4537,yecJ,9.12258
b4538,yoeF,6.49045
b4539,yoeB,10.21564
b4541,yehK,12.60329
b4542,yohO,3.64257
b4543,ypaA,7.40737
b4544,arnE,12.19195
b4545,ypdJ,1.95723
b4546,ypeB,8.41505
b4547,ypfN,8.07143
b4548,ypjJ,7.86106
b4550,arfA,8.17138
b4551,yheV,7.59875
b4552,yrhC,13.28331
b4553,ysaB,11.33619
b4554,yibT,7.9953
b4555,yicS,11.06972
b4556,glvG,30.27913
b4557,yidD,9.38106
b4558,yifL,7.17722
b4559,ghoT,6.55506
b4561,insM,6.53549
b4565,sgcB,9.80342
b4566,yjhX,9.73429
b4567,yjjZ,8.69672
b4568,ytjA,5.5359
b4569,yhcE,19.1926
b4570,lomR,14.62203
b4571,wbbL,31.06069
b4572,ylbE,44.97883
b4573,insZ,33.80804
b4576,insB6,19.57668
b4577,sgrS,73.17559
b4578,insP,16.506
b4579,yaiX,24.93188
b4580,yaiT,104.72489
b4581,ybeM,28.51311
b4582,yoeA,17.98032
b4585,chiX,27.09216
b4586,ykfM,18.11786
b4587,insN,26.05703
b4588,ylcH,3.64419
b4589,ylcI,7.52051
b4590,ybfK,9.49905
b4592,cbdX,3.59748
b4593,ymgI,6.51781
b4594,ymgJ,7.36189
b4595,yciY,7.10236
b4596,yciZ,6.44136
b4597,rydC,20.53001
b4598,yncL,3.53827
b4599,yneM,3.50916
b4600,ydfJ,49.36772
b4601,ydgU,3.23603
b4602,ynhF,2.99767
b4603,rseX,28.92274
b4606,ypfM,2.40787
b4608,ohsC,24.8898
b4609,ryfD,45.93727
b4611,sibE,45.74932
b4613,dinQ,3.02084
b4614,sokA,9.79169
b4615,yibV,16.09375
b4616,istR,45.13087
b4618,tisB,3.2221
b4620,yjbT,10.04873
b4621,yjbS,7.8882
b4622,ytcA,10.25656
b4623,insO,39.91763
b4624,ryjB,29.16033
b4625,symR,24.94379
b4626,ykfN,2.43373
b4627,ykfL,7.14772
b4628,ykfK,7.51673
b4629,ptwF,15.87038
b4630,ykgP,3.36787
b4631,ykgQ,4.69731
b4632,ylbI,3.02346
b4633,xisD,8.07918
b4634,aaaD,12.0588
b4635,pauD,14.66967
b4636,ybfI,5.77366
b4637,uof,3.10852
b4638,ttcC,2.08232
b4639,yeeH,3.2988
b4640,yoeG,19.56802
b4641,yoeH,5.84308
b4642,yoeD,4.84358
b4643,pawZ,5.03396
b4644,ypjI,9.84993
b4645,psaA,4.58367
b4646,yrdE,15.13042
b4647,mokA,7.12958
b4648,ysaC,3.99651
b4649,ysaD,7.17396
b4650,yibS,9.61682
b4651,yibW,13.21476
b4652,yibU,7.21536
b4653,yicT,4.99075
b4654,yjdQ,5.9047
b4655,ythA,4.77894
b4656,yjhY,9.31634
b4657,yjhZ,8.90224
b4658,yghX,30.18017
b4659,yabP,29.84325
b4660,yhiL,61.57633
b4661,yfcU,97.32722
b4662,sgrT,5.33814
b4663,azuC,3.40816
b4664,ibsD,2.15084
b4665,ibsC,2.20888
b4666,ibsE,2.2069
b4667,ibsA,2.23187
b4668,ibsB,2.06371
b4669,ilvX,1.91016
b4670,yjeV,2.11835
b4671,ykgR,3.99878
b4672,ymiB,4.122
b4673,ymjD,2.3507
b4674,ynbG,2.65715
b4675,yoaJ,2.69139
b4676,yoaK,3.45825
b4677,yobI,2.66527
b4678,yoeI,2.24155
b4679,yohP,3.09206
b4680,ypdK,2.7044
b4682,yqcG,5.38316
b4683,yqeL,3.20273
b4684,yqfG,4.79098
b4685,yrbN,2.97942
b4686,yshB,3.61824
b4687,shoB,3.103
b4688,ykgS,7.92594
b4689,rzoQ,9.46341
b4690,eyeA,24.24941
b4691,sroH,51.99622
b4692,oweE,8.40768
b4693,aaaE,42.48174
b4694,yagP,13.08411
b4695,ykgT,2.61009
b4696,yneO,184.70388
b4697,yrdF,5.50143
b4698,mgrR,31.56879
b4699,fnrS,39.15512
b4700,sokE,19.08742
b4701,sokX,18.16368
b4702,mgtL,2.12256
b4703,pmrR,3.46507
b4704,arrS,22.12399
b4705,mntS,5.03101
b4706,iroK,2.32979
b4707,esrE,81.73205
b4708,insI2,6.61463
b4709,insA9,9.86836
b4710,insB9,19.56459
b4711,insH21,37.85139
b4712,agrA,27.15924
b4713,agrB,27.12526
b4714,ralA,57.0946
