id,kcat
AADDGT,49389.2889
GALCTND,75632.85924
DDPGALA,144563.54
FRULYSE,80324.38012
GLYCTO2,42109.98399
GLYCTO4,39922.15732
GLYCTO3,35660.77196
NTP12,113417.3403
NTP11,64119.30667
NMNAT,74970.94162
PSP_L,25740
LIPATPT,51956.8352
LIPAMPL,45757.07137
OCTNLL,37293.2169
PUNP6,7236
PUNP1,11880
PUNP2,7236
PPM2,57451.685
PPM,54700.95282
DURIPP,7236
TMDPP,6372000
DRPA,1875600
NTD2,219600
FEOXAMR1,50387.33356
FEOXAMR3,40668.60688
FEOXAMR2,33173.23952
GALCTLO,43695.36217
MANAO,54264.70195
MNNH,2916
2DDARAA,147269.359
ALDD3y,62142.7853
IDOND,89391.67791
IDOND2,62505.59535
5DGLCNR,115158.5468
AMPTASEPG,125176.8017
OCBT,12420000
TRE6PH,69836.68219
UM3PL,23303.18852
UM4PL,23149.30264
BPNT,384816.3059
3NTD2pp,219600
3NTD7pp,70615.90918
3NTD9pp,65736.30566
23PDE7pp,57178.12738
23PDE2pp,56631.7194
23PDE4pp,46958.55042
23PDE9pp,41562.22692
FESR,243515.5455
RBP4E,3078
X5PL3E,67768.18407
KG6PDC,122552.1848
ASCBPL,64603.00855
ADSS,4932
NADHXD,83730.22131
NADHXE,64436.45039
NADPHXE,46650.81912
NADPHXD,43473.69142
NTP10,118859.4027
NTP5,56896.13393
PSD140,86609.39763
PSD161,68763.00673
PSD120,60802.60236
PSD180,58100.87345
PSD181,52448.19702
PSD160,45977.23108
PSD141,39728.71265
FRD2,46099.48229
FRD3,42874.1855
LYSAM,70678.62186
ASPT,648000
AP4AS,12240
FUM,4140000
DTARTD,85390.73061
GALS3,69966.93794
ARGDC,33046.00236
ARMEPNS,41560.89087
CPL,85068.27561
RPNTPH,99570.0216
R15BPK,59912.85105
AMPNTAT,48909.56034
PRCPD,52383.26813
ALLPI,42204.79456
ALLULPE,65270.97242
ALLK,169200
NTRIR4pp,2520000
NTRIR3pp,2520000
ACCOAL,35660.90217
ACS,27449.79421
NTD4pp,327600
NTD9pp,234000
NTD7pp,82800
NTD5pp,109440
NTD10pp,86629.26194
NTD8pp,54000
PTHRpp,80446.81136
R5PPpp,17640
G2PPpp,10440
PSP_Lpp,5148
TYRPpp,79114.141
DAGK161,106488.7048
DAGK160,77870.24113
DAGK120,77868.12307
DAGK181,74703.88495
DAGK140,73932.06155
DAGK180,26709.94234
DAGK141,25319.28212
HBZOPT,30560.63733
CHRPL,48773.4676
PGI,33271789.85
METS,35434.77297
ICL,87563.55464
MALS,173160
HSST,18828
AICART,68360.17631
IMPC,34055.27666
PRAGSr,40855.80557
UPPDC1,85333.97581
NADDP,5371200
AMPMS2,24212.05023
TMPPP,93217.85083
THZPSN3,21620.38816
TYRL,40470.8694
PNTK,4104
UAPGR,58905.76701
GLUR,43801.2
NADTRHD,85448.04568
ARGSL,118035.1835
ACGK,138974.7649
AGPR,117176.335
ACODA,13680000
PPC,1944000
ALR4x,93034.76867
APPLDHr,81350.94415
GLYCDx,61920
LALDO2x,56829.24763
MTHFR2,67885.57445
ASPK,486000
HSDy,864
SHSL1,597600
DHNAOT4,46440.56369
GLYK,46937.0907
TPI,221932.234
CDAPPA181,155473.0612
CDAPPA120,118123.867
CDAPPA160,105298.2965
CDAPPA141,60466.14067
CDAPPA161,45813.9503
CDAPPA140,39159.42177
CDAPPA180,34794.62366
PFK,223200
PFK_3,223200
PFK_2,223200
SPODM,190543.8308
RMK,82212.78027
LYXI,72213.23927
RMI,54777.63287
RMPA,137880
G1PP,421200
6D6SFK,79803.8501
GHBDHx,159763.806
3SLAR,105033.663
6D6SPA,78406.23518
SQVOSI,238149.276
SQGH,62963.0038
GLNS,1620000
CPPPGO2,33009.06052
BMOGDS1,72999.57661
PPPGO,155456.9535
PPPGO3,46866.74707
HACD4,76192.40407
HACD3,76067.67142
HACD1,75970.55788
HACD5,74743.29861
HACD6,74594.34766
HACD2,74312.38883
HACD8,43600.46895
CTECOAI7,43568.48244
CTECOAI6,40073.93884
CTECOAI8,33124.95453
ACACT5r,23400
FLVR,56926.65775
FE3Ri,160058.3086
FLVRx,118376.8932
FADRx,25200
OPHBDC,36298.51303
OMBZLM,137160.8302
AMMQLT8,70261.66799
PYNP2r,169816.7924
E4PP,131447.6746
G6PP,36000
LPLIPAL2G180,105297.0078
LPLIPAL2E160,79117.05276
LPLIPAL2ATE140,75648.52746
LPLIPAL2A141,70858.96922
LPLIPAL2G181,65530.44279
LPLIPAL2ATG141,65478.96037
LPLIPAL2ATE181,61786.80592
LPLIPAL2G161,61209.97645
LPLIPAL2ATE160,61110.9594
LPLIPAL2ATE141,60321.96731
LPLIPAL2A180,57082.64555
LPLIPAL2G140,54768.13243
LPLIPAL2ATE161,54583.07298
LPLIPAL2ATE180,54372.41037
LPLIPAL2A161,54039.01414
LPLIPAL2E120,53354.43306
LPLIPAL2G160,50596.89833
LPLIPAL2A160,49612.17413
LPLIPAL2E180,47137.8652
LPLIPAL2E161,46618.7875
LPLIPAL2ATG161,45410.39673
LPLIPAL2A120,44392.18561
LPLIPAL2ATE120,43935.27297
LPLIPAL2ATG160,41965.46736
LPLIPAL2ATG120,41573.76096
LPLIPAL2G120,41314.08114
LPLIPAL2E181,41244.21453
LPLIPAL2G141,40288.1213
LPLIPAL2A140,40277.07577
LPLIPAL2A181,40008.28197
LPLIPAL2ATG140,37775.68734
LPLIPAL2ATG181,37058.80546
LPLIPAL2E141,36436.72648
LPLIPAL2ATG180,35682.50116
LPLIPAL2E140,32230.17158
PLIPA1G160pp,164857.5418
PLIPA1A161pp,159526.1187
PLIPA2E160pp,150793.4783
PLIPA2G161pp,139231.6885
PLIPA1G180pp,139000.5957
PLIPA1G181pp,135865.2553
PLIPA2A141pp,134626.7246
PLIPA1G140pp,127002.7495
PLIPA1A160pp,124817.4335
PLIPA2G160pp,118111.087
PLIPA2E161pp,116738.8547
PLIPA2A161pp,116083.2949
PLIPA2E141pp,115504.8531
PLIPA1E160pp,115136.2731
PLIPA2A140pp,113119.021
PLIPA1E180pp,110335.1336
PLIPA1E161pp,108474.9644
PLIPA2A120pp,106772.9963
PLIPA2E140pp,100669.6688
PLIPA1A180pp,99335.98355
PLIPA2A160pp,97631.90687
PLIPA1A181pp,96742.21145
PLIPA2G120pp,95242.12629
PLIPA2G180pp,92317.65928
PLIPA2E120pp,92001.64748
PLIPA1G161pp,89795.9715
PLIPA2A181pp,88163.41282
PLIPA1G141pp,62113.88674
PLIPA1A140pp,61482.62108
PLIPA1E141pp,57018.92782
PLIPA2G181pp,49488.79348
PLIPA2G141pp,46972.34272
PLIPA1A141pp,44454.5501
PLIPA1A120pp,43100.67067
PLIPA1E181pp,43051.44873
PLIPA2G140pp,39839.75636
PLIPA1E140pp,39361.68478
PLIPA2E180pp,39217.81655
PLIPA1G120pp,39004.03331
PLIPA2E181pp,38199.22649
PLIPA2A180pp,34898.72908
PLIPA1E120pp,34770.77221
DAPE,80466.85148
ADNCYC,6012
HMBS,41338.81681
UPP3S,1800000
ACMAMUT,74567.96508
ECAtpp,94409.64361
TDPAGTA,1368
TDPADGAT,156923.1644
TDPGDH,49718.5085
UACMAMO,111867.4203
UAG2E,25560
ECAP1pp,73914.83678
ECAP3pp,45504.88713
ECAP2pp,37009.5095
ACGAMT,51236.29751
GTPDPDP,108000.42
KARA1,69599.2688
KARA2,58006.44192
THRD_L,82516.42114
DHAD1,147031.6356
DHAD2,70572.77439
LEUTAi,58897.61598
ILETA,125009.7826
VALTA,25829.22077
RBK,95664.74802
ASNS2,58168.56258
UAGDP,1188000
G1PACT,432000
GF6PTA,60840
AB6PGH,160766.4257
GNP,82574.65934
NADH5,89289.35673
SERD_L,5760
TRPAS2,14400
MN6PP,80021.29895
DDGALK,54926.69886
ADD,720000
XYHDL,127933.889
PPGPPDP,40088.96244
GDPTPDP,35005.32232
GK1,752400
DGK1,84955.86931
ORPT,46517.55323
DUTPDP,39600
PPNCL2,22806.01846
PPCDC,2998.8
PTPATi,44280
MOAT,61853.54024
MOAT2,47232.77103
HEPT3,43033.09499
GLCTR1,67401.84115
HEPK1,41200.90065
RHAT1,81890.13715
GALT1,37214.53082
GLCTR2,40490.97127
GLCTR3,45494.08058
HEPK2,42808.1482
MOAT3C,42333.38454
HEPT4,52593.48002
ECA4OALpp,49062.96734
O16A4Lpp,42078.34583
HEPT1,67343.40082
HEPT2,35740.50045
AGMHE,70495.43599
GLYAT,72
THRD,316800
NDP7,110785.2546
CDPPH,56675.46995
G3PD2,111757.4129
SERAT,60840
M1PD,684000
NTP3,1188
3KGK,55391.58293
DOGULNR,61242.04569
VPAMTr,38892.45475
AAMYLpp,64602.83762
XYLI1,45795.02279
XYLI2,41067.46982
DXYLK,846000
GLYCLTDx,52624.68688
2DGULRGx,60835.72576
2DGULRx,58475.24253
2DGULRy,45710.02342
DKGLCNR2y,39397.13922
2DGULRGy,36368.18337
DKGLCNR2x,36343.0707
BSORx,65074.26029
BSORy,60853.45083
PETNT181pp,70710.87747
PETNT161pp,58854.41166
DDGLK,128695.3131
TREH,716400
GLUDC,70154.36413
GTHOr,135763.588
INOSTO,70618.25391
GPDDA1,148000.9189
GPDDA2,78038.96436
GPDDA5,74725.3762
GPDDA4,11880
GPDDA3,10080
GTHRDHpp,60145.51299
GNK,82905.5453
ASAD,64054.19586
GLBRAN2,45449.00075
GLDBRAN2,151455.8973
GLGC,1332000
GLCS1,69696.79545
GLCP,39841.7762
GLCP2,31711.38861
MLTP1,136800
MLTP3,100800
MLTP2,58199.14588
AMALT1,58727.13631
AMALT3,44649.30461
AMALT4,38743.99912
AMALT2,38183.08472
PMEACPE,339259.223
PPCK,2412
NTD7,82800
NTD8,54000
NTD12,864
ADPRDP,421200
SHKK,170614.8606
DHQS,182339.7476
RPE,720000
PGLYCP,338400
FRULYSK,50085.96242
FRULYSDG,105143.819
SHCHD2,42749.85735
SHCHF,29348.01603
UPP3MT,29227.93983
NTRIR2x,101075.1598
SHK3Dr,853200
ACCOAC,32107.64539
PCNO,39865.19826
MDH,3351600
ACNML,36000
AMANAPEr,68140.83708
AMANK,201600
GLUSy,45511.11959
KDOPP,125291.642
A5PISO,110908.807
UAGCVT,17100
OCTDPS,29870.99269
DHPS2,55611.95359
PGAMT,28440
ARGSS,45537.09905
GALCTD,101676.7949
GLCRAL,85552.99228
GLYCK2,64306.93169
PPAKr,65070.75807
GUI1,705600
GUI2,50398.34287
ALTRH,129804.9056
PTRCTA,66381.61249
FE3DCITR5,58192.88281
FE3DHBZS3R,53571.8717
FEENTERR4,42337.93586
TARTD,67264.0975
APG3PAT160,131162.4418
APG3PAT141,115654.7021
APG3PAT120,112597.1117
APG3PAT181,101075.3012
APG3PAT161,80546.28295
APG3PAT180,70964.93088
APG3PAT140,65314.24245
DHNPTE,40786.53864
DHNPA2r,31829.69513
UDCPDPpp,32400
GMHEPK,253025.0491
GMHEPAT,155527.713
DB4PS,62807.64349
QMO3,186636.9679
QMO2,142506.8288
NADPHQR3,90709.86024
NADPHQR4,53887.56163
NADPHQR2,52792.56822
AGPAT141,80251.98333
AGPAT140,77646.22973
AGPAT161,57552.46672
AGPAT160,47968.60135
AGPAT181,39471.77352
AGPAT180,25359.3717
AGPAT120,23582.26053
DKGLCNR1,76003.00675
13PPDH2,47703.13437
CYSDS,70484.86107
CYSTL,122760
2HESR,53760.87025
GSPMDS,30805.92171
GSPMDA,7560
ORNDC,99211.41279
ASNNpp,370205.6841
GLUNpp,118800
NTPP11,118711.7271
NTPP10,92722.54846
NTPP9,87676.51637
GTHS,41531.96719
METAT,151.2
ARGDCpp,37369.02616
AGMT,147021.3586
TKT2,326017.9238
TKT1,209443.6303
FBP,79200
E4PD,608400
PGK,5328000
FBA,2952000
FBA3,82209.8877
PPCSCT,77624.6537
MMCD,54605.03613
MMM,42900.43371
RPI,24840000
ARHGDx,50155.56121
AHGDx,47447.72591
PGCD,198000
FOMETRi,42174.29072
OMPHHXy,37188.61081
OPHHXy,41963.68919
DSBCGT,61039.36992
IPDDI,51044.57635
GUAD,150409.9222
MOCDS,44392.48447
PHDA,120154.9689
DAPAL,210960
HXAND,63956.6797
XAND,63186.76531
KDUI,58457.99295
5DKGR,71308.70833
DAPDC,68626.71883
AACPS4,30868.4284
2AGPGAT140,51713.33429
2AGPEAT161,40089.77591
2AGPGAT160,35240.68755
2AGPEAT141,35140.03066
2AGPGAT161,34307.26976
2AGPGAT120,32527.52148
2AGPEAT181,30770.74296
2AGPGAT180,30403.06318
2AGPEAT160,30006.37696
2AGPGAT181,29919.44741
2AGPGAT141,28335.21035
2AGPEAT140,24793.18892
2AGPEAT120,23840.85475
2AGPEAT180,23662.76672
TMDS,1008
ACGS,65950.55998
AGM3PApp,44250.64873
CYSSADS,32768.79488
FCLK,38884.74001
FCI,56285.82799
ARABDI,42679.66476
LCARS,53492.55732
CDGR,39227.0825
GLCRD,126000
GDPDPK,27532.38934
GTPDPK,40677.43819
NTPP8,342000
NTPP3,62640
NTPP6,74471.73116
CTPS2,18000
ENO,13025900.55
CPH4S,91528.29937
SULR,92612.35498
FADRx2,80785.68828
SADT2,38140.25848
ADSK,67140.88571
MEPCT,93240
MECDPS,74581.11921
NTD11,42140.26351
NTD4,327600
NTD10,101052.0133
FCLPA,69480
BGLA1,70126.64237
NHFRBO,432
SBTPD,191900.3153
NMNDA,133279.9925
ALKP,240522.213
GLUCYS,79560
RHCCE,1368
CYANST,828000
ACOTA,10800
SDPTA,1080
ABTA,170640
SHGO,55827.88399
NADK,198000
PPND,1620
CHORM,123058.8
PPNDH,6804000
PSSA181,117782.2129
PSSA120,69116.71312
PSSA160,52315.64568
PSSA140,50433.68041
PSSA141,44065.80682
PSSA161,42939.22069
PSSA180,33635.92525
ASPO4,138170.8873
ASPO6,97864.22492
ASPO3,50803.6779
ASPO5,44509.68046
PDX5PS,39336.39117
ACPS1,3600
PRFGS,29380.03887
NODOx,96376.71158
NODOy,96138.90262
THRA,166305.1027
THRA2,65213.36205
ALATA_D2,25729.95974
GHMT2r,115575.3031
THFAT,80327.46488
DHCIND,159907.4445
DHPPD,121822.1854
PPPNDO,46037.96639
CINNDO,45022.75287
MI1PP,23400
G2PP,10440
I2FE2SS2,27158.71096
I2FE2SS,26705.68698
ICYSDS,31482.27305
I2FE2SR,25932.7988
I2FE2ST,103610.4553
I4FE4ST,68503.12137
I4FE4SR,41017.56516
AMPTASECG,641998.8
MCPST,45000
NDPK3,45128.14971
IMPD,45611.98807
GMPS,34083.13766
GMPS2,31100.29866
PPA,1404000
PPA2,1400400
PPK,51822.36408
PPK2,43262.39843
GARFT,81462.77332
PRAIS,50408.71425
UPPRT,69795.80651
DHDPS,446400
PRASCSi,42053.62976
SDPDS,960001.2
GDPMNP,97276.16567
ME2,239760
ETHAAL,2772000
CPPPGO,42907.91074
AGM4PApp,43138.84289
FCLT,32474.65767
MDDCP3pp,67907.04541
MDDCP2pp,65930.06627
MDDCP4pp,54480.03686
MDDCP5pp,49984.87272
ACM6PH,20520
CYSS,2916000
PYDXK,52316.73206
PYDAMK,209418.5841
PYDXNK,85070.42232
DHAPT,10080
PUNP5,22320000
PUNP3,7236
PUNP4,7236
PUNP7,7236
GLUTRS,5400
HEX1,4320000
EDTXS3,48783.00236
FORCT,48074.58689
OXCDC,218520
ACOXT,48444.26427
SERD_D,5760
NTD9,234000
ACACT8r,35878.04934
ACACT7r,23400
ACACT2r,23400
ACACT3r,23400
ACACT4r,23400
ACACT6r,23400
ACACT1r,23400
HACD7,73637.19137
ECOAH4,65285.84614
ECOAH5,64870.3162
ECOAH6,63626.50789
ECOAH1,63467.63886
ECOAH3,57480.72505
ECOAH2,56317.98884
ECOAH7,55816.72333
ECOAH8,32086.10914
CHORS,103332.5695
MLDEP2pp,59017.19048
MLDEP1pp,46316.82498
3OAS140,38172.83671
KAS14,28825.91764
3OAS80,21434.21162
3OAS100,20877.66445
3OAS160,20760.04797
MACPD,165949.8572
OPMEACPS,22638.39395
3OAS161,21677.08343
3OAS141,21674.18825
3OAS121,21514.43763
PERD,48209.61819
DHFS,40173.30567
GLUPRT,65598.18524
DHPTPE,121926.8261
PTAr,432000
PTA2,135473.646
2DOXG6PP,380925.1096
F6PP,263738.9117
R5PP,17640
RU5PP,439270.2144
NTD5,109440
NTD1,86400
NTD3,93600
NTD6,50400
ALATA_L,251727.8486
NADH16pp,12774816.24
NADH17pp,104056.3417
NADH18pp,45041.85549
ICHORS_copy2,4798.8
SEPHCHCS,180
SHCHCS3,62617.14723
DHNCOAS,223.2
SUCBZS,118660.3454
SUCBZL,26271.21653
ULA4Ntppi,66671.07093
LA4NTpp,60477.66565
UPLA4FNF,104331.192
ULA4NFT,251083.3299
UDPGDC,224950.7694
UPLA4FNT,44423.12955
UDPKAAT,26729.94135
NTPP7,154800
RHMND,53338.97709
LKDRA,91213.07564
G3PD6,119880
G3PD7,64408.33682
GPDDA1pp,128944.3053
GPDDA2pp,115447.5796
GPDDA5pp,110220.2169
GPDDA4pp,11880
GPDDA3pp,10080
DMQMT,72091.34828
OHPHM,39681.87418
HXCT,41944.56538
BUTCT,37724.13843
MDH2,73183.05427
MDH3,56185.78485
NO3R1bpp,57006.17128
NO3R2bpp,61709.16685
MDDEP1pp,71396.17688
MDDEP2pp,41984.61025
AGM4PCPpp,53829.07029
4PCPpp,48473.76139
COLIPAKpp,88153.27638
FRUK,5040
PSURIK,39580.89973
YUMPS,82820.7824
SFGTHi,162246.3472
GTPCI,48315.74254
DURADx,2304
CYTD,100156.0697
DCYTD,77053.26109
LDH_D2,77778.5748
LACZpp,49417.51831
HETZK,37857.65978
HMPK1,1548
PMPK,252
GLTPD,31680000
CYTDK1,89605.6072
URIK1,43928.56537
URIK2,35952.52195
CYTDK2,33187.45111
DCTPD,4464
GMAND,45085.78759
GDMANE,125110.5893
GOFUCR,115875.1888
GDPMNH,81216.5427
MAN1PT2,70714.03812
PMANM,69137.15268
UDPGPT,75237.38803
TDPDRR,79708.25766
G1PTT,554400
TDPDRE,36229.56669
O16AUNDtpp,80672.53648
UDPGALM,46921.36085
O16GALFT,45635.43925
O16AT,53459.75836
O16GLCT1,33327.63049
GND,161146.9072
UDPGD,40068.92697
O16AP1pp,104232.6309
O16AP2pp,97523.89389
O16AP3pp,46781.74121
PRATPP,96911.98233
PRAMPC,89807.45921
PRMICI,44112.88264
IG3PS,49442.60478
IGPDH,106519.1402
HISTP,93063.7799
HSTPT,78234.9942
HISTD,167615.1705
ATPPRT,57820.21566
ACBIPGT,120272.6638
ADOCBIK,78597.38505
ADOCBLS,49740.45465
NNDMBRT,53325.52121
AMPN,89390.05207
GLYOX3,1260
AAMYL,112037.4297
CYSDDS,55277.18983
PGSA120,183535.9871
PGSA161,121133.685
PGSA140,119967.2995
PGSA180,100406.4815
PGSA141,78821.71325
PGSA160,68024.60254
PGSA181,67880.34
TRE6PP,83801.79472
TRE6PS,11520
DMSOR2pp,66129.6542
DMSOR1pp,32886.85472
CXSAMS,141671.3349
NTPP5,41760
DNTPPA,59488.13335
EDTXS4,59056.59239
EDTXS2,31822.72465
PYK,1396555.235
PYK3,113363.8874
PYK6,80378.90675
PYK4,52076.50231
PYK2,49051.19671
G6PDH2r,156615.5536
EDD,77397.64808
OAADC,312123.1249
EDA,114373.7122
ACKr,12654000
GART,42666.2883
HPYRP,78098.4848
ADCS,115.2
FACOAL100t2pp,34346.08781
FACOAL60t2pp,32851.14251
FACOAL80t2pp,32051.1725
FACOAL161t2pp,30689.80121
FACOAL181t2pp,104.4
MALDDH,83728.38544
ALR2,79590.72452
GAPD,19848315.93
ALR2x,98483.33487
NNAM,419285.565
ASNN,282799.0163
SELNPS,34625.81534
GLUDy,63459.99654
NTPP4,92880
SOTA,10800
AST,82749.00807
SGSAD,72217.97048
SADH,122325.1672
SGDS,134918.909
NADS1,34401.19743
MC6PH,58738.83987
DC6PDA,119212.2867
CAT,106369.425
GAPP,60522.69931
THIORDXi,51404.98824
GTHPi,59657.44767
PPS,109711.9776
FACOAL140t2pp,33444.22129
FACOAL180t2pp,32727.3504
FACOAL141t2pp,31667.10326
FACOAL160t2pp,30467.69668
FACOAL120t2pp,30319.33499
ACOAD1fr,120544.7793
DHQTi,101331.967
QUINDHyi,94903.49962
QUINDH,43617.81305
DHNCOAT,56148.13046
S4FE4ST,53428.89935
S2FE2ST,35746.2501
S2FE2SS2,31094.6127
S2FE2SS,21629.11273
S4FE4SR,109464.0014
S2FE2SR,31256.59968
SCYSDS,44183.94748
MLDCP1App,82478.0845
MLDCP1Bpp,67084.50062
MLDCP3App,41520.92006
MCTP1Bpp,49312.85428
MLDCP2Bpp,65122.33145
ALPATG160pp,50252.71784
ALPATE160pp,34887.2828
RBFSb,35109.49756
CFAS160G,432
CFAS160E,432
CFAS180E,432
CFAS180G,432
MDDEP3pp,63263.59679
MDDEP4pp,104008.2368
GRXR,74206.48378
LGTHL,45762.5852
SPODMpp,66504.46669
ANHMK,37010.04692
PYAM5PO,34070.31007
PDX5POi,468
ADA,89267.53017
DADA,88563.76521
CHOLID,61560.53451
METGLCUR,101972.8932
MAN6PI,180068.1857
DHFR,69147.50368
DHMPTR,89005.77356
THD2pp,170047.9299
SELR,49443.95802
SPMDAT1,90846.84114
SPMDAT2,69782.79417
LSERDHr,64657.46772
ATHRDHr,64602.97267
DSERDHr,44377.62596
SSALy,131046.2021
SSALx,89304.16913
TAGURr,56659.02299
ACONMT,47852.64137
PAI2I,135841.6252
PAI2T,29111.4734
AI2K,32545.03879
PDE1,835299.4006
PDE4,70906.27302
ALAALAD,70770.58458
ME1,92459.44008
ALCD19,62764.0255
ACANTHAT,73953.51962
DHCURR,55415.54027
CURR,38471.34123
METNA,60385.39564
ABUTD,20340
TEO2M,55547.31976
LCADi,65685.54628
GCALDD,6480
2HPTCOAT,155535.352
PACCOAL,39414.19074
OXDHCOAT,31799.53709
3OXCOAT,55336.1499
HPACOAT,116536.991
PACOAT,67535.93302
HADPCOADH3,75478.33563
REPHACCOAI,83292.45692
DHACOAH,59112.47888
PACCOAE,45033.30297
OXCOAHDH,47556.34362
PEAMNOpp,70495.02218
TYROXDApp,69895.12996
42A12BOOXpp,68198.45702
ALDD19xr,348480
LDH_D,78829.25668
4ABZGLUH,23312.13694
LADGMDH,55853.38366
ALAGLUE,86902.43309
CYANSTpp,828000
GGPTRCO,40194.25939
GGGABADr,84536.64901
3HPADHi,42154.49406
GGGABAH,99953.71955
GGPTRCS,21384
EAR100x,100723.6403
EAR121x,88329.29877
EAR161y,82925.39028
EAR140x,79812.82724
EPMEACPR,76153.74921
EAR60x,74134.36598
EAR140y,71427.99879
EAR120x,70473.70133
EAR181y,68399.61258
EAR40y,68266.38675
EAR141y,62933.06273
EAR80x,62861.5975
EAR141x,61975.70298
EAR181x,59897.63502
EAR60y,53098.74625
EAR180x,51879.86212
EAR40x,49510.5593
EGMEACPR,41106.43212
EAR180y,34622.05124
EAR100y,34163.30884
EAR160x,33488.31922
EAR161x,32117.27563
EAR160y,30981.05016
EAR121y,30738.92987
EAR80y,28287.07067
EAR120y,26680.51841
CDGUNPD,146440.3352
LDGUNPD,48156.67367
OMPDC,18000
UDCPDP,32400
PGPP181,97162.9109
PAPA161pp,504992.8997
PAPA180,440144.3614
PAPA140pp,438054.3334
PAPA181,384717.0331
PAPA140,342628.2518
PAPA120pp,328880.7934
PAPA141pp,315310.3576
PAPA161,306738.147
PAPA141,250447.0546
PAPA180pp,237752.4243
PAPA160pp,231544.4633
PAPA120,229289.464
PAPA160,208452.6209
PAPA181pp,61969.33444
GTPCII2,540
CBIAT,71236.18104
CBLAT,33744.84735
ANS,13320
ANPRT,43687.05188
IGPS,179251.7
PRAIi,115200
TRPS1,23904
TRPS2,828
TRPS3,1800
CLPNS161pp,75749.58691
CLPNS141pp,60266.97567
CLPNS181pp,57379.94726
CLPNS140pp,53129.94123
CLPNS180pp,44572.61239
ALCD2x,38275.87142
DURIK1,47935.47929
TMDK1,37831.37059
GALUi,43644.85464
FTHFD,56799.29767
KDOPS,19116
GLUTRR,468
CDPMEK,48034.94844
PRPPS,76449.48368
TREHpp,716400
4PCP,368025.7582
AM4PCP,297350.6792
AGM4PCP,274917.7965
UM4PCP,114751.7376
ALAR,99601.2
DAAD,66514.79905
DSBAO1,42589.50023
DSBAO2,40628.32854
ICDHyr,383040
NDP3,50361.07015
TDP,78347.25204
ADSL2r,65511.51477
ADSL1r,52937.90418
ACGAMK,47985.8923
AGM3PH,85810.52973
AGMH,70842.10889
AGM4PH,61409.51387
TMK,51447.79716
PNSPA,85955.66553
DTMPK,53420.7701
ADCL,51464.6279
3OAS180,64714.60969
3OAS60,24315.00106
3OAS120,22731.99629
3OAS181,113083.1628
G3PAT141,44641.11376
G3PAT181,40367.30375
G3PAT140,39733.52264
G3PAT120,38403.90002
G3PAT160,36436.99096
G3PAT161,36103.3946
G3PAT180,26607.17437
AACPS3,27315.9877
AACPS7,25958.5977
AACPS6,25104.69583
AACPS8,21063.27015
AACPS9,20750.4495
AACPS2,20750.08226
AACPS1,20745.53024
AACPS5,20416.08438
MCOATA,35830.17228
ACOATA,46627.39663
ACPPAT160,56596.65858
ACPPAT120,55201.12686
ACPPAT161,36122.18474
ACPPAT140,36003.91388
ACPPAT141,32116.75173
ACPPAT180,29831.16414
ACPPAT181,29699.60543
UAGAAT,55002.9292
3OAR180,97218.05665
3OAR181,96250.35594
OPMEACPR,76760.17656
OGMEACPR,74272.01557
3OAR40,73344.63007
3OAR140,70161.15411
3OAR161,65215.19941
3OAR60,56135.66993
3OAR121,54917.38823
3OAR141,52649.06651
3OAR160,48521.50235
3OAR120,47519.21349
3OAR100,47315.22476
3OAR80,45495.96083
KAS15,73898.47134
OGMEACPS,26462.89312
ASR,66834.18053
DHORTS,6840
MTRPOX,448353.14
SARCOX,101503.5569
EDTXS1,55684.5271
HPYRRx,62428.10463
GLYCLTDy,52522.45937
HPYRRy,36387.45358
DGUNC,54068.93725
PUACGAMS,34318.30265
P5CD,100308.3139
PROD3,34068.78463
URACPAH,128428.6529
POAACR,37530.04617
3AMACHYD,109364.1979
MSAR,79845.7334
PYROX,37360.26087
G1PPpp,421200
GAL1PPpp,98804.09727
PHYTSpp,24951600
NTP3pp,1188
CYTBD2pp,84888.89922
APH160,44230.64538
APH120,42342.85231
APH181,36437.6653
APH161,36190.38685
APH140,33659.74042
APH141,33028.26164
APH180,29892.74755
MGSA,730800
3HAD60,180165.2644
3HAD140,119822.7211
3HAD180,77169.12258
3HAD181,58066.45999
3HAD40,51995.15083
3HAD121,38475.78073
3HAD141,37600.39146
3HAD80,35445.91149
3HAD100,31865.24545
3HAD161,29081.51473
3HAD160,23687.28536
T2DECAI,45580.82161
DHORD2,89793.57721
DHORD5,67175.0146
FMNRx2,57586.91991
FMNRx,88320.61422
FDMO4,83814.77552
FDMO3,73207.47371
FDMO6,53432.41027
FDMO2,52104.99719
FDMO,51364.62529
NAMNPP,39777.21234
PHETA1,648000
TYRTA,44880.1438
ASPTA,57.6
CYSTA,60623.42387
MLDCP2App,48700.29878
KDOCT2,60657.43814
TDSK,31587.35968
COLIPAabcpp,51519.82831
LIPACabcpp,44002.38062
LIPAabcpp,33863.13427
UMPK,117592.7653
CYTK2,392400
CYTK1,370800
PSCVT,360000
PSERT,47943.2217
OHPBAT,38472.30086
TMAOR2,55542.02766
DMSOR2,46786.28677
POX,77706.70456
ALATA_L2,30093.5339
4HTHRA,285361.15
PMDPHT,140194.266
MOCOS,61679.97639
BMOCOS,60612.45919
BWCOS,41385.67045
WCOS,34891.92926
MPTSS,62477.70379
F6PA,248138.724
F1PP,175894.7664
G3PT,133027.7466
CLPNS120pp,72569.91389
CLPNS160pp,38107.66934
MPTS,78617.89033
MOADSUx,32152.83015
CPMPS,67589.59623
DBTS,100.8
MALCOAMT,22588.40026
AOXSr2,30198.40211
BTS5,50040
AMAOTr,1018.8
PGL,445035.0849
PYDXPP,184478.8178
PDXPP,146120.3675
UDPG4E,86040
UGLT,223200
GALKr,46300.67878
GALM2pp,61753.00531
PGM,286270.8666
DDPA,6120
QULNS,35704.84612
MANPGH,102322.8124
SUCOAS,161028
SUCDi,348412.3309
CS,158400
PGMT,21.6
G6PDA,6480000
AGDC,378000
ASNS1,10584
OMMBLHXy,72236.32615
CYTDH,41760
URIH,39060
NTP1,61920
NNATr,36148.10868
RZ5PP,163992.6805
LIPOCT,27833.79764
LIPOS,30426.861
CITL,90426.59776
TPRDCOAS,51451.44968
NADHPO,78890.11212
DSBGGT,45356.72478
3HBZCT,98553.50089
DHBD,100506.6755
ICHORT,36000
DHBS,20988
ICHORS_copy1,4798.8
SERASr,47520.62193
ENTERES,167184.4441
FEENTERES,76556.95925
ENTCS,75307.61412
DHPTDNR,48240
DHPTDNRN,39928.27811
MTHFC,153051.0658
MTHFD,75414.87348
USHD,135982.9036
AIRC3,59849.95683
AIRC2,21240
CBMKr,132251.9875
URDGLYCD,46566.33198
ALLTAMH2,239615.5129
UGCIAMH,137305.4295
GLYCK,56631.08822
ALLTN,2080.8
TRSARr,114080.5464
HPYRI,40483.26047
GLXCL,68040
UGLYCH,124108.9893
LPLIPAL1E140pp,80359.58157
LPLIPAL1A141pp,76173.89044
LPLIPAL1G160pp,72728.86788
LPLIPAL1E120pp,68213.71962
LPLIPAL1A161pp,64292.58727
LPLIPAL1E141pp,62198.85846
LPLIPAL1A160pp,61464.26061
LPLIPAL1A120pp,56416.07922
LPLIPAL1E181pp,54942.42834
LPLIPAL1G120pp,53223.88699
LPLIPAL1E161pp,51612.44439
LPLIPAL1E160pp,49018.45401
LPLIPAL1A181pp,47647.341
LPLIPAL1G161pp,47591.5801
LPLIPAL1E180pp,45957.79338
LPLIPAL1A140pp,45931.30878
LPLIPAL1G140pp,44383.36353
LPLIPAL1G181pp,43013.3178
LPLIPAL1G141pp,42244.30683
LPLIPAL1G180pp,41720.50554
LPLIPAL1A180pp,40638.81949
ALDD2y,118944.3827
GLUN,118800
NTD2pp,219600
NTD3pp,93600
NTD11pp,87231.61544
NTD1pp,86400
NTD6pp,50400
NTD12pp,864
UACGAMPpp,178221.5101
UDPGALPpp,173318.5771
UGLCURPpp,139950.4097
UDPGPpp,131168.7661
UACGALPpp,124189.3529
GSNK,38844.93284
INSK,37606.35289
NDPK5,64928.31469
NDPK2,50056.6939
NDPK1,47618.20363
NDPK4,42864.15514
NDPK7,34944.15836
NDPK6,32829.28236
NDPK8,30031.18624
ADK1,176681.4088
ADK4,62685.06114
DADK,62543.14022
ADNK1,51457.89744
ADK3,47288.19344
ADPT,87139.36438
GLCATr,60050.08779
MALTATr,57322.24157
FACOAE100,132742.2426
FACOAE181,83992.09966
FACOAE141,80438.50827
FACOAE160,61487.52588
FACOAE161,57258.54062
FACOAE180,56089.19439
FACOAE60,54589.54301
FACOAE140,45309.01961
FACOAE80,41216.60308
FACOAE120,36468
ACP1_FMN,33840
2MAHMP,100342.7108
CCGS,36626.83883
AGMt2pp,78079.22307
AGM3Pt2pp,70521.94332
AGM4Pt2pp,46367.87586
CYTBO3_4pp,3456000
HEMEOS,74825.43266
DPR,28800
GRTT,29295.78396
DMATT,25252.89169
DXPS,9360
PGPP161,262818.9398
PGPP161pp,255550.7413
PGPP180pp,245746.388
PGPP160,240401.5284
PGPP140,239413.7126
PGPP141pp,237334.6314
PGPP120pp,216070.1122
PGPP140pp,139702.3675
PGPP181pp,133171.8803
PGPP180,124054.7736
PGPP160pp,114288.9956
PGPP120,101325.2283
PGPP141,70145.79744
TMPK,61885.70436
RBFSa,46910.50936
APRAUR,34656.49939
DHPPDA2,32681.88971
FA140ACPHi,238671.0435
FA80ACPHi,167744.1158
FA141ACPHi,152443.3088
FA120ACPHi,150872.5562
FA160ACPHi,140807.8395
FA100ACPHi,138944.6713
FA161ACPHi,131508.499
MLTG4,198799.2106
MLTG1,110961.5002
MLTG2,97843.53328
MLTG3,92965.47457
MLTG5,70195.25818
HEX7,50400
P5CR,82621.00391
3NTD4pp,72018.17576
PPTHpp,2690052.721
ACP1p,42418.76212
ALAALAr,48962.9277
MDDCP1pp,72934.50401
PPBNGS,40735.57498
TAUDO,117821.9385
FALDH2,77529.166
HOPNTAL,739440
ACALD,56520
OP4ENH,1620000
HKNTDH,88935.18717
HKNDDH,76039.58734
HPPPNDO,62729.62986
DHCINDO,42469.29098
3HPPPNH,62525.94043
3HCINNMH,52675.01159
LACZ,120272.9526
CYNTAH,46599.88951
CSND,666000
MCITD,77896.16941
MCITS,44593.78769
MCITL2,68400
LCARSyi,51663.63255
PPDOy,34363.54708
BETALDHx,114309.1179
BETALDHy,66361.24698
CHOLD,85356.96667
DXYLTD,54004.05486
HCYSMT2,28154.89991
HCYSMT,1368
G5SD,63613.44039
GLU5K,68494.26554
HXPRT,84547.30713
XPPT,540000
LALGP,438508.0581
S7PI,53702.62485
ACOAD1f,74217.41566
ACOAD2f,73942.69539
ACOAD7f,68841.7976
ACOAD3f,55431.9018
ACOAD4f,53001.39331
ACOAD5f,50054.12664
ACOAD8f,46961.24815
ACOAD6f,45139.54712
GLYOX,190800
MLTGY4pp,63767.14356
MLTGY3pp,53688.14026
MLTGY1pp,88769.54387
MLTGY2pp,76763.8392
GMHEPPA,72647.83874
LYSDC,108000
LPADSS,44160.21449
3HAD120,31022.08839
OGMEACPD,33973.0143
OPMEACPD,30426.60685
U23GAAT,38678.50009
DASYN140,123416.7126
DASYN120,121853.9848
DASYN160,76454.26472
DASYN180,51259.73919
DASYN161,50741.22334
DASYN181,39735.19036
DASYN141,34857.11483
UDCPDPS,23064.94493
DXPRIi,33975.87795
THDPS,67973.30591
NTPTP1,14400000
NTPTP2,257719.0334
5DOAN,92679.08145
AHCYSNS,1620
MTAN,1152
G1SAT,37242.74105
HPPK2,32887.18739
MOHMT,30946.74581
PANTS,5040
ASP1DC,2052
HCO3E,75355.0234
GUAPRT,403200
GLCDpp,48551.41506
FEROpp,40222.31028
CU1Opp,62760.26843
SPMS,60096.1142
APCS,32269.73806
ADMDC,81611.81815
ACONTa,126902.0613
ACONTb,6199427.066
MICITDr,44933.23754
GLYCL,41483.70308
AKGDH,598062.19
PDH,8334311.943
AGM3PA,176605.1653
AM3PA,112889.3685
AM4PA,108228.7793
AGM4PA,102494.2679
NNDPR,37610.72516
GMPR,31616.62383
DPCOAK,14436
NTPP2,114342.7271
NTPP1,107418.2038
UHGADA,63311.85986
UAMAS,27385.20197
UAGPT3,34300.27381
UAMAGS,25742.37657
PAPPT3,45027.0673
UGMDDS,64800
UAAGDS,33989.29057
IPPS,83179.41806
IPMD,121269.5699
IPPMIa,188650.2353
IPPMIb,44601.959
XYLK2,84767.75688
XYLK,37547.57457
RBK_L1,3024
ARAI,54410.56462
AP5AH,132462.033
GP4GH,129219.3278
AP4AH,105382.7496
NADH10,117092.9035
NADH9,54379.94477
CRNCBCT,64435.27782
CRNBTCT,54373.23758
CRNDCAL2,50132.50269
CTBTCAL2,49902.22403
CRNCAL2,29735.74585
CRNCAR,184067.4942
CRNCDH,101856.7062
CBPS,17244
DHDPRy,65089.8005
XTSNH,60134.23386
INSH,309.6
ADNUC,55.44
IPDPS,44811.50985
DMPPS,37798.51491
FMNAT,27737.90985
RBFK,25528.97901
MPTAT,85171.5542
TALA,4680000
THRS,1440000
HSK,167447.5164
4HTHRK,64144.86682
ASPCT,1501200
RNTR2c2,59338.06951
FHL,47769.3377
PFL,46080
FLDR2,92994.89236
FDH4pp,55562.61011
MOGDS,64115.15733
BWCOGDS1,59838.75963
BMOGDS2,47261.72584
BWCOGDS2,46431.27286
RNDR2,56589.23412
RNDR3,49354.71963
RNDR4,60135.87086
ATPS4rpp,72000000
ACHBS,255600
METSOXR1,45317.99755
TGBPA,54
HYD1pp,499165.1499
RNTR3c2,45256.31282
RNDR4b,133302.8848
RNDR2b,78264.7634
RNDR3b,90987.03174
DSBDR,87395.65561
PAPSR,135797.6825
RNDR1,52642.37503
MECDPDH5,46814.22547
G3PD5,119880
ACACCT,59421.21215
3PEPTabcpp,63935.59984
METSOXR2,35579.387
DMSOR1,68978.30625
FDH5pp,56228.18692
NO3R2pp,339429.8526
NO3R1pp,121854.4463
POR5,28591.05108
4PEPTabcpp,52432.36725
MPTG2,67917.89563
MPTG,52986.52735
PAPSR2,63837.1707
TMAOR1pp,38283.48193
TMAOR2pp,32625.90547
CYTBDpp,47799.5592
HYD2pp,405701.5621
HYD3pp,64490.45476
OBTFL,15588
TMAOR1,305173.8522
TRDR,106447.4755
RNDR1b,104865.1104
RNTR1c2,78803.54786
RNTR4c2,43973.64095
L_LACD3,57330.3649
L_LACD2,77335.7594
MCTP2App,171080.6538
MCTP1App,98973.01508
ACLS,255600
DDPGALA_reverse,59389.08847
FRULYSE_reverse,88020.11241
PUNP6_reverse,7236
PUNP1_reverse,11880
PUNP2_reverse,7236
PPM2_reverse,78382.46305
PPM_reverse,48076.99468
DURIPP_reverse,7236
TMDPP_reverse,73954.45574
MANAO_reverse,91031.67358
2DDARAA_reverse,74305.60581
IDOND_reverse,72862.87692
OCBT_reverse,76405.55984
RBP4E_reverse,89088.24245
NADHXE_reverse,124326.8429
NADPHXE_reverse,142042.3597
LYSAM_reverse,73191.65529
FUM_reverse,4140000
ALLPI_reverse,62495.81693
ALLULPE_reverse,33506.76876
PGI_reverse,18894555.37
AICART_reverse,40775.96736
IMPC_reverse,84207.5602
PRAGSr_reverse,92835.43899
GLUR_reverse,43801.2
ARGSL_reverse,44910.4328
AGPR_reverse,118390.7061
APPLDHr_reverse,77292.84878
ASPK_reverse,46416.5033
HSDy_reverse,186054.705
TPI_reverse,158840.0141
RMI_reverse,53264.33324
RMPA_reverse,137880
GHBDHx_reverse,127729.5553
HACD4_reverse,74931.9091
HACD3_reverse,78504.17496
HACD1_reverse,81388.32686
HACD5_reverse,72003.62601
HACD6_reverse,70200.88846
HACD2_reverse,80925.67911
HACD8_reverse,35560.73635
CTECOAI7_reverse,61167.98016
CTECOAI6_reverse,36061.86944
CTECOAI8_reverse,28798.60368
ACACT5r_reverse,42094.72897
PYNP2r_reverse,55333.7417
DAPE_reverse,241200
UAG2E_reverse,53775.84049
KARA1_reverse,78656.39457
KARA2_reverse,47703.09446
ILETA_reverse,39286.23378
VALTA_reverse,130669.9685
TRPAS2_reverse,31828.09978
GK1_reverse,752400
DGK1_reverse,56778.17925
ORPT_reverse,85723.79766
GLYAT_reverse,72
G3PD2_reverse,62848.62464
SERAT_reverse,124971.3197
M1PD_reverse,83426.80356
VPAMTr_reverse,35324.07478
XYLI1_reverse,41784.30221
XYLI2_reverse,44224.56436
GTHOr_reverse,180000
INOSTO_reverse,49976.40906
ASAD_reverse,202243.105
MLTP1_reverse,92673.18324
MLTP3_reverse,60299.89543
MLTP2_reverse,61482.2144
RPE_reverse,53593.65511
FRULYSDG_reverse,44434.82184
SHK3Dr_reverse,853200
PCNO_reverse,72503.25074
MDH_reverse,3351600
AMANAPEr_reverse,62550.40839
A5PISO_reverse,37800
PGAMT_reverse,28440
PPAKr_reverse,44815.51934
GUI1_reverse,48119.13917
GUI2_reverse,43291.1251
DHNPTE_reverse,43578.351
DHNPA2r_reverse,49640.84496
13PPDH2_reverse,125915.8495
TKT2_reverse,153208.3747
TKT1_reverse,96204.48914
E4PD_reverse,66904.51523
PGK_reverse,260256.0077
FBA_reverse,74836.67231
FBA3_reverse,57815.20921
RPI_reverse,248400
ARHGDx_reverse,68327.84002
AHGDx_reverse,59561.58125
IPDDI_reverse,60579.2064
5DKGR_reverse,112728.2937
FCI_reverse,42485.67423
ARABDI_reverse,53777.89926
LCARS_reverse,75516.24955
ENO_reverse,103792.7298
FCLPA_reverse,69480
SBTPD_reverse,145818.7376
ACOTA_reverse,43573.65835
SDPTA_reverse,42044.61921
GHMT2r_reverse,38520
NDPK3_reverse,72824.38665
GARFT_reverse,50044.52274
PUNP5_reverse,22320000
PUNP3_reverse,7236
PUNP4_reverse,7236
PUNP7_reverse,7236
FORCT_reverse,67262.27849
ACOXT_reverse,44515.09246
ACACT8r_reverse,62536.43752
ACACT7r_reverse,64247.05272
ACACT2r_reverse,53436.01495
ACACT3r_reverse,45922.08615
ACACT4r_reverse,59530.00372
ACACT6r_reverse,41750.77922
ACACT1r_reverse,793800
HACD7_reverse,62143.00442
ECOAH4_reverse,53226.13139
ECOAH5_reverse,52931.57455
ECOAH6_reverse,53642.84643
ECOAH1_reverse,67772.16329
ECOAH3_reverse,56156.12896
ECOAH2_reverse,61335.94824
ECOAH7_reverse,46853.30245
ECOAH8_reverse,41321.36268
PERD_reverse,85456.76294
DHPTPE_reverse,86149.14949
PTAr_reverse,432000
ALATA_L_reverse,60660.24815
ICHORS_copy2_reverse,61468.69752
UDPKAAT_reverse,110290.9906
RHMND_reverse,81914.45516
LKDRA_reverse,34771.03338
YUMPS_reverse,71331.24637
DURADx_reverse,2304
GLTPD_reverse,79900.96582
PMANM_reverse,47443.81536
UDPGPT_reverse,68103.56631
PRMICI_reverse,31295.93148
G6PDH2r_reverse,81969.85226
ACKr_reverse,12654000
GAPD_reverse,95439.13346
GLUDy_reverse,14815453.08
MAN6PI_reverse,295433.8636
DHFR_reverse,36000
LSERDHr_reverse,65106.99289
ATHRDHr_reverse,72890.19952
DSERDHr_reverse,51079.14062
TAGURr_reverse,135684.0258
ALCD19_reverse,40392.69986
METNA_reverse,84764.6906
HADPCOADH3_reverse,73288.14017
REPHACCOAI_reverse,73490.85456
DHACOAH_reverse,79579.63469
ALDD19xr_reverse,348480
LDH_D_reverse,38796.51899
4ABZGLUH_reverse,47076.76765
ALAGLUE_reverse,145260.933
GGGABADr_reverse,55686.34375
CBIAT_reverse,75555.2439
CBLAT_reverse,89521.13115
CLPNS161pp_reverse,28657.3883
CLPNS141pp_reverse,26166.13382
CLPNS181pp_reverse,28063.14845
CLPNS140pp_reverse,58300.94377
CLPNS180pp_reverse,49737.29162
ALCD2x_reverse,94370.16257
PRPPS_reverse,66269.10878
ALAR_reverse,99601.2
ICDHyr_reverse,383040
ADSL2r_reverse,36483.76139
ADSL1r_reverse,37499.6928
DTMPK_reverse,85532.31102
MCOATA_reverse,37268.74996
ACOATA_reverse,31554.46125
UAGAAT_reverse,37382.30447
3OAR180_reverse,62242.59658
3OAR40_reverse,84447.49236
3OAR140_reverse,79949.09282
3OAR60_reverse,126804.1723
3OAR160_reverse,114361.0631
3OAR120_reverse,114666.2941
3OAR100_reverse,80698.5703
3OAR80_reverse,102715.8649
DHORTS_reverse,223429.9983
PUACGAMS_reverse,74618.23203
T2DECAI_reverse,75813.63833
PHETA1_reverse,53573.54006
TYRTA_reverse,38712.09324
ASPTA_reverse,140230.5282
UMPK_reverse,60264.23036
CYTK2_reverse,392400
CYTK1_reverse,370800
PSCVT_reverse,44272.41978
OHPBAT_reverse,59097.47671
4HTHRA_reverse,58544.41876
F6PA_reverse,89110.83655
CLPNS120pp_reverse,28317.84973
CLPNS160pp_reverse,64347.68839
AMAOTr_reverse,39627.56765
UDPG4E_reverse,3456000
UGLT_reverse,43416.57259
GALKr_reverse,85778.22845
PGM_reverse,792000
SUCOAS_reverse,161028
PGMT_reverse,55950.96173
NNATr_reverse,44932.12432
DHBD_reverse,82511.48529
SERASr_reverse,38296.20741
MTHFC_reverse,251234.0033
MTHFD_reverse,67916.31907
AIRC3_reverse,55800
CBMKr_reverse,38656.23927
TRSARr_reverse,90439.224
HPYRI_reverse,31781.41307
NDPK5_reverse,97777.01677
NDPK2_reverse,66898.03538
NDPK1_reverse,41631.81877
NDPK4_reverse,58148.94516
NDPK7_reverse,74264.12828
NDPK6_reverse,43409.58935
NDPK8_reverse,45732.56016
ADK1_reverse,142610.5403
ADK4_reverse,94453.16122
DADK_reverse,45627.89731
ADK3_reverse,64295.46866
GLCATr_reverse,86657.78941
MALTATr_reverse,79430.32705
ALAALAr_reverse,40520.43658
FALDH2_reverse,52333.21495
ACALD_reverse,107599.0811
MCITL2_reverse,46223.11257
DXYLTD_reverse,50124.79746
ACOAD2f_reverse,70424.73451
ACOAD7f_reverse,57252.42847
ACOAD3f_reverse,91497.57864
ACOAD4f_reverse,59831.06939
ACOAD5f_reverse,64995.40817
ACOAD8f_reverse,78163.75242
ACOAD6f_reverse,55184.12847
G1SAT_reverse,41196.29239
HCO3E_reverse,84826.36913
ACONTa_reverse,86551.40459
ACONTb_reverse,91585.59906
MICITDr_reverse,10800
IPPMIa_reverse,81304.31244
IPPMIb_reverse,61750.17391
ARAI_reverse,87749.07557
CRNCBCT_reverse,79085.54746
CRNBTCT_reverse,93703.4378
CRNCAR_reverse,212863.9886
CRNCDH_reverse,80372.84827
TALA_reverse,112946.1191
ATPS4rpp_reverse,1260
TGBPA_reverse,38388.78484
POR5_reverse,45870.12874
GLCptspp,38160
