,kcat,MW,kcat_MW
AADDGT,49389.2889,40.6396,1215.299582180927
GALCTND,75632.85923999999,42.5229,1778.63831582512
DDPGALA,144563.54,21.3906,6758.274195207241
FRULYSE,80324.38012,249.3506,322.1342965286629
GLYCTO2,42109.98399,137.2828,306.73896504150554
GLYCTO4,39922.15732,137.2828,290.8023242532932
GLYCTO3,35660.771960000005,137.2828,259.7613973491217
NTP12,113417.3403,36.4253,3113.6968068897168
NTP11,64119.306670000005,36.4253,1760.2959116328489
NMNAT,74970.94162,24.528,3056.5452389106326
PSP_L,25740.0,35.0427,734.532441849515
LIPATPT,51956.8352,37.9259,1369.956552118737
LIPAMPL,45757.07137,37.9259,1206.4861050100328
OCTNLL,37293.2169,37.9259,983.3179146704495
PUNP6,7236.0,155.6995,46.474137681880805
PUNP1,11880.0,155.6995,76.3008230598043
PUNP2,7236.0,155.6995,46.474137681880805
PPM2,57451.685,44.37,1294.831755690782
PPM,54700.952820000006,44.37,1232.8364394861394
DURIPP,7236.0,94.4142,76.64101374581367
TMDPP,6372000.0,94.4142,67489.847925418
DRPA,1875600.0,27.7338,67628.66970988469
NTD2,219600.0,25.3006,8679.636056061912
FEOXAMR1,50387.33356,30.1128,1673.2862291118727
FEOXAMR3,40668.60688,30.1128,1350.5421906963152
FEOXAMR2,33173.239519999996,30.1128,1101.6325124199675
GALCTLO,43695.36217,36.4479,1198.8444374024293
MANAO,54264.70195,53.5802,1012.7752779944831
MNNH,2916.0,44.838,65.03412284223204
2DDARAA,147269.359,32.722,4500.6221807957945
ALDD3y,62142.7853,36.502,1702.4487781491425
IDOND,89391.67791,37.1466,2406.456523881055
IDOND2,62505.59535,37.1466,1682.6733900276204
5DGLCNR,115158.5468,27.5627,4178.057548788762
AMPTASEPG,125176.8017,98.9189,1265.44878380168
OCBT,12420000.0,110.4814,112417.1127447697
TRE6PH,69836.68218999999,63.8377,1093.9724048642101
UM3PL,23303.18852,49.8741,467.24028142863733
UM4PL,23149.30264,49.8741,464.1547945727342
BPNT,384816.3059,27.1759,14160.204662955044
3NTD2pp,219600.0,70.8322,3100.284898676026
3NTD7pp,70615.90918,70.8322,996.9464336841154
3NTD9pp,65736.30566,70.8322,928.0568111678022
23PDE7pp,57178.12738,70.8322,807.2335375718952
23PDE2pp,56631.7194,70.8322,799.5194191342356
23PDE4pp,46958.55042,70.8322,662.9548485011054
23PDE9pp,41562.22692,70.8322,586.7702389591175
FESR,243515.5455,24.8826,9786.579597791228
RBP4E,3078.0,25.2777,121.76740763597954
X5PL3E,67768.18407,32.0066,2117.319055132379
KG6PDC,122552.1848,23.4448,5227.265099297072
ASCBPL,64603.00855,240.364,268.7715654174502
ADSS,4932.0,94.6899,52.08580851812073
NADHXD,83730.22131000001,54.65,1532.1174988106131
NADHXE,64436.45039,54.65,1179.075030009149
NADPHXE,46650.81912,54.65,853.6288951509607
NADPHXD,43473.691419999996,54.65,795.4929811527904
NTP10,118859.4027,36.4253,3263.1001721331054
NTP5,56896.133929999996,39.1933,1451.680106803969
PSD140,86609.39762999999,35.9344,2410.2085363885303
PSD161,68763.00673,35.9344,1913.5704709136648
PSD120,60802.602360000004,35.9344,1692.0444576784366
PSD180,58100.87345,35.9344,1616.8594285698384
PSD181,52448.19702,35.9344,1459.5539933879516
PSD160,45977.23108,35.9344,1279.47679883343
PSD141,39728.71265,35.9344,1105.5899820227971
FRD2,46099.48229,121.2166,380.30667656080107
FRD3,42874.1855,121.2166,353.6989611983837
LYSAM,70678.62186,38.75,1823.9644350967742
ASPT,648000.0,209.4245,3094.193850289723
AP4AS,12240.0,115.6531,105.83373900051102
FUM,4140000.0,120.2106,34439.5585747014
DTARTD,85390.73061,120.2106,710.3427701883195
GALS3,69966.93794,101.3141,690.5942799669543
ARGDC,33046.002360000006,844.2524,39.142325636267074
ARMEPNS,41560.890869999996,101.125,410.9853238071693
CPL,85068.27561,31.845,2671.3228327837965
RPNTPH,99570.0216,42.01,2370.15047845751
R15BPK,59912.85105,20.7296,2890.2077729430375
AMPNTAT,48909.560339999996,16.57,2951.693442365721
PRCPD,52383.268130000004,55.696,940.5211887747774
ALLPI,42204.79456,32.1466,1312.8851747929798
ALLULPE,65270.972420000006,26.1092,2499.9223423161184
ALLK,169200.0,33.8209,5002.823697772678
NTRIR4pp,2520000.0,134.0271,18802.167621324345
NTRIR3pp,2520000.0,134.0271,18802.167621324345
ACCOAL,35660.90217,69.351,514.2089107583164
ACS,27449.794210000004,72.0936,380.7521639923656
NTD4pp,327600.0,60.824,5386.031829540971
NTD9pp,234000.0,60.824,3847.165592529265
NTD7pp,82800.0,60.824,1361.30474812574
NTD5pp,109440.0,60.824,1799.2897540444562
NTD10pp,86629.26194,60.824,1424.2611788109957
NTD8pp,54000.0,60.824,887.8074444298304
PTHRpp,80446.81136,98.8772,813.6032509011178
R5PPpp,17640.0,98.8772,178.40311012043222
G2PPpp,10440.0,98.8772,105.58551415290886
PSP_Lpp,5148.0,98.8772,52.064581116779195
TYRPpp,79114.141,104.4142,757.695227277516
DAGK161,106488.7048,39.734,2680.039885236825
DAGK160,77870.24113,39.734,1959.7886225902248
DAGK120,77868.12307,39.734,1959.735316605426
DAGK181,74703.88495,39.734,1880.099787335783
DAGK140,73932.06155,39.734,1860.6750276840992
DAGK180,26709.94234,39.734,672.2188136105099
DAGK141,25319.28212,39.734,637.2195630945789
HBZOPT,30560.63733,32.5118,939.9860152313929
CHRPL,48773.4676,18.7769,2597.5250227673364
PGI,33271789.85,123.0595,270371.56700620434
METS,35434.77297,84.6735,418.48716505163947
ICL,87563.55464,190.0863,460.6515810976383
MALS,173160.0,60.2736,2872.8995779246634
HSST,18828.0,71.4546,263.49598206413583
AICART,68360.17631,57.3292,1192.4146213447946
IMPC,34055.27666,57.3292,594.0302090383261
PRAGSr,40855.80557,45.9404,889.3219382068942
UPPDC1,85333.97581,39.2481,2174.2192822072916
NADDP,5371200.0,59.3779,90457.8976353155
AMPMS2,24212.05023,70.8504,341.7348417228414
TMPPP,93217.85083,23.0153,4050.25573553245
THZPSN3,21620.38816,600.7306,35.99015625306918
TYRL,40470.8694,26.8961,1504.7114414357472
PNTK,4104.0,72.7196,56.43595399314628
UAPGR,58905.76701,37.851,1556.2539169374654
GLUR,43801.2,31.002,1412.8507838203986
NADTRHD,85448.04568,412.4831,207.15526449447262
ARGSL,118035.1835,50.3182,2345.775156901479
ACGK,138974.7649,54.3191,2558.4879885712394
AGPR,117176.335,35.9521,3259.2347873976764
ACODA,13680000.0,84.6947,161521.32305799538
PPC,1944000.0,396.2504,4905.988738434081
ALR4x,93034.76867,309.6976,300.4051974248428
APPLDHr,81350.94415,309.6976,262.67863925971653
GLYCDx,61920.0,309.6976,199.9369707740712
LALDO2x,56829.24763,309.6976,183.4991541103321
MTHFR2,67885.57445,132.4109,512.6887170920219
ASPK,486000.0,97.0635,5007.031479392356
HSDy,864.0,177.7754,4.86006500336942
SHSL1,597600.0,166.2016,3595.633255034849
DHNAOT4,46440.563689999995,33.594,1382.406491933083
GLYK,46937.0907,224.9231,208.6806143966538
TPI,221932.234,53.9436,4114.153189627685
CDAPPA181,155473.0612,28.4508,5464.628804813924
CDAPPA120,118123.867,28.4508,4151.864516990735
CDAPPA160,105298.2965,28.4508,3701.066279331337
CDAPPA141,60466.14067000001,28.4508,2125.287888917008
CDAPPA161,45813.9503,28.4508,1610.2868917569979
CDAPPA140,39159.42177,28.4508,1376.3908842633598
CDAPPA180,34794.623660000005,28.4508,1222.9752295190294
PFK,223200.0,64.912,3438.501355681538
PFK_3,223200.0,139.3682,1601.5131141824318
PFK_2,223200.0,139.3682,1601.5131141824318
SPODM,190543.8308,42.5316,4480.0532027950985
RMK,82212.78027,54.069,1520.5160123175942
LYXI,72213.23927,188.7978,382.48983446841015
RMI,54777.63287,188.7978,290.13914817863343
RMPA,137880.0,120.582,1143.4542469025228
G1PP,421200.0,22.732,18528.94597923632
6D6SFK,79803.8501,31.728,2515.2499401159857
GHBDHx,159763.80599999998,124.6326,1281.8781442415548
3SLAR,105033.663,124.6326,842.7463039365302
6D6SPA,78406.23517999999,31.983,2451.49720726636
SQVOSI,238149.276,284.598,836.7918116079522
SQGH,62963.0038,77.275,814.7913788417987
GLNS,1620000.0,622.8451,2600.967720545606
CPPPGO2,33009.06052,52.729,626.0133990783061
BMOGDS1,72999.57661,21.6429,3372.9110521233292
PPPGO,155456.9535,84.9052,1830.9473801369058
PPPGO3,46866.74707,84.9052,551.9891251654786
HACD4,76192.40407,77.0722,988.5847824507412
HACD3,76067.67142,77.0722,986.9663954058663
HACD1,75970.55788,77.0722,985.7063620864592
HACD5,74743.29861,77.0722,969.782860875906
HACD6,74594.34766,77.0722,967.8502450948591
HACD2,74312.38883,77.0722,964.1918724261147
HACD8,43600.46895,77.0722,565.7094120837345
CTECOAI7,43568.48244,159.1878,273.6923460214916
CTECOAI6,40073.938839999995,159.1878,251.74001299094525
CTECOAI8,33124.95453,159.1878,208.08726881080082
ACACT5r,23400.0,46.5305,502.89594996830033
FLVR,56926.65775,26.242,2169.2956996417956
FE3Ri,160058.3086,26.242,6099.31821507507
FLVRx,118376.8932,26.242,4510.970703452481
FADRx,25200.0,26.242,960.2926606203795
OPHBDC,36298.51303,333.6225,108.80115408882794
OMBZLM,137160.8302,28.0732,4885.8281278942195
AMMQLT8,70261.66799,28.0732,2502.8022452018295
PYNP2r,169816.7924,162.9545,1042.1117084830428
E4PP,131447.6746,20.7798,6325.743010038595
G6PP,36000.0,23.007,1564.7411657321684
LPLIPAL2G180,105297.0078,38.9783,2701.4263782668822
LPLIPAL2E160,79117.05276,38.9783,2029.7717642893613
LPLIPAL2ATE140,75648.52746,38.9783,1940.78570537966
LPLIPAL2A141,70858.96922,38.9783,1817.9081494062082
LPLIPAL2G181,65530.44279,38.9783,1681.2032025511633
LPLIPAL2ATG141,65478.96037000001,38.9783,1679.8824055949083
LPLIPAL2ATE181,61786.805920000006,38.9783,1585.1590736384094
LPLIPAL2G161,61209.97645,38.9783,1570.3603402405956
LPLIPAL2ATE160,61110.9594,38.9783,1567.8200280668989
LPLIPAL2ATE141,60321.96731,38.9783,1547.5781988952829
LPLIPAL2A180,57082.64555,38.9783,1464.4724256830084
LPLIPAL2G140,54768.13243,38.9783,1405.092896047288
LPLIPAL2ATE161,54583.07298,38.9783,1400.3451402447004
LPLIPAL2ATE180,54372.410370000005,38.9783,1394.940527678221
LPLIPAL2A161,54039.01414,38.9783,1386.3871472075489
LPLIPAL2E120,53354.43306,38.9783,1368.8240138743868
LPLIPAL2G160,50596.89833,38.9783,1298.0786317002025
LPLIPAL2A160,49612.17413,38.9783,1272.815236426422
LPLIPAL2E180,47137.8652,38.9783,1209.3360972643754
LPLIPAL2E161,46618.7875,38.9783,1196.0190028810903
LPLIPAL2ATG161,45410.39673,38.9783,1165.0173745391667
LPLIPAL2A120,44392.18561,38.9783,1138.8948622695193
LPLIPAL2ATE120,43935.27297,38.9783,1127.1726311819655
LPLIPAL2ATG160,41965.46736,38.9783,1076.636676304508
LPLIPAL2ATG120,41573.76096,38.9783,1066.5873308995006
LPLIPAL2G120,41314.081139999995,38.9783,1059.9251670801445
LPLIPAL2E181,41244.214530000005,38.9783,1058.1327182047448
LPLIPAL2G141,40288.1213,38.9783,1033.6038590703033
LPLIPAL2A140,40277.075769999996,38.9783,1033.3204826788237
LPLIPAL2A181,40008.28197,38.9783,1026.4244969636952
LPLIPAL2ATG140,37775.68734,38.9783,969.1466108065257
LPLIPAL2ATG181,37058.80546,38.9783,950.7547907425416
LPLIPAL2E141,36436.726480000005,38.9783,934.7951675675955
LPLIPAL2ATG180,35682.50116,38.9783,915.4452903282083
LPLIPAL2E140,32230.171580000002,38.9783,826.8747374821376
PLIPA1G160pp,164857.5418,66.3263,2485.553118446227
PLIPA1A161pp,159526.1187,66.3263,2405.1713829958853
PLIPA2E160pp,150793.4783,66.3263,2273.509577648685
PLIPA2G161pp,139231.6885,66.3263,2099.1927561163516
PLIPA1G180pp,139000.5957,66.3263,2095.708575632894
PLIPA1G181pp,135865.2553,66.3263,2048.4371252429273
PLIPA2A141pp,134626.7246,66.3263,2029.7638282250025
PLIPA1G140pp,127002.7495,66.3263,1914.8173424418367
PLIPA1A160pp,124817.4335,66.3263,1881.8693866535596
PLIPA2G160pp,118111.087,66.3263,1780.7579647892314
PLIPA2E161pp,116738.8547,66.3263,1760.0688520240085
PLIPA2A161pp,116083.2949,66.3263,1750.1849929816676
PLIPA2E141pp,115504.8531,66.3263,1741.4638401358131
PLIPA1E160pp,115136.2731,66.3263,1735.9067685066104
PLIPA2A140pp,113119.021,66.3263,1705.4927080208
PLIPA1E180pp,110335.1336,66.3263,1663.5201059006758
PLIPA1E161pp,108474.9644,66.3263,1635.4743804493842
PLIPA2A120pp,106772.9963,66.3263,1609.8138491066138
PLIPA2E140pp,100669.6688,66.3263,1517.7941299303593
PLIPA1A180pp,99335.98355,66.3263,1497.6861900935226
PLIPA2A160pp,97631.90687,66.3263,1471.9938677417556
PLIPA1A181pp,96742.21145,66.3263,1458.5799516933705
PLIPA2G120pp,95242.12629,66.3263,1435.9632044905263
PLIPA2G180pp,92317.65927999999,66.3263,1391.8710870348564
PLIPA2E120pp,92001.64748,66.3263,1387.106584869049
PLIPA1G161pp,89795.9715,66.3263,1353.8516621611639
PLIPA2A181pp,88163.41282,66.3263,1329.2376149430918
PLIPA1G141pp,62113.886739999994,66.3263,936.4895484898146
PLIPA1A140pp,61482.62108,66.3263,926.9719716010088
PLIPA1E141pp,57018.927820000004,66.3263,859.672977687584
PLIPA2G181pp,49488.79348,66.3263,746.1413267436899
PLIPA2G141pp,46972.34272,66.3263,708.2008602922219
PLIPA1A141pp,44454.5501,66.3263,670.2401626504117
PLIPA1A120pp,43100.67067,66.3263,649.8277556565042
PLIPA1E181pp,43051.448730000004,66.3263,649.0856376731402
PLIPA2G140pp,39839.75636,66.3263,600.663030502229
PLIPA1E140pp,39361.68478,66.3263,593.4551570040844
PLIPA2E180pp,39217.81655,66.3263,591.2860592253752
PLIPA1G120pp,39004.03331,66.3263,588.062854553925
PLIPA2E181pp,38199.22649,66.3263,575.928801847834
PLIPA2A180pp,34898.729080000005,66.3263,526.167283264708
PLIPA1E120pp,34770.77221,66.3263,524.2380806708651
DAPE,80466.85148,60.4171,1331.8555753255287
ADNCYC,6012.0,97.586,61.607197753776155
HMBS,41338.816810000004,33.8518,1221.1704195936406
UPP3S,1800000.0,27.7979,64753.09285953256
ACMAMUT,74567.96508,27.9282,2669.988222656669
ECAtpp,94409.64361,44.9597,2099.8726328245075
TDPAGTA,1368.0,167.6041,8.162091500148266
TDPADGAT,156923.1644,24.2204,6478.966672722168
TDPGDH,49718.5085,39.7538,1250.6605280501487
UACMAMO,111867.4203,91.6775,1220.227649096016
UAG2E,25560.0,84.4892,302.52387287369277
ECAP1pp,73914.83678,135.966,543.6273537502022
ECAP3pp,45504.88713,135.966,334.6784279158025
ECAP2pp,37009.5095,135.966,272.19679552241
ACGAMT,51236.297510000004,81.9145,625.485079076354
GTPDPDP,108000.42,109.7423,984.127542433501
KARA1,69599.2688,216.2761,321.80748959316355
KARA2,58006.441920000005,216.2761,268.2055110111566
THRD_L,82516.42113999999,140.928,585.5218348376476
DHAD1,147031.6356,131.0631,1121.838531211302
DHAD2,70572.77438999999,131.0631,538.4641015663448
LEUTAi,58897.615979999995,87.0756,676.3963266402988
ILETA,125009.7826,204.5619,611.1098039273198
VALTA,25829.22077,204.5619,126.26603864160433
RBK,95664.74802,64.581,1481.3141329493194
ASNS2,58168.56258,73.3011,793.556475687268
UAGDP,1188000.0,147.5702,8050.405840745625
G1PACT,432000.0,147.5702,2927.420305725682
GF6PTA,60840.0,133.7887,454.74692556247277
AB6PGH,160766.4257,53.161,3024.1422414928234
GNP,82574.65934,20.7798,3973.7947112099246
NADH5,89289.35673,40.34,2213.4198495290034
SERD_L,5760.0,48.7529,118.14681793288194
TRPAS2,14400.0,211.0938,68.21612003763256
MN6PP,80021.29895,24.33,3288.9970797369506
DDGALK,54926.698860000004,31.3736,1750.7298767116304
ADD,720000.0,127.4787,5648.002372160996
XYHDL,127933.88900000001,528.474,242.0817088447114
PPGPPDP,40088.962439999996,79.3424,505.26531135937404
GDPTPDP,35005.32232,79.3424,441.1931365827099
GK1,752400.0,47.1854,15945.610294709804
DGK1,84955.86931000001,47.1854,1800.4694102413036
ORPT,46517.55323,47.134,986.9213992022743
DUTPDP,39600.0,16.3707,2418.955817405487
PPNCL2,22806.01846,521.2577,43.751907089334125
PPCDC,2998.8,521.2577,5.7530085406891835
PTPATi,44280.0,107.0198,413.75521165242316
MOAT,61853.540239999995,47.2911,1307.9319415281097
MOAT2,47232.77103,47.2911,998.7665973090075
HEPT3,43033.09499,38.7307,1111.0848755638292
GLCTR1,67401.84115,42.2841,1594.0233125453774
HEPK1,41200.90065,30.8723,1334.5588326752463
RHAT1,81890.13715,36.7305,2229.4860442956124
GALT1,37214.53082,40.8259,911.5422028663178
GLCTR2,40490.97127,39.4232,1027.0848452180442
GLCTR3,45494.08058,39.0403,1165.3107322433484
HEPK2,42808.1482,27.461,1558.8706966243037
MOAT3C,42333.38454,32.9201,1285.9433762351878
HEPT4,52593.480019999995,41.7295,1260.3429233515856
ECA4OALpp,49062.967339999996,46.8777,1046.616351484821
O16A4Lpp,42078.34583,46.8777,897.6196748133974
HEPT1,67343.40082000001,35.5438,1894.659569882793
HEPT2,35740.50045,39.0421,915.4348882360324
AGMHE,70495.43599,174.4658,404.06449854355407
GLYAT,72.0,86.2341,0.8349365274294044
THRD,316800.0,40.351,7851.106540110531
NDP7,110785.2546,35.353,3133.6875116680335
CDPPH,56675.46995,35.353,1603.1304259893077
G3PD2,111757.4129,72.7232,1536.7504854021824
SERAT,60840.0,175.8998,345.8787332333522
M1PD,684000.0,41.139,16626.558739881864
NTP3,1188.0,31.565,37.636622841755106
3KGK,55391.58293,110.3097,502.14607536780534
DOGULNR,61242.04569,73.1454,837.2644853948437
VPAMTr,38892.45475,46.7112,832.6151918597681
AAMYLpp,64602.837620000006,75.7127,853.2628953927149
XYLI1,45795.022789999995,198.968,230.1627537593985
XYLI2,41067.46982,198.968,206.40238540870894
DXYLK,846000.0,105.2365,8039.035885838088
GLYCLTDx,52624.68688,35.3434,1488.953719223391
2DGULRGx,60835.72576,70.791,859.3709053410745
2DGULRx,58475.242529999996,70.791,826.0265080306818
2DGULRy,45710.02342,70.791,645.7038807193005
DKGLCNR2y,39397.13922,70.791,556.5275136669916
2DGULRGy,36368.18337,70.791,513.7402123151248
DKGLCNR2x,36343.0707,70.791,513.3854684917574
BSORx,65074.26029,85.8507,757.9933569557382
BSORy,60853.450829999994,85.8507,708.8288252745754
PETNT181pp,70710.87747,63.8044,1108.244532822188
PETNT161pp,58854.411660000005,63.8044,922.4193262533619
DDGLK,128695.3131,33.9624,3789.346839445975
TREH,716400.0,63.6967,11247.050475142354
GLUDC,70154.36413,316.0088,222.00129910939188
GTHOr,135763.58800000002,97.545,1391.8046850171718
INOSTO,70618.25391,61.164,1154.5721978614872
GPDDA1,148000.9189,27.4096,5399.601559307687
GPDDA2,78038.96436,27.4096,2847.139847352752
GPDDA5,74725.3762,27.4096,2726.2483290525947
GPDDA4,11880.0,27.4096,433.4247854766213
GPDDA3,10080.0,27.4096,367.754363434709
GTHRDHpp,60145.512989999996,61.768,973.732563625178
GNK,82905.5453,21.004,3947.1312749952385
ASAD,64054.19586,80.0358,800.3193053608511
GLBRAN2,45449.00075,84.3369,538.898166164514
GLDBRAN2,151455.8973,73.5767,2058.4763559659514
GLGC,1332000.0,194.7906,6838.112311374368
GLCS1,69696.79545,52.8224,1319.4552964272734
GLCP,39841.7762,181.0448,220.06584116196652
GLCP2,31711.38861,181.0448,175.1576880970898
MLTP1,136800.0,181.0448,755.6140800509045
MLTP3,100800.0,181.0448,556.7682695111928
MLTP2,58199.14588,181.0448,321.4626759785423
AMALT1,58727.13631,78.5035,748.0830320941104
AMALT3,44649.30461,78.5035,568.755591916284
AMALT4,38743.99912,78.5035,493.53212430019045
AMALT2,38183.08472,78.5035,486.38703650155725
PMEACPE,339259.223,28.505,11901.744360638484
PPCK,2412.0,59.6435,40.44028267958788
NTD7,82800.0,20.255,4087.8795359170576
NTD8,54000.0,20.255,2666.0083929893854
NTD12,864.0,20.255,42.65613428783017
ADPRDP,421200.0,42.3063,9955.964005360904
SHKK,170614.8606,19.1508,8909.020020051383
DHQS,182339.7476,38.881,4689.687703505569
RPE,720000.0,24.5542,29322.8856977625
PGLYCP,338400.0,27.3892,12355.234910110556
FRULYSK,50085.962419999996,28.3318,1767.8355212164422
FRULYSDG,105143.819,462.8308,227.17550128470276
SHCHD2,42749.85735,99.9028,427.914506400221
SHCHF,29348.016030000003,99.9028,293.7657005609453
UPP3MT,29227.939830000003,99.9028,292.5637702847168
NTRIR2x,101075.1598,105.4053,958.9191416370903
SHK3Dr,853200.0,29.4136,29006.989963826258
ACCOAC,32107.645389999998,252.4556,127.18135541457586
PCNO,39865.198260000005,69.448,574.0294646354108
MDH,3351600.0,64.6746,51822.50837268418
ACNML,36000.0,130.3739,276.12888776051034
AMANAPEr,68140.83708,24.0737,2830.509522009496
AMANK,201600.0,29.6439,6800.724601014037
GLUSy,45511.119589999995,861.249,52.84316102544095
KDOPP,125291.64199999999,79.9884,1566.3726490341098
A5PISO,110908.80699999999,136.1257,814.7528864865341
UAGCVT,17100.0,44.8176,381.5465352897076
OCTDPS,29870.99269,70.4339,424.0996549956768
DHPS2,55611.95359,61.2302,908.2438664253913
PGAMT,28440.0,47.5436,598.1877687007294
ARGSS,45537.09905,199.5936,228.14909420943354
GALCTD,101676.7949,56.4016,1802.7289101727608
GLCRAL,85552.99227999999,164.305,520.6962191047137
GLYCK2,64306.93169,39.1043,1644.4977071575247
PPAKr,65070.75807,43.3841,1499.875716449114
GUI1,705600.0,53.9872,13069.764684962362
GUI2,50398.34287,53.9872,933.5239254860411
ALTRH,129804.9056,54.0931,2399.657361105206
PTRCTA,66381.61249,99.3227,668.3428107572589
FE3DCITR5,58192.88281,28.872,2015.5473403297312
FE3DHBZS3R,53571.8717,28.872,1855.4956947908008
FEENTERR4,42337.935860000005,28.872,1466.401214325298
TARTD,67264.0975,110.826,606.9342708389729
APG3PAT160,131162.4418,22.1934,5909.975118728991
APG3PAT141,115654.7021,22.1934,5211.220547550172
APG3PAT120,112597.1117,22.1934,5073.450291528112
APG3PAT181,101075.3012,22.1934,4554.295475231375
APG3PAT161,80546.28295,22.1934,3629.2899217785466
APG3PAT180,70964.93088,22.1934,3197.569136770391
APG3PAT140,65314.24245,22.1934,2942.957926680905
DHNPTE,40786.53864,108.9562,374.3388502903002
DHNPA2r,31829.69513,108.9562,292.1329408514614
UDCPDPpp,32400.0,22.3986,1446.5189788647506
GMHEPK,253025.0491,102.1012,2478.178993978523
GMHEPAT,155527.71300000002,102.1012,1523.270177040035
DB4PS,62807.643489999995,46.7069,1344.7187351333528
QMO3,186636.9679,23.0648,8091.852862370364
QMO2,142506.8288,23.0648,6178.541708577572
NADPHQR3,90709.86024,43.7818,2071.8622861554345
NADPHQR4,53887.56163,43.7818,1230.8210633185479
NADPHQR2,52792.56822,43.7818,1205.8108213915373
AGPAT141,80251.98332999999,27.4532,2923.2287430973433
AGPAT140,77646.22972999999,27.4532,2828.3125366077543
AGPAT161,57552.466720000004,27.4532,2096.3846371279124
AGPAT160,47968.60135,27.4532,1747.286340025935
AGPAT181,39471.773519999995,27.4532,1437.784065974094
AGPAT180,25359.3717,27.4532,923.7309931082716
AGPAT120,23582.26053,27.4532,858.998605991287
DKGLCNR1,76003.00675,29.4368,2581.904512379063
13PPDH2,47703.13437,84.194,566.5859131292016
CYSDS,70484.86107,172.8495,407.7816890994767
CYSTL,122760.0,87.2837,1406.4481684438217
2HESR,53760.87025,49.032,1096.4445719122207
GSPMDS,30805.921710000002,141.0639,218.38274505383734
GSPMDA,7560.0,141.0639,53.59273350587925
ORNDC,99211.41279,158.8324,624.629564182119
ASNNpp,370205.6841,147.4028,2511.524096557189
GLUNpp,118800.0,147.4028,805.9548393924674
NTPP11,118711.7271,42.0777,2821.2503796547817
NTPP10,92722.54846,42.0777,2203.603059577876
NTPP9,87676.51637,42.0777,2083.6812936543583
GTHS,41531.967189999996,142.2436,291.9777563981789
METAT,151.2,167.8065,0.9010378024689151
ARGDCpp,37369.02616,295.5938,126.4201960934228
AGMT,147021.3586,67.1141,2190.6180459843763
TKT2,326017.9238,73.0427,4463.388179790725
TKT1,209443.6303,73.0427,2867.4135854780834
FBP,79200.0,29.721,2664.7824770364386
E4PD,608400.0,142.13,4280.588193906987
PGK,5328000.0,41.1182,129577.65660948193
FBA,2952000.0,78.2945,37703.79784020589
FBA3,82209.8877,78.2945,1050.0084641960802
PPCSCT,77624.6537,53.8244,1442.1833536463016
MMCD,54605.03612999999,175.0355,311.96549345704153
MMM,42900.433710000005,155.7425,275.4574615792093
RPI,24840000.0,32.1466,772710.022210747
ARHGDx,50155.56121,176.7031,283.84086759089115
AHGDx,47447.72591,176.7031,268.5166582250113
PGCD,198000.0,176.7031,1120.5236354087733
FOMETRi,42174.29072,21.1054,1998.2701450813536
OMPHHXy,37188.610810000006,42.2883,879.4066162508308
OPHHXy,41963.68919,44.245,948.4391273590236
DSBCGT,61039.369920000005,51.2433,1191.1678194027318
IPDDI,51044.57635,20.5083,2488.9716041797715
GUAD,150409.9222,50.2442,2993.577809976077
MOCDS,44392.484469999996,21.5138,2063.4422775148973
PHDA,120154.9689,204.1,588.7063640372367
DAPAL,210960.0,86.6551,2434.478755433898
HXAND,63956.6797,129.7994,492.73478690964674
XAND,63186.76531,129.7994,486.8032156543097
KDUI,58457.99295,186.456,313.52165095250353
5DKGR,71308.70833,27.07,2634.233776505356
DAPDC,68626.71883,92.3545,743.0793175210737
AACPS4,30868.4284,89.3395,345.5182578814522
2AGPGAT140,51713.33429,80.7,640.8095946716232
2AGPEAT161,40089.775910000004,80.7,496.7754140024783
2AGPGAT160,35240.68755,80.7,436.6875780669145
2AGPEAT141,35140.030660000004,80.7,435.44028079306077
2AGPGAT161,34307.26976,80.7,425.1210627013631
2AGPGAT120,32527.52148,80.7,403.06718066914493
2AGPEAT181,30770.742960000003,80.7,381.2979301115242
2AGPGAT180,30403.06318,80.7,376.7417990086741
2AGPEAT160,30006.37696,80.7,371.82623246592317
2AGPGAT181,29919.44741,80.7,370.7490385377943
2AGPGAT141,28335.21035,80.7,351.1178482032218
2AGPEAT140,24793.18892,80.7,307.2266285006196
2AGPEAT120,23840.85475,80.7,295.425709417596
2AGPEAT180,23662.76672,80.7,293.2189184634448
TMDS,1008.0,60.9594,16.535595822793532
ACGS,65950.55997999999,295.1711,223.4316299258294
AGM3PApp,44250.64873,31.072,1424.1326187564366
CYSSADS,32768.79488,86.4684,378.96844257555364
FCLK,38884.74001,52.2587,744.0816554946832
FCI,56285.82799,389.86,144.37446260195966
ARABDI,42679.66476,389.86,109.47433632586056
LCARS,53492.55732,81.0267,660.1843259073861
CDGR,39227.0825,65.175,601.8731492136556
GLCRD,126000.0,48.8496,2579.3455831777537
GDPDPK,27532.389339999998,79.3424,347.00726648046947
GTPDPK,40677.43819,83.8756,484.973439116978
NTPP8,342000.0,43.03,7947.943295375319
NTPP3,62640.0,15.0461,4163.205083044776
NTPP6,74471.73116,60.8246,1224.3686133570957
CTPS2,18000.0,241.4966,74.53521084768896
ENO,13025900.55,91.3099,142655.95023102645
CPH4S,91528.29937000001,82.6373,1107.5906324383784
SULR,92612.35497999999,786.1512,117.80476195927703
FADRx2,80785.68828,530.1587,152.38019913659818
SADT2,38140.258480000004,350.9871,108.66569876784646
ADSK,67140.88571,44.6426,1503.9645027395359
MEPCT,93240.0,51.4745,1811.3823349425445
MECDPS,74581.11921,50.6926,1471.242729905351
NTD11,42140.263510000004,25.399,1659.1308126304186
NTD4,327600.0,26.9004,12178.257572378105
NTD10,101052.0133,26.9004,3756.524560973071
FCLPA,69480.0,23.2225,2991.925933900312
BGLA1,70126.64237,53.161,1319.1370058877749
NHFRBO,432.0,258.3403,1.6722129687083276
SBTPD,191900.3153,111.4315,1722.1370555004644
NMNDA,133279.9925,35.164,3790.2398049141166
ALKP,240522.21300000002,20.7798,11574.808852828228
GLUCYS,79560.0,58.2693,1365.384516374832
RHCCE,1368.0,19.4162,70.45662900052534
CYANST,828000.0,24.1649,34264.57382401748
ACOTA,10800.0,44.7291,241.45355037324694
SDPTA,1080.0,44.7291,24.145355037324695
ABTA,170640.0,44.7291,3814.9660958973013
SHGO,55827.883989999995,46.082,1211.490039277809
NADK,198000.0,195.3983,1013.3148548375293
PPND,1620.0,84.085,19.26621870726051
CHORM,123058.8,84.085,1463.504786822858
PPNDH,6804000.0,86.2227,78911.933864284
PSSA181,117782.2129,52.8018,2230.6476843592454
PSSA120,69116.71312,52.8018,1308.984033120083
PSSA160,52315.64568,52.8018,990.7928456984421
PSSA140,50433.68041,52.8018,955.1507791401051
PSSA141,44065.80682,52.8018,834.5512240113026
PSSA161,42939.220689999995,52.8018,813.2150928566828
PSSA180,33635.92525,52.8018,637.022322155684
ASPO4,138170.8873,60.3374,2289.9708522408987
ASPO6,97864.22492000001,60.3374,1621.9496517914263
ASPO3,50803.6779,60.3374,841.9931568148445
ASPO5,44509.68046,60.3374,737.67978832366
PDX5PS,39336.391169999995,281.3019,139.8369195871055
ACPS1,3600.0,21.7678,165.38189435772102
PRFGS,29380.03887,141.4027,207.77565682974935
NODOx,96376.71157999999,43.8677,2196.9857453205886
NODOy,96138.90262000001,43.8677,2191.56469612038
THRA,166305.1027,90.6332,1834.9247593597047
THRA2,65213.36205,90.6332,719.5306140575418
ALATA_D2,25729.959740000002,90.6332,283.89110988026465
GHMT2r,115575.3031,90.6332,1275.1983059188024
THFAT,80327.46488,90.6332,886.2918321321546
DHCIND,159907.4445,28.4996,5610.866275316145
DHPPD,121822.1854,28.4996,4274.52263891423
PPPNDO,46037.966389999994,126.9954,362.5168028920732
CINNDO,45022.75287,126.9954,354.5227060980161
MI1PP,23400.0,29.1721,802.1362877543954
G2PP,10440.0,29.1721,357.87618992119184
I2FE2SS2,27158.710960000004,104.0276,261.07216700183415
I2FE2SS,26705.686980000002,104.0276,256.7173229027681
ICYSDS,31482.27305,90.179,349.10869548342737
I2FE2SR,25932.7988,104.0276,249.2876775009709
I2FE2ST,103610.4553,60.0728,1724.7482271510567
I4FE4ST,68503.12137000001,60.0728,1140.3350829327085
I4FE4SR,41017.565160000006,13.8486,2961.856444694771
AMPTASECG,641998.8,98.9189,6490.15304456479
MCPST,45000.0,30.8118,1460.4794267131424
NDPK3,45128.149710000005,23.586,1913.3447685067417
IMPD,45611.98807,208.0898,219.19377148711757
GMPS,34083.13766,117.3584,290.41924276404586
GMPS2,31100.298660000004,117.3584,265.00274935581945
PPA,1404000.0,26.9004,52192.532453049025
PPA2,1400400.0,26.9004,52058.70544675915
PPK,51822.36408,160.863,322.1521672479066
PPK2,43262.39843,160.863,268.9393983078769
GARFT,81462.77332000001,23.2383,3505.539274387542
PRAIS,50408.71425,73.7081,683.8965357945734
UPPRT,69795.80651000001,67.5998,1032.4853995130163
DHDPS,446400.0,125.0799,3568.9187471368305
PRASCSi,42053.62976,80.985,519.2767766870409
SDPDS,960001.2,82.538,11631.020863117594
GDPMNP,97276.16567,43.4973,2236.372502890984
ME2,239760.0,494.5043,484.84917118010907
ETHAAL,2772000.0,487.1078,5690.732113096937
CPPPGO,42907.91074,68.6453,625.0669855037416
AGM4PApp,43138.84289,31.072,1388.3510198892893
FCLT,32474.65767,33.052,982.5323027350842
MDDCP3pp,67907.04541,41.849,1622.6682933881339
MDDCP2pp,65930.06627000001,41.849,1575.4275196539945
MDDCP4pp,54480.03686,41.849,1301.8241023680375
MDDCP5pp,49984.87272,41.849,1194.4102062175918
ACM6PH,20520.0,62.4398,328.63654271794593
CYSS,2916000.0,65.3283,44636.09186217918
PYDXK,52316.73206,61.6948,847.9925708487588
PYDAMK,209418.5841,61.6948,3394.4284461575367
PYDXNK,85070.42232,61.6948,1378.8912893793317
DHAPT,10080.0,360.8342,27.935267776724046
PUNP5,22320000.0,155.6995,143353.06150629898
PUNP3,7236.0,155.6995,46.474137681880805
PUNP4,7236.0,155.6995,46.474137681880805
PUNP7,7236.0,179.0077,40.42284214589652
GLUTRS,5400.0,53.8157,100.34246511705692
HEX1,4320000.0,34.7231,124412.85484302956
EDTXS3,48783.002360000006,35.4934,1374.4246073917968
FORCT,48074.58689,91.6564,524.5087837837838
OXCDC,218520.0,242.3249,901.7645318330885
ACOXT,48444.26427,83.342,581.2707190852151
SERD_D,5760.0,47.9006,120.24901566994986
NTD9,234000.0,20.255,11552.703036287337
ACACT8r,35878.04934,46.5305,771.0652011046517
ACACT7r,23400.0,46.5305,502.89594996830033
ACACT2r,23400.0,46.5305,502.89594996830033
ACACT3r,23400.0,46.5305,502.89594996830033
ACACT4r,23400.0,46.5305,502.89594996830033
ACACT6r,23400.0,46.5305,502.89594996830033
ACACT1r,23400.0,46.5305,502.89594996830033
HACD7,73637.19137,77.0722,955.4312887136997
ECOAH4,65285.846139999994,77.0722,847.0738624302926
ECOAH5,64870.3162,77.0722,841.6824250507966
ECOAH6,63626.50789,77.0722,825.5442025788807
ECOAH1,63467.63886,77.0722,823.48290122768
ECOAH3,57480.72505,77.0722,745.8036107701611
ECOAH2,56317.98884,77.0722,730.717286388607
ECOAH7,55816.72332999999,77.0722,724.2134431091885
ECOAH8,32086.109139999997,77.0722,416.31235568726464
CHORS,103332.5695,156.5498,660.061970695587
MLDEP2pp,59017.19048,60.2733,979.1597685874176
MLDEP1pp,46316.82498,60.2733,768.4468077905142
3OAS140,38172.83671,85.2266,447.8981528067528
KAS14,28825.917639999996,85.2266,338.2267700459715
3OAS80,21434.21162,85.2266,251.49673482222684
3OAS100,20877.66445,85.2266,244.96652981580866
3OAS160,20760.04797,85.2266,243.58648555732597
MACPD,165949.8572,85.2266,1947.1603607324473
OPMEACPS,22638.39395,85.2266,265.62591902058745
3OAS161,21677.083430000002,85.2266,254.3464532200041
3OAS141,21674.18825,85.2266,254.31248283986451
3OAS121,21514.43763,85.2266,252.43806076975966
PERD,48209.61819,82.7353,582.6970856454259
DHFS,40173.30567,45.4057,884.7634915880606
GLUPRT,65598.18523999999,225.9522,290.3188605377597
DHPTPE,121926.8261,112.6563,1082.2903477213436
PTAr,432000.0,72.1335,5988.895589427936
PTA2,135473.646,463.0325,292.5791299746778
2DOXG6PP,380925.1096,23.007,16556.922223671056
F6PP,263738.9117,20.7798,12692.081333795319
R5PP,17640.0,20.7798,848.9013368752345
RU5PP,439270.2144,23.007,19092.8940931021
NTD5,109440.0,20.255,5403.110343125155
NTD1,86400.0,20.255,4265.613428783016
NTD3,93600.0,20.255,4621.081214514935
NTD6,50400.0,20.255,2488.2745001234266
ALATA_L,251727.8486,91.0347,2765.18567754933
NADH16pp,12774816.24,540.4142,23638.935172317822
NADH17pp,104056.3417,540.4142,192.54923667808876
NADH18pp,45041.855489999994,540.4142,83.34691333055274
ICHORS_copy2,4798.8,97.5291,49.2037761037475
SEPHCHCS,180.0,122.7341,1.4665850810817858
SHCHCS3,62617.147229999995,27.6824,2261.984048709649
DHNCOAS,223.2,189.7985,1.1759840040885465
SUCBZS,118660.3454,35.4766,3344.749649064454
SUCBZL,26271.21653,200.7387,130.87270431660662
ULA4Ntppi,66671.07093,26.2771,2537.230932256604
LA4NTpp,60477.66565,62.5426,966.9835544093147
UPLA4FNF,104331.192,33.1118,3150.876485120108
ULA4NFT,251083.3299,445.7333,563.3039530589257
UDPGDC,224950.7694,445.7333,504.67570944329265
UPLA4FNT,44423.12955,36.3391,1222.4609181295077
UDPKAAT,26729.94135,41.6498,641.7783842899606
NTPP7,154800.0,16.3707,9455.918195312357
RHMND,53338.97709,353.808,150.75684294871795
LKDRA,91213.07564,173.496,525.7358996172821
G3PD6,119880.0,148.4235,807.6888093866538
G3PD7,64408.336820000004,148.4235,433.9497237297329
GPDDA1pp,128944.3053,81.6867,1578.522639548421
GPDDA2pp,115447.5796,81.6867,1413.2971413951107
GPDDA5pp,110220.2169,81.6867,1349.3043163697394
GPDDA4pp,11880.0,81.6867,145.43371197514406
GPDDA3pp,10080.0,81.6867,123.3983010698192
DMQMT,72091.34827999999,53.1109,1357.373877678593
OHPHM,39681.87418,53.1109,747.1512284672261
HXCT,41944.56538,92.9717,451.1541187264512
BUTCT,37724.13843,92.9717,405.7593701093989
MDH2,73183.05427000001,60.2296,1215.0679112927864
MDH3,56185.78485,60.2296,932.8600032210076
NO3R1bpp,57006.171279999995,189.2373,301.2417281371061
NO3R2bpp,61709.16685,132.4391,465.94371941518784
MDDEP1pp,71396.17688,21.04,3393.354414448669
MDDEP2pp,41984.61025,21.04,1995.466266634981
AGM4PCPpp,53829.070289999996,21.04,2558.415888307985
4PCPpp,48473.76139,21.04,2303.8859976235744
COLIPAKpp,88153.27638,26.7591,3294.328896711773
FRUK,5040.0,67.5114,74.6540584256881
PSURIK,39580.899730000005,33.573,1178.9503389628571
YUMPS,82820.7824,98.73,838.8613633140889
SFGTHi,162246.3472,31.4245,5163.0526245445435
GTPCI,48315.74254,248.3062,194.58129736591354
DURADx,2304.0,178.7966,12.886151078935505
CYTD,100156.0697,63.0797,1587.7702287740744
DCYTD,77053.26109,63.0797,1221.5223136761906
LDH_D2,77778.5748,64.6123,1203.7735044256278
LACZpp,49417.51831,83.46,592.1102121974599
HETZK,37857.65978,54.6783,692.3708268179515
HMPK1,1548.0,61.6948,25.09125566498311
PMPK,252.0,114.5344,2.200212337952615
GLTPD,31680000.0,74.7803,423640.985660662
CYTDK1,89605.6072,24.3531,3679.4333041789337
URIK1,43928.56537,24.3531,1803.818214929516
URIK2,35952.52195,24.3531,1476.3016597476296
CYTDK2,33187.45111,24.3531,1362.7608439993267
DCTPD,4464.0,63.7478,70.02594599343037
GMAND,45085.78759,84.0937,536.1375179115677
GDMANE,125110.5893,72.2823,1730.8606574500257
GOFUCR,115875.1888,72.2823,1603.092165025186
GDPMNH,81216.5427,36.547,2222.2492324951436
MAN1PT2,70714.03812000001,53.0163,1333.816922719994
PMANM,69137.15268,50.4626,1370.0671919401696
UDPGPT,75237.38803,52.408,1435.6088389177226
TDPDRR,79708.25766,32.6941,2438.001280353336
G1PTT,554400.0,130.7742,4239.368315768706
TDPDRE,36229.56669,21.2701,1703.309654867631
O16AUNDtpp,80672.53648,45.3826,1777.6094027226295
UDPGALM,46921.36085,42.9659,1092.0604677197498
O16GALFT,45635.43925,37.7572,1208.655282965898
O16AT,53459.75836,21.6751,2466.413458761436
O16GLCT1,33327.630489999996,43.1882,771.6837119861442
GND,161146.9072,102.9626,1565.1013785588164
UDPGD,40068.92697,87.3138,458.90714835455566
O16AP1pp,104232.6309,81.199,1283.6688986317565
O16AP2pp,97523.89388999999,81.199,1201.047967216345
O16AP3pp,46781.74121,81.199,576.1369131393244
PRATPP,96911.98233,22.7558,4258.781599855861
PRAMPC,89807.45921,22.7558,3946.5744649715675
PRMICI,44112.882639999996,26.0326,1694.5246590813058
IG3PS,49442.60478,50.1073,986.7345632273142
IGPDH,106519.1402,80.5559,1322.300914023678
HISTP,93063.7799,80.5559,1155.2695693301173
HSTPT,78234.9942,78.7203,993.8350616041861
HISTD,167615.1705,92.2207,1817.543897411319
ATPPRT,57820.21566,66.7334,866.435932531536
ACBIPGT,120272.6638,40.328,2982.361232890299
ADOCBIK,78597.38505,40.328,1948.9532099285855
ADOCBLS,49740.45465,26.3856,1885.1363868928506
NNDMBRT,53325.52121,73.974,720.8684295833671
AMPN,89390.05207,323.9695,275.92119650152256
GLYOX3,1260.0,62.38,20.198781660788715
AAMYL,112037.4297,56.6394,1978.0829193105858
CYSDDS,55277.189829999996,70.3066,786.2304510529593
PGSA120,183535.9871,20.7006,8866.21581500053
PGSA161,121133.685,20.7006,5851.699226109387
PGSA140,119967.2995,20.7006,5795.353733708201
PGSA180,100406.4815,20.7006,4850.414070123571
PGSA141,78821.71325,20.7006,3807.7018661294837
PGSA160,68024.60253999999,20.7006,3286.117433311111
PGSA181,67880.34,20.7006,3279.1484304802757
TRE6PP,83801.79472,29.1753,2872.354173564625
TRE6PS,11520.0,53.6112,214.88047273704004
DMSOR2pp,66129.6542,129.2504,511.6398417335652
DMSOR1pp,32886.854719999996,129.2504,254.4429628070783
CXSAMS,141671.3349,55.554,2550.155432552111
NTPP5,41760.0,17.3058,2413.063828311895
DNTPPA,59488.13335,14.9271,3985.243841737511
EDTXS4,59056.59239,37.4104,1578.6142994996042
EDTXS2,31822.72465,37.4104,850.638449468597
PYK,1396555.235,202.9177,6882.3726811411725
PYK3,113363.8874,205.4286,551.840821579858
PYK6,80378.90675,205.4286,391.27417871708224
PYK4,52076.50231,205.4286,253.50171451297436
PYK2,49051.196710000004,205.4286,238.7749160048796
G6PDH2r,156615.5536,55.7044,2811.547267361286
EDD,77397.64808,64.639,1197.3831290706848
OAADC,312123.1249,66.8521,4668.860438191172
EDA,114373.7122,66.8521,1710.846962174711
ACKr,12654000.0,42.4337,298206.3784209249
GART,42666.2883,42.4337,1005.4812165802181
HPYRP,78098.4848,21.436,3643.3329352491137
ADCS,115.2,71.7414,1.6057673811773956
FACOAL100t2pp,34346.087810000005,60.7731,565.1528029671023
FACOAL60t2pp,32851.142510000005,60.7731,540.5540034982583
FACOAL80t2pp,32051.1725,60.7731,527.3907781567832
FACOAL161t2pp,30689.80121,60.7731,504.9898920739604
FACOAL181t2pp,104.4,60.7731,1.7178653055381412
MALDDH,83728.38544,40.3149,2076.8595591208214
ALR2,79590.72452,29.4368,2703.7831734427655
GAPD,19848315.93,142.13,139649.02504749174
ALR2x,98483.33487,36.329,2710.873816234964
NNAM,419285.565,23.362,17947.33177810119
ASNN,282799.0163,33.394,8468.557713960592
SELNPS,34625.81534,73.3745,471.9052987073166
GLUDy,63459.99654,291.4882,217.71034484414807
NTPP4,92880.0,15.0461,6173.028226583633
SOTA,10800.0,87.3307,123.66785105352415
AST,82749.00807000001,38.4559,2151.7896621844766
SGSAD,72217.97047999999,53.0263,1361.9273922562952
SADH,122325.1672,98.5971,1240.6568469052336
SGDS,134918.909,35.8002,3768.6635549522075
NADS1,34401.19743,61.2737,561.4349619820575
MC6PH,58738.83987,202.05,290.7143769858946
DC6PDA,119212.2867,27.774,4292.226063944696
CAT,106369.425,320.0953,332.30548839673685
GAPP,60522.69931,24.33,2487.574981915331
THIORDXi,51404.98824,20.4696,2511.2844530425605
GTHPi,59657.44767,20.4696,2914.4413017352563
PPS,109711.9776,174.8702,627.3909311020402
FACOAL140t2pp,33444.221289999994,60.7731,550.3129063681134
FACOAL180t2pp,32727.3504,60.7731,538.5170478385996
FACOAL141t2pp,31667.103260000004,60.7731,521.0710538050553
FACOAL160t2pp,30467.69668,60.7731,501.3352400980039
FACOAL120t2pp,30319.33499,60.7731,498.89400063514944
ACOAD1fr,120544.7793,43.002,2803.236577368494
DHQTi,101331.96699999999,54.9333,1844.6364409201701
QUINDHyi,94903.49962,62.4556,1519.5354719192514
QUINDH,43617.81305,62.4556,698.3811387609758
DHNCOAT,56148.13046,59.78,939.2460766142523
S4FE4ST,53428.89935,183.333,291.4308899652545
S2FE2ST,35746.2501,183.333,194.97990050891
S2FE2SS2,31094.6127,277.201,112.17352282278924
S2FE2SS,21629.11273,277.201,78.02682071853997
S4FE4SR,109464.0014,156.7328,698.4115730721329
S2FE2SR,31256.599680000003,277.201,112.75788932940358
SCYSDS,44183.94748,120.4682,366.7685536930078
MLDCP1App,82478.0845,34.411,2396.852300136584
MLDCP1Bpp,67084.50062,34.411,1949.5074429688182
MLDCP3App,41520.920060000004,34.411,1206.6176530760513
MCTP1Bpp,49312.85428,36.082,1366.6884950945068
MLDCP2Bpp,65122.33145,34.411,1892.4858751561999
ALPATG160pp,50252.71784,82.0363,612.5668495531856
ALPATE160pp,34887.2828,82.0363,425.2664101135717
RBFSb,35109.49756,70.3347,499.17746944253696
CFAS160G,432.0,87.818,4.919264843198433
CFAS160E,432.0,87.818,4.919264843198433
CFAS180E,432.0,87.818,4.919264843198433
CFAS180G,432.0,87.818,4.919264843198433
MDDEP3pp,63263.596789999996,21.04,3006.8249424904943
MDDEP4pp,104008.2368,21.04,4943.357262357415
GRXR,74206.48378,9.1375,8121.092616142271
LGTHL,45762.5852,29.8397,1533.6141181044045
SPODMpp,66504.46669,17.681,3761.3521118715003
ANHMK,37010.04692,39.4963,937.0509875608602
PYAM5PO,34070.31007,51.0903,666.8645529581936
PDX5POi,468.0,51.0903,9.160251554600384
ADA,89267.53017,36.3975,2452.5731209561095
DADA,88563.76521,36.3975,2433.2375907685964
CHOLID,61560.534510000005,107.116,574.7090491616566
METGLCUR,101972.8932,273.788,372.4520183499642
MAN6PI,180068.1857,42.85,4202.291381563594
DHFR,69147.50368,17.9994,3841.656037423469
DHMPTR,89005.77356,26.3483,3378.0461570575712
THD2pp,170047.9299,206.6929,822.7081331772886
SELR,49443.95802,233.0425,212.16712839932632
SPMDAT1,90846.84114,87.548,1037.680371224928
SPMDAT2,69782.79417000001,87.548,797.0803921277471
LSERDHr,64657.46772000001,108.9957,593.211179156609
ATHRDHr,64602.97267,108.9957,592.7112048456958
DSERDHr,44377.625960000005,108.9957,407.1502450096656
SSALy,131046.2021,99.4357,1317.8989246316967
SSALx,89304.16913,99.4357,898.1097244752136
TAGURr,56659.02299,54.8083,1033.7672029601356
ACONMT,47852.64137,29.006,1649.7497541887885
PAI2I,135841.6252,11.255,12069.446930253222
PAI2T,29111.4734,318.93,91.27856708368607
AI2K,32545.03879,57.545,565.5580639499522
PDE1,835299.4006,30.938,26999.140235309333
PDE4,70906.27302000001,180.5208,392.78727448582106
ALAALAD,70770.58458,21.213,3336.1893452128406
ME1,92459.44008,252.7893,365.7569370222553
ALCD19,62764.0255,141.5183,443.50465982137996
ACANTHAT,73953.51962,64.5492,1145.692272251244
DHCURR,55415.540270000005,75.22,736.7128459186388
CURR,38471.34123,75.22,511.45096024993353
METNA,60385.395639999995,38.496,1568.614807772236
ABUTD,20340.0,203.32,100.0393468424159
TEO2M,55547.319760000006,45.062,1232.6865154675781
LCADi,65685.54628,209.0912,314.1478277421527
GCALDD,6480.0,209.0912,30.991261229549597
2HPTCOAT,155535.35199999998,63.975,2431.189558421258
PACCOAL,39414.19074,48.9529,805.1451648421237
OXDHCOAT,31799.537089999998,70.6812,449.9009225932779
3OXCOAT,55336.1499,42.2765,1308.9103852021808
HPACOAT,116536.991,59.404,1961.7700996565886
PACOAT,67535.93302000001,59.404,1136.892010975692
HADPCOADH3,75478.33563,51.7326,1459.0091282866124
REPHACCOAI,83292.45692000001,28.4046,2932.3580307415
DHACOAH,59112.478879999995,27.2374,2170.2687804269126
PACCOAE,45033.30297,131.963,341.2570415192137
OXCOAHDH,47556.34362,73.0026,651.4335601745692
PEAMNOpp,70495.02218,168.7573,417.7302088857786
TYROXDApp,69895.12996,168.7573,414.1754458029372
42A12BOOXpp,68198.45702,168.7573,404.1215225652461
ALDD19xr,348480.0,214.7965,1622.3728040261362
LDH_D,78829.25667999999,146.1392,539.4121267941798
4ABZGLUH,23312.13694,197.564,117.9978991111741
LADGMDH,55853.38366,53.116,1051.5359526319753
ALAGLUE,86902.43308999999,34.674,2506.2707818538383
CYANSTpp,828000.0,11.4753,72154.97634048783
GGPTRCO,40194.25939,47.1695,852.1239230858923
GGGABADr,84536.64901000001,53.4186,1582.532095749421
3HPADHi,42154.494060000005,53.4186,789.1351338297898
GGGABAH,99953.71955,56.0261,1784.056351414787
GGPTRCS,21384.0,638.1259,33.51062854524476
EAR100x,100723.6403,111.4558,903.7092757846608
EAR121x,88329.29877000001,111.4558,792.5051793625815
EAR161y,82925.39027999999,111.4558,744.020412396663
EAR140x,79812.82724,111.4558,716.093978420145
EPMEACPR,76153.74921000001,111.4558,683.2641209340385
EAR60x,74134.36598,111.4558,665.1458782764109
EAR140y,71427.99879,111.4558,640.8639011159581
EAR120x,70473.70133,111.4558,632.3017853714208
EAR181y,68399.61258,111.4558,613.6927156774256
EAR40y,68266.38675,111.4558,612.4973913425771
EAR141y,62933.06273,111.4558,564.6459199969853
EAR80x,62861.5975,111.4558,564.0047220512527
EAR141x,61975.702979999995,111.4558,556.0563288765591
EAR181x,59897.63502,111.4558,537.4115570477265
EAR60y,53098.74625,111.4558,476.41079468273523
EAR180x,51879.86212,111.4558,465.47476326938573
EAR40x,49510.5593,111.4558,444.2169837729396
EGMEACPR,41106.43212,111.4558,368.8137550490867
EAR180y,34622.05124,111.4558,310.6348098528744
EAR100y,34163.30884,111.4558,306.51889663884697
EAR160x,33488.31922,111.4558,300.4627773520983
EAR161x,32117.27563,111.4558,288.16154592224
EAR160y,30981.050160000003,111.4558,277.9671417727925
EAR121y,30738.92987,111.4558,275.79479820700226
EAR80y,28287.070669999997,111.4558,253.7963091198484
EAR120y,26680.51841,111.4558,239.38205467997182
CDGUNPD,146440.3352,29.601,4947.141488463228
LDGUNPD,48156.67367,74.665,644.9698475858835
OMPDC,18000.0,52.7005,341.55273669130275
UDCPDP,32400.0,22.3986,1446.5189788647506
PGPP181,97162.9109,19.4181,5003.729041461317
PAPA161pp,504992.8997,29.0213,17400.767701653614
PAPA180,440144.3614,29.0213,15166.252421497315
PAPA140pp,438054.3334,29.0213,15094.235385733926
PAPA181,384717.0331,29.0213,13256.368015905558
PAPA140,342628.2518,29.0213,11806.095929541407
PAPA120pp,328880.7934,29.0213,11332.393566104896
PAPA141pp,315310.3576,29.0213,10864.790950095274
PAPA161,306738.147,29.0213,10569.414430091001
PAPA141,250447.0546,29.0213,8629.766916023747
PAPA180pp,237752.4243,29.0213,8192.342324430678
PAPA160pp,231544.4633,29.0213,7978.431817320382
PAPA120,229289.46399999998,29.0213,7900.730291199911
PAPA160,208452.6209,29.0213,7182.745807389745
PAPA181pp,61969.33444,29.0213,2135.3052564840305
GTPCII2,540.0,43.672,12.364901996702693
CBIAT,71236.18104,21.9989,3238.170137597789
CBLAT,33744.84735,21.9989,1533.9333943969925
ANS,13320.0,228.7288,58.23490526772317
ANPRT,43687.05188,113.7399,384.09609890636443
IGPS,179251.7,49.4923,3621.8098572909325
PRAIi,115200.0,49.4923,2327.6348037977623
TRPS1,23904.0,143.4143,166.67793936866826
TRPS2,828.0,143.4143,5.7734828395773645
TRPS3,1800.0,143.4143,12.55104965125514
CLPNS161pp,75749.58691,47.6335,1590.2586816001344
CLPNS141pp,60266.97567000001,47.6335,1265.222494043058
CLPNS181pp,57379.94726,47.6335,1204.6132923257792
CLPNS140pp,53129.941230000004,47.6335,1115.3902448906758
CLPNS180pp,44572.612389999995,47.6335,935.7408628381286
ALCD2x,38275.871419999996,141.5183,270.46587911245393
DURIK1,47935.479289999996,23.4566,2043.5817334993133
TMDK1,37831.37059,23.4566,1612.824134358773
GALUi,43644.85464,131.769,331.22247751747375
FTHFD,56799.29767000001,191.6083,296.43443248544037
KDOPS,19116.0,123.3308,154.99777833274413
GLUTRR,468.0,92.6136,5.053253517841871
CDPMEK,48034.94844,61.8507,776.627401791734
PRPPS,76449.48367999999,34.2183,2234.1695431976455
TREHpp,716400.0,63.6367,11257.654780967587
4PCP,368025.7582,33.5675,10963.752385491918
AM4PCP,297350.6792,33.5675,8858.290882550085
AGM4PCP,274917.7965,33.5675,8189.999150964474
UM4PCP,114751.7376,33.5675,3418.5369062337077
ALAR,99601.2,77.6892,1282.046925441374
DAAD,66514.79905,95.2146,698.5777291507815
DSBAO1,42589.50023,43.2467,984.8034700913596
DSBAO2,40628.328539999995,43.2467,939.4549998034531
ICDHyr,383040.0,91.5134,4185.616532660791
NDP3,50361.07015,17.4329,2888.852121563251
TDP,78347.25203999999,17.4329,4494.217946526395
ADSL2r,65511.51477,206.1712,317.75298766268037
ADSL1r,52937.90418,206.1712,256.7667267785219
ACGAMK,47985.8923,33.0427,1452.2388394410866
AGM3PH,85810.52973,37.5947,2282.5166773507963
AGMH,70842.10889,37.5947,1884.3642558658535
AGM4PH,61409.51387,37.5947,1633.4620004947506
TMK,51447.79716,32.3973,1588.0273096832143
PNSPA,85955.66553,26.482,3245.8147243410617
DTMPK,53420.7701,23.7831,2246.1651382704526
ADCL,51464.6279,18.7769,2740.8479514722876
3OAS180,64714.60969,85.2266,759.3240806274097
3OAS60,24315.00106,85.2266,285.29826439163355
3OAS120,22731.99629,85.2266,266.724195145647
3OAS181,113083.1628,86.0915,1313.5229703280813
G3PAT141,44641.11376,100.021,446.3174109437018
G3PAT181,40367.30375,100.021,403.5882839603683
G3PAT140,39733.522639999996,100.021,397.2518035212605
G3PAT120,38403.90002,100.021,383.9583689425221
G3PAT160,36436.99096,100.021,364.2934079843233
G3PAT161,36103.3946,100.021,360.9581447895942
G3PAT180,26607.174369999997,100.021,266.0158803651233
AACPS3,27315.9877,89.3395,305.754875502997
AACPS7,25958.5977,89.3395,290.5612601368935
AACPS6,25104.69583,89.3395,281.00331689790073
AACPS8,21063.27015,89.3395,235.76659988023215
AACPS9,20750.4495,89.3395,232.26511789298127
AACPS2,20750.08226,89.3395,232.26100728121378
AACPS1,20745.53024,89.3395,232.21005535065677
AACPS5,20416.08438,89.3395,228.52248311217323
MCOATA,35830.17228,41.0567,872.6997610621409
ACOATA,46627.39663,75.6698,616.195584367872
ACPPAT160,56596.658579999996,46.854,1207.9365386092968
ACPPAT120,55201.126860000004,46.854,1178.151851709566
ACPPAT161,36122.18474,46.854,770.9519942801041
ACPPAT140,36003.91388,46.854,768.427751739446
ACPPAT141,32116.75173,46.854,685.4644583173261
ACPPAT180,29831.164139999997,46.854,636.683402484313
ACPPAT181,29699.60543,46.854,633.8755587569898
UAGAAT,55002.9292,92.8795,592.1966548054199
3OAR180,97218.05665,102.2412,950.8696753363614
3OAR181,96250.35594,102.2412,941.4047951315124
OPMEACPR,76760.17656,102.2412,750.7753876128214
OGMEACPR,74272.01557,102.2412,726.4392003419365
3OAR40,73344.63007,102.2412,717.3686348556159
3OAR140,70161.15411,102.2412,686.2317158836164
3OAR161,65215.19941,102.2412,637.8563574175577
3OAR60,56135.66993,102.2412,549.0513602148644
3OAR121,54917.38823,102.2412,537.1355992496175
3OAR141,52649.066510000004,102.2412,514.9496143433371
3OAR160,48521.50235,102.2412,474.578764235944
3OAR120,47519.213489999995,102.2412,464.7755845001818
3OAR100,47315.224760000005,102.2412,462.78041298419816
3OAR80,45495.96083,102.2412,444.98656930865445
KAS15,73898.47134,67.0302,1102.4653266736489
OGMEACPS,26462.893119999997,67.0302,394.79060363836004
ASR,66834.18053,40.2035,1662.397068165707
DHORTS,6840.0,77.6548,88.08212756970593
MTRPOX,448353.14,40.902,10961.643440418562
SARCOX,101503.5569,40.902,2481.6282064446723
EDTXS1,55684.5271,35.4068,1572.7071381768476
HPYRRx,62428.104629999994,35.3434,1766.3299125154906
GLYCLTDy,52522.45937,35.3434,1486.0613118715232
HPYRRy,36387.45358,35.3434,1029.5402700362727
DGUNC,54068.93725,38.546,1402.7120129196285
PUACGAMS,34318.30265,66.848,513.3781511787937
P5CD,100308.3139,287.6303,348.740427903458
PROD3,34068.78463,287.6303,118.44643846632293
URACPAH,128428.6529,25.2087,5094.616259465978
POAACR,37530.04617,13.7629,2726.8995756708255
3AMACHYD,109364.1979,28.8981,3784.477107491496
MSAR,79845.7334,21.5704,3701.6343415050255
PYROX,37360.26087,59.9682,623.0012051387234
G1PPpp,421200.0,91.3658,4610.040080642867
GAL1PPpp,98804.09727,91.3658,1081.4122710029355
PHYTSpp,24951600.0,94.1137,265121.8685483623
NTP3pp,1188.0,94.1137,12.623029378294554
CYTBD2pp,84888.89922,100.3437,845.9813542853215
APH160,44230.64538,10.2998,4294.320800403892
APH120,42342.85231,10.2998,4111.0363609002125
APH181,36437.6653,10.2998,3537.7061010893417
APH161,36190.38685,10.2998,3513.698018408125
APH140,33659.74042,10.2998,3267.9994194062024
APH141,33028.26164,10.2998,3206.6896095069806
APH180,29892.74755,10.2998,2902.2648546573723
MGSA,730800.0,101.5115,7199.184328869143
3HAD60,180165.2644,37.9381,4748.926920430912
3HAD140,119822.7211,37.9381,3158.3743281819598
3HAD180,77169.12258,37.9381,2034.0797926095402
3HAD181,58066.459989999996,37.9381,1530.5579348992173
3HAD40,51995.15083,37.9381,1370.5259575466353
3HAD121,38475.78073,37.9381,1014.1725792804594
3HAD141,37600.39146,37.9381,991.0984329737124
3HAD80,35445.91149,37.9381,934.3090847986589
3HAD100,31865.24545,37.9381,839.9272881351465
3HAD161,29081.514730000003,37.9381,766.5516915712701
3HAD160,23687.285359999998,37.9381,624.3666751893215
T2DECAI,45580.82161,37.9381,1201.4524082650423
DHORD2,89793.57721,36.7745,2441.734821955431
DHORD5,67175.0146,36.7745,1826.6737712273448
FMNRx2,57586.919910000004,26.242,2194.456211797881
FMNRx,88320.61422,26.242,3365.6205403551558
FDMO4,83814.77552000001,166.9451,502.0499285094322
FDMO3,73207.47371,166.9451,438.5122636723091
FDMO6,53432.41027,166.9451,320.05976976862456
FDMO2,52104.997189999995,166.9451,312.1085745553478
FDMO,51364.625289999996,166.9451,307.67375196995897
NAMNPP,39777.21234,45.8973,866.656913151754
PHETA1,648000.0,87.0756,7441.809186500007
TYRTA,44880.1438,87.0756,515.4158432442613
ASPTA,57.6,87.0756,0.6614941499111118
CYSTA,60623.423870000006,87.1467,695.6479576392452
MLDCP2App,48700.298780000005,34.411,1415.2538077940194
KDOCT2,60657.43814,27.6144,2196.5872204357147
TDSK,31587.35968,35.5893,887.5521485390271
COLIPAabcpp,51519.828310000004,128.9214,399.6220046477932
LIPACabcpp,44002.380619999996,128.9214,341.3116877415231
LIPAabcpp,33863.13427,128.9214,262.66495919219
UMPK,117592.7653,24.7463,4751.933230422325
CYTK2,392400.0,24.7463,15856.915983399538
CYTK1,370800.0,24.7463,14984.058222845435
PSCVT,360000.0,46.0958,7809.822152994417
PSERT,47943.2217,79.5666,602.5546108543033
OHPBAT,38472.30086,79.5666,483.52324794574616
TMAOR2,55542.02766,144.0938,385.4574427213385
DMSOR2,46786.28677,144.0938,324.6932676492674
POX,77706.70456,248.0455,313.27601008685906
ALATA_L2,30093.5339,90.6332,332.0365373836519
4HTHRA,285361.15,145.9788,1954.8122741110353
PMDPHT,140194.266,27.122,5169.023892043359
MOCOS,61679.976389999996,88.1345,699.8391820456234
BMOCOS,60612.459189999994,88.1345,687.7268174211006
BWCOS,41385.67045,88.1345,469.57400847568204
WCOS,34891.929260000004,88.1345,395.89410798268557
MPTSS,62477.70379,53.4377,1169.1690284200106
F6PA,248138.724,23.5552,10534.350122265996
F1PP,175894.7664,20.7798,8464.699679496433
G3PT,133027.7466,27.163,4897.387865846925
CLPNS120pp,72569.91389,47.6335,1523.5058076773698
CLPNS160pp,38107.66934,47.6335,800.0182506009427
MPTS,78617.89033,51.478,1527.2133791134074
MOADSUx,32152.83015,107.6949,298.554807609274
CPMPS,67589.59623,142.1499,475.48113808029404
DBTS,100.8,48.2792,2.0878556396957695
MALCOAMT,22588.40026,28.2762,798.8485107617006
AOXSr2,30198.402110000003,83.1885,363.0117397236397
BTS5,50040.0,77.2962,647.3798194477865
AMAOTr,1018.8,94.6712,10.761456493632698
PGL,445035.0849,36.3076,12257.353416364618
PYDXPP,184478.8178,27.163,6791.547980709052
PDXPP,146120.3675,30.2013,4838.214497389185
UDPG4E,86040.0,74.5302,1154.4313580266792
UGLT,223200.0,79.2914,2814.933271451885
GALKr,46300.67878,41.4421,1117.2377553261056
GALM2pp,61753.00531,38.1905,1616.972946413375
PGM,286270.8666,56.1939,5094.340606364748
DDPA,6120.0,77.4701,78.99821995840976
QULNS,35704.84612,76.4816,466.8423008932868
MANPGH,102322.8124,100.015,1023.0746628005799
SUCOAS,161028.0,142.3403,1131.2888900754037
SUCDi,348412.3309,355.0752,981.2353295865214
CS,158400.0,288.0899,549.8283695471448
PGMT,21.6,20.7798,1.0394710247451853
G6PDA,6480000.0,178.6452,36273.014892087784
AGDC,378000.0,163.7964,2307.7430273192817
ASNS1,10584.0,125.318,84.45714103321151
OMMBLHXy,72236.32615,42.9535,1681.7331800668164
CYTDH,41760.0,32.5608,1282.5237709147195
URIH,39060.0,32.5608,1199.6019753814403
NTP1,61920.0,39.1933,1579.8618641451471
NNATr,36148.108680000005,24.528,1473.748723091977
RZ5PP,163992.6805,23.3085,7035.7457794366865
LIPOCT,27833.797639999997,23.8825,1165.447404584947
LIPOS,30426.861,72.1434,421.7552957027254
CITL,90426.59776,614.1003,147.2505350673172
TPRDCOAS,51451.44968,31.6444,1625.9259041094158
NADHPO,78890.11212,319.964,246.55933830055884
DSBGGT,45356.724780000004,54.99,824.8176901254774
3HBZCT,98553.50089,59.88,1645.850048263193
DHBD,100506.6755,104.9986,957.2191962559501
ICHORT,36000.0,32.5543,1105.844696399554
DHBS,20988.0,118.2243,177.526955118364
ICHORS_copy1,4798.8,42.9316,111.77780469397833
SERASr,47520.62193,141.991,334.67347881203733
ENTERES,167184.4441,45.6519,3662.157415134967
FEENTERES,76556.95925,45.6519,1676.9720263559677
ENTCS,75307.61412,23.2586,3237.839513986224
DHPTDNR,48240.0,47.8104,1008.9854926961498
DHPTDNRN,39928.27811,47.8104,835.137922083898
MTHFC,153051.0658,62.0875,2465.0866245218444
MTHFD,75414.87348,62.0875,1214.6546966780752
USHD,135982.9036,26.8942,5056.216715871823
AIRC3,59849.956829999996,142.2426,420.7597219820222
AIRC2,21240.0,78.9222,269.12579730418054
CBMKr,132251.9875,31.6441,4179.3568943341725
URDGLYCD,46566.33198,75.9342,613.2458362635018
ALLTAMH2,239615.5129,91.388,2621.9581662800365
UGCIAMH,137305.4295,28.73,4779.165663069962
GLYCK,56631.088220000005,38.7345,1462.0322508358183
ALLTN,2080.8,198.4064,10.487564917260736
TRSARr,114080.5464,30.4274,3749.2702761326964
HPYRI,40483.26047,58.7549,689.0193068152614
GLXCL,68040.0,129.4635,525.5535343938639
UGLYCH,124108.9893,18.1696,6830.584564327229
LPLIPAL1E140pp,80359.58157000001,94.4886,850.4685387443565
LPLIPAL1A141pp,76173.89044,94.4886,806.1701669831069
LPLIPAL1G160pp,72728.86787999999,94.4886,769.7105034893096
LPLIPAL1E120pp,68213.71962,94.4886,721.9253922695436
LPLIPAL1A161pp,64292.58727,94.4886,680.4269220837223
LPLIPAL1E141pp,62198.85846,94.4886,658.2683885675098
LPLIPAL1A160pp,61464.260610000005,94.4886,650.4939284739112
LPLIPAL1A120pp,56416.07922000001,94.4886,597.067574501051
LPLIPAL1E181pp,54942.42834,94.4886,581.4715038639581
LPLIPAL1G120pp,53223.88699,94.4886,563.2836870267947
LPLIPAL1E161pp,51612.44439,94.4886,546.2293270299274
LPLIPAL1E160pp,49018.45401,94.4886,518.7763815952401
LPLIPAL1A181pp,47647.34099999999,94.4886,504.26549869508057
LPLIPAL1G161pp,47591.5801,94.4886,503.6753650704952
LPLIPAL1E180pp,45957.79338,94.4886,486.38453083229086
LPLIPAL1A140pp,45931.30878,94.4886,486.1042367015703
LPLIPAL1G140pp,44383.36353,94.4886,469.7218874022898
LPLIPAL1G181pp,43013.3178,94.4886,455.22229983299565
LPLIPAL1G141pp,42244.30683,94.4886,447.0836358036842
LPLIPAL1G180pp,41720.50554,94.4886,441.5400962655812
LPLIPAL1A180pp,40638.819489999994,94.4886,430.0923020343194
ALDD2y,118944.3827,29.41,4044.351672900374
GLUN,118800.0,67.0312,1772.3090143097543
NTD2pp,219600.0,60.824,3610.4169406813103
NTD3pp,93600.0,60.824,1538.866237011706
NTD11pp,87231.61544,60.824,1434.1643995791135
NTD1pp,86400.0,60.824,1420.4919110877286
NTD6pp,50400.0,60.824,828.6202814678417
NTD12pp,864.0,60.824,14.204919110877286
UACGAMPpp,178221.5101,60.824,2930.118211561226
UDPGALPpp,173318.5771,60.824,2849.5096853215837
UGLCURPpp,139950.4097,60.824,2300.907695975273
UDPGPpp,131168.7661,60.824,2156.5297596343553
UACGALPpp,124189.3529,60.824,2041.7820745100619
GSNK,38844.932839999994,96.8976,400.88642897244097
INSK,37606.352889999995,96.8976,388.10406955383826
NDPK5,64928.31469,23.586,2752.8328114135506
NDPK2,50056.6939,23.586,2122.3053463919273
NDPK1,47618.20363,23.586,2018.9181561095568
NDPK4,42864.155139999995,23.586,1817.355852624438
NDPK7,34944.15836,23.586,1481.563569914356
NDPK6,32829.282360000005,23.586,1391.896988043755
NDPK8,30031.18624,23.586,1273.2632171627238
ADK1,176681.4088,23.586,7490.944153311287
ADK4,62685.06114,23.586,2657.7232739760875
DADK,62543.14022,23.586,2651.706106164674
ADNK1,51457.89744,23.586,2181.7136199440347
ADK3,47288.193439999995,23.586,2004.92637327228
ADPT,87139.36438,39.7178,2193.962515043633
GLCATr,60050.08779,60.288,996.0537385549363
MALTATr,57322.241570000006,60.288,950.8068200968685
FACOAE100,132742.2426,127.8653,1038.1412517704177
FACOAE181,83992.09966,127.8653,656.8795416739334
FACOAE141,80438.50827,127.8653,629.0878625397196
FACOAE160,61487.525879999994,127.8653,480.87734420519087
FACOAE161,57258.54062000001,127.8653,447.80359190491873
FACOAE180,56089.19439,127.8653,438.658450650802
FACOAE60,54589.54301,127.8653,426.93008196907215
FACOAE140,45309.01961,127.8653,354.3496133040004
FACOAE80,41216.60308,127.8653,322.34392818067136
FACOAE120,36468.0,127.8653,285.20638515687995
ACP1_FMN,33840.0,27.122,1247.6955976697884
2MAHMP,100342.7108,17.4329,5755.939103648848
CCGS,36626.83883,25.5142,1435.5472180197694
AGMt2pp,78079.22307000001,53.2452,1466.4086728944583
AGM3Pt2pp,70521.94332,53.2452,1324.4751324063016
AGM4Pt2pp,46367.87586,53.2452,870.8367300714431
CYTBO3_4pp,3456000.0,143.9313,24011.45546521153
HEMEOS,74825.43266,32.2485,2320.276374405011
DPR,28800.0,33.8708,850.289925245344
GRTT,29295.78396,32.1596,910.9498861926144
DMATT,25252.89169,32.1596,785.2364982773419
DXPS,9360.0,135.2339,69.21341468374423
PGPP161,262818.9398,19.4181,13534.740257800711
PGPP161pp,255550.7413,19.4181,13160.440068801789
PGPP180pp,245746.388,19.4181,12655.532106642773
PGPP160,240401.5284,19.4181,12380.280686575928
PGPP140,239413.7126,19.4181,12329.409808374661
PGPP141pp,237334.6314,19.4181,12222.340568850712
PGPP120pp,216070.1122,19.4181,11127.253037114857
PGPP140pp,139702.3675,19.4181,7194.440624983907
PGPP181pp,133171.8803,19.4181,6858.131346527209
PGPP180,124054.7736,19.4181,6388.615446413398
PGPP160pp,114288.9956,19.4181,5885.694048336346
PGPP120,101325.2283,19.4181,5218.0814961299
PGPP141,70145.79744,19.4181,3612.3924297433837
TMPK,61885.70436,35.0708,1764.593461227004
RBFSa,46910.509360000004,969.3906,48.39175184904826
APRAUR,34656.49939,80.6766,429.5731276479177
DHPPDA2,32681.889710000003,80.6766,405.097509191017
FA140ACPHi,238671.0435,22.9611,10394.582293531234
FA80ACPHi,167744.1158,22.9611,7305.5783825687795
FA141ACPHi,152443.3088,22.9611,6639.198853713455
FA120ACPHi,150872.5562,22.9611,6570.7895614757135
FA160ACPHi,140807.8395,22.9611,6132.451820688034
FA100ACPHi,138944.6713,22.9611,6051.307267508961
FA161ACPHi,131508.499,22.9611,5727.447683255594
MLTG4,198799.2106,69.041,2879.4370098926724
MLTG1,110961.5002,69.041,1607.1826914442142
MLTG2,97843.53327999999,69.041,1417.1801289089092
MLTG3,92965.47457,69.041,1346.525608985965
MLTG5,70195.25817999999,69.041,1016.7184452716501
HEX7,50400.0,32.4998,1550.7787740232247
P5CR,82621.00391,281.4488,293.5560709798727
3NTD4pp,72018.17576,70.8322,1016.7434550952815
PPTHpp,2690052.7210000004,98.8772,27205.996134599285
ACP1p,42418.76212,98.8772,429.0044835412006
ALAALAr,48962.9277,39.3158,1245.375337650512
MDDCP1pp,72934.50401,41.849,1742.801596453918
PPBNGS,40735.57498,284.9983,142.93269461607315
TAUDO,117821.9385,129.6381,908.8527099672087
FALDH2,77529.166,78.718,984.897558372926
HOPNTAL,739440.0,36.4704,20275.072387470387
ACALD,56520.0,33.4425,1690.0650370038124
OP4ENH,1620000.0,144.4494,11214.999854620373
HKNTDH,88935.18717,63.8749,1392.333877156755
HKNDDH,76039.58734,63.8749,1190.445501127986
HPPPNDO,62729.62986,136.7842,458.60289317041
DHCINDO,42469.29098,136.7842,310.4838934613793
3HPPPNH,62525.940429999995,62.1857,1005.4713612615119
3HCINNMH,52675.011589999995,62.1857,847.0598801653756
LACZ,120272.9526,465.9314,258.13446485899
CYNTAH,46599.88951,170.4884,273.33173113244067
CSND,666000.0,285.5459,2332.374584961647
MCITD,77896.16941,53.9518,1443.8103902001417
MCITS,44593.78769,86.2044,517.3029182965138
MCITL2,68400.0,128.5386,532.1358720259906
LCARSyi,51663.63255,37.978,1360.356852651535
PPDOy,34363.547080000004,37.978,904.8277181526147
BETALDHx,114309.1179,211.6445,540.0996383085787
BETALDHy,66361.24698,211.6445,313.5505386627103
CHOLD,85356.96667000001,61.8776,1379.4485673329284
DXYLTD,54004.054860000004,69.399,778.1676228764104
HCYSMT2,28154.899910000004,33.4228,842.3860331869264
HCYSMT,1368.0,33.4228,40.93014349485979
G5SD,63613.440389999996,178.5202,356.3374922837864
GLU5K,68494.26554,156.2261,438.4303617641354
HXPRT,84547.30713,67.8824,1245.4967286071205
XPPT,540000.0,67.8824,7954.933826735648
LALGP,438508.0581,105.8308,4143.482408712776
S7PI,53702.62485,83.259,645.0068443051201
ACOAD1f,74217.41566,89.2244,831.8062733960666
ACOAD2f,73942.69539,89.2244,828.7272919739443
ACOAD7f,68841.7976,89.2244,771.55797741425
ACOAD3f,55431.9018,89.2244,621.2639345291199
ACOAD4f,53001.39331,89.2244,594.0235329125217
ACOAD5f,50054.126639999995,89.2244,560.9914624250765
ACOAD8f,46961.24815,89.2244,526.3274188450692
ACOAD6f,45139.547119999996,89.2244,505.91034649714646
GLYOX,190800.0,28.4344,6710.182033030414
MLTGY4pp,63767.143560000004,22.2266,2868.956275813665
MLTGY3pp,53688.14026,22.2266,2415.4904600793643
MLTGY1pp,88769.54387000001,22.2266,3993.8426871406336
MLTGY2pp,76763.8392,22.2266,3453.6923865998397
GMHEPPA,72647.83873999999,21.2942,3411.625641724037
LYSDC,108000.0,805.903,134.0111651154047
LPADSS,44160.21449,84.7649,520.9728848851353
3HAD120,31022.088389999997,37.9381,817.7027418347254
OGMEACPD,33973.0143,102.1977,332.42445084380574
OPMEACPD,30426.60685,102.1977,297.723009911182
U23GAAT,38678.500089999994,108.1154,357.75199546040614
DASYN140,123416.7126,31.4538,3923.745703221868
DASYN120,121853.9848,31.4538,3874.0624280691045
DASYN160,76454.26472,31.4538,2430.6845188816615
DASYN180,51259.73919,31.4538,1629.6835101005283
DASYN161,50741.22334,31.4538,1613.1985114676127
DASYN181,39735.19036,31.4538,1263.287436176233
DASYN141,34857.11483,31.4538,1108.2004346056756
UDCPDPS,23064.94493,56.8883,405.4426820629198
DXPRIi,33975.87795,86.776,391.53542396515167
THDPS,67973.30591,59.7842,1136.977761850121
NTPTP1,14400000.0,356.2976,40415.65253316329
NTPTP2,257719.0334,356.2976,723.3252017414655
5DOAN,92679.08145,48.7079,1902.752560672909
AHCYSNS,1620.0,48.7079,33.25949178675328
MTAN,1152.0,48.7079,23.651194159468997
G1SAT,37242.74105,90.7322,410.468841822418
HPPK2,32887.18739,18.0788,1819.1023403101974
MOHMT,30946.745810000004,282.3744,109.59472887768865
PANTS,5040.0,63.1953,79.75276642408534
ASP1DC,2052.0,13.8337,148.33341766844734
HCO3E,75355.0234,47.5285,1585.4702631052949
GUAPRT,403200.0,67.8824,5939.683923962617
GLCDpp,48551.41506,41.0545,1182.608850674104
FEROpp,40222.31028,56.5562,711.1918813498785
CU1Opp,62760.26843,56.5562,1109.697405943115
SPMS,60096.1142,64.6428,929.6644668857167
APCS,32269.738060000003,64.6428,499.20080906148877
ADMDC,81611.81815,30.3846,2685.9599320050293
ACONTa,126902.0613,186.9962,678.6344390955538
ACONTb,6199427.066000001,186.9962,33152.69008675043
MICITDr,44933.237539999995,186.9962,240.28957561704462
GLYCL,41483.70308,364.0876,113.93879681702974
AKGDH,598062.19,2418.391,247.29755858337214
PDH,8334311.943,4079.7264,2042.8605072634282
AGM3PA,176605.1653,20.5362,8599.700299958122
AM3PA,112889.3685,20.5362,5497.091404446782
AM4PA,108228.7793,20.5362,5270.146341582181
AGM4PA,102494.2679,20.5362,4990.907173673805
NNDPR,37610.72516,65.5241,573.9983480887184
GMPR,31616.62383,149.5347,211.43335847799878
DPCOAK,14436.0,22.6217,638.1483266067537
NTPP2,114342.7271,14.9271,7660.076444855331
NTPP1,107418.2038,14.9271,7196.187055757649
UHGADA,63311.859860000004,33.9559,1864.5319328894243
UAMAS,27385.20197,107.2519,255.33535508461853
UAGPT3,34300.27381,37.8147,907.0619047619047
UAMAGS,25742.37657,46.9736,548.0179626428462
PAPPT3,45027.0673,39.8748,1129.2111132845807
UGMDDS,64800.0,47.4472,1365.7286415215228
UAAGDS,33989.29057,53.3436,637.176541703222
IPPS,83179.41806,57.2979,1451.7009883433773
IPMD,121269.5699,40.3149,3008.058308466597
IPPMIa,188650.2353,72.3693,2606.771590992313
IPPMIb,44601.959,72.3693,616.3104935380059
XYLK2,84767.75688,110.3097,768.4524287528658
XYLK,37547.57457,105.2365,356.79231606904443
RBK_L1,3024.0,122.1788,24.750611399031584
ARAI,54410.564620000005,336.4439,161.72254756290724
AP5AH,132462.033,31.2967,4232.460067674866
GP4GH,129219.3278,31.2967,4128.848338642732
AP4AH,105382.7496,31.2967,3367.216019580339
NADH10,117092.9035,40.34,2902.6500619732274
NADH9,54379.94477,40.34,1348.0402768963806
CRNCBCT,64435.27782,90.2535,713.9366098821653
CRNBTCT,54373.23757999999,90.2535,602.4501828737942
CRNDCAL2,50132.50269,58.5591,856.1009764494331
CTBTCAL2,49902.22403,58.5591,852.1685618460666
CRNCAL2,29735.74585,58.5591,507.79034940769236
CRNCAR,184067.4942,28.1902,6529.48521826734
CRNCDH,101856.7062,28.1902,3613.195585699995
CBPS,17244.0,318.5455,54.13355391929881
DHDPRy,65089.8005,115.0264,565.8683615239632
XTSNH,60134.23386,32.5608,1846.829127662711
INSH,309.6,32.5608,9.508365887816025
ADNUC,55.44,32.5608,1.7026608682833344
IPDPS,44811.50985,69.5491,644.314733763629
DMPPS,37798.514910000005,69.5491,543.4795692539516
FMNAT,27737.90985,34.7343,798.5740276902083
RBFK,25528.97901,34.7343,734.9789404133667
MPTAT,85171.5542,63.667,1337.7660986068136
TALA,4680000.0,35.6588,131243.90052385387
THRS,1440000.0,47.1138,30564.293264393873
HSK,167447.5164,67.2473,2490.02586572249
4HTHRK,64144.86682,67.2473,953.8653123619835
ASPCT,1501200.0,206.5642,7267.474228351282
RNTR2c2,59338.06951,179.7453,330.1230658604147
FHL,47769.3377,311.4924,153.35635058832895
PFL,46080.0,114.1398,403.7154436927347
FLDR2,92994.89236,47.4511,1959.8047750210217
FDH4pp,55562.61011,170.1061,326.6350243171762
MOGDS,64115.157329999995,21.6429,2962.410644137338
BWCOGDS1,59838.75962999999,21.6429,2764.8217027293013
BMOGDS2,47261.72584,21.6429,2183.705780648619
BWCOGDS2,46431.272860000005,21.6429,2145.335091877706
RNDR2,56589.23412000001,270.3917,209.28613607592246
RNDR3,49354.71963,270.3917,182.5304535235364
RNDR4,60135.87086,270.3917,222.40279882851434
ATPS4rpp,72000000.0,530.0127,135845.8014307959
ACHBS,255600.0,143.0927,1786.2546447163272
METSOXR1,45317.99755,35.1216,1290.317000079723
TGBPA,54.0,77.9206,0.6930131441493007
HYD1pp,499165.1499,181.7482,2746.4654389974703
RNTR3c2,45256.31282,179.7453,251.78022913533763
RNDR4b,133302.8848,242.982,548.6121803261146
RNDR2b,78264.7634,242.982,322.1010749767472
RNDR3b,90987.03173999999,242.982,374.45996715806103
DSBDR,87395.65561,73.6017,1187.4135462903712
PAPSR,135797.6825,67.7583,2004.1483109818278
RNDR1,52642.37503,270.3917,194.68931564837234
MECDPDH5,46814.22547,60.3838,775.2778968862509
G3PD5,119880.0,113.5011,1056.201217433135
ACACCT,59421.21215,57.562,1032.2992972794552
3PEPTabcpp,63935.599839999995,200.7513,318.4816229832634
METSOXR2,35579.387,27.2578,1305.2919531290127
DMSOR1,68978.30625,144.0938,478.70419303259405
FDH5pp,56228.18692000001,170.1061,330.5477400281354
NO3R2pp,339429.8526,250.963,1352.5095436379067
NO3R1pp,121854.4463,250.963,485.54745639795505
POR5,28591.05108,148.5246,192.50044154301713
4PEPTabcpp,52432.36725,201.75,259.8878178438662
MPTG2,67917.89563,128.5965,528.1473106188738
MPTG,52986.52735,128.5965,412.03708771234056
PAPSR2,63837.1707,65.0891,980.7659147230489
TMAOR1pp,38283.48193,129.2504,296.1962356015919
TMAOR2pp,32625.905469999998,129.2504,252.42401934539464
CYTBDpp,47799.5592,100.3437,476.35834835669806
HYD2pp,405701.5621,181.7482,2232.2177721705084
HYD3pp,64490.45476,181.7482,354.83407681616654
OBTFL,15588.0,114.1398,136.56936493668292
TMAOR1,305173.8522,144.0938,2117.883296852467
TRDR,106447.4755,81.0527,1313.3119007756682
RNDR1b,104865.1104,242.982,431.57563276292075
RNTR1c2,78803.54786,179.7453,438.4178493679668
RNTR4c2,43973.64095,179.7453,244.64417678793274
L_LACD3,57330.3649,42.7282,1341.7453789300744
L_LACD2,77335.7594,42.7282,1809.9465786061662
MCTP2App,171080.6538,228.3702,749.1373821978524
MCTP1App,98973.01508,228.3702,433.38848536280125
ACLS,255600.0,143.0927,1786.2546447163272
DDPGALA_reverse,59389.08847,21.3906,2776.4105948407246
FRULYSE_reverse,88020.11241,249.3506,352.9973956750054
PUNP6_reverse,7236.0,155.6995,46.474137681880805
PUNP1_reverse,11880.0,155.6995,76.3008230598043
PUNP2_reverse,7236.0,155.6995,46.474137681880805
PPM2_reverse,78382.46305,44.37,1766.564414018481
PPM_reverse,48076.99468,44.37,1083.547322064458
DURIPP_reverse,7236.0,94.4142,76.64101374581367
TMDPP_reverse,73954.45574,94.4142,783.2980180947359
MANAO_reverse,91031.67358,53.5802,1698.9797272126646
2DDARAA_reverse,74305.60581000001,32.722,2270.814919931545
IDOND_reverse,72862.87692000001,37.1466,1961.4951817932197
OCBT_reverse,76405.55984,110.4814,691.5694391997206
RBP4E_reverse,89088.24245,25.2777,3524.380875237858
NADHXE_reverse,124326.8429,54.65,2274.9651033851787
NADPHXE_reverse,142042.3597,54.65,2599.128265324794
LYSAM_reverse,73191.65529,38.75,1888.8169107096774
FUM_reverse,4140000.0,120.2106,34439.5585747014
ALLPI_reverse,62495.81692999999,32.1466,1944.0879262503654
ALLULPE_reverse,33506.76876,26.1092,1283.3318814823892
PGI_reverse,18894555.37,123.0595,153539.9978872009
AICART_reverse,40775.96736,57.3292,711.260009907691
IMPC_reverse,84207.5602,57.3292,1468.8424084061876
PRAGSr_reverse,92835.43899,45.9404,2020.7799451027854
GLUR_reverse,43801.2,31.002,1412.8507838203986
ARGSL_reverse,44910.4328,50.3182,892.5286039643709
AGPR_reverse,118390.7061,35.9521,3293.012260758064
APPLDHr_reverse,77292.84878,309.6976,249.57522686646584
ASPK_reverse,46416.5033,97.0635,478.20759914901066
HSDy_reverse,186054.705,177.7754,1046.5717135216682
TPI_reverse,158840.0141,53.9436,2944.5571689690714
RMI_reverse,53264.33324,188.7978,282.12369656849813
RMPA_reverse,137880.0,120.582,1143.4542469025228
GHBDHx_reverse,127729.5553,124.6326,1024.8486776333
HACD4_reverse,74931.9091,77.0722,972.2300531190235
HACD3_reverse,78504.17496,77.0722,1018.579655958958
HACD1_reverse,81388.32686,77.0722,1056.001085475697
HACD5_reverse,72003.62601,77.0722,934.236028165798
HACD6_reverse,70200.88846,77.0722,910.8457843424737
HACD2_reverse,80925.67911,77.0722,1049.9983017222812
HACD8_reverse,35560.73635,77.0722,461.3951119859041
CTECOAI7_reverse,61167.98016,159.1878,384.2504272312325
CTECOAI6_reverse,36061.869439999995,159.1878,226.53664062195716
CTECOAI8_reverse,28798.60368,159.1878,180.90961543535371
ACACT5r_reverse,42094.72897,46.5305,904.6696031635163
PYNP2r_reverse,55333.7417,162.9545,339.56559469054247
DAPE_reverse,241200.0,60.4171,3992.2472280198817
UAG2E_reverse,53775.840489999995,84.4892,636.4818283283544
KARA1_reverse,78656.39457,216.2761,363.68509775236373
KARA2_reverse,47703.09446,216.2761,220.56572344332082
ILETA_reverse,39286.23378,204.5619,192.05059094582128
VALTA_reverse,130669.9685,204.5619,638.7795992313329
TRPAS2_reverse,31828.09978,211.0938,150.77704688626574
GK1_reverse,752400.0,47.1854,15945.610294709804
DGK1_reverse,56778.17925,47.1854,1203.2997336040385
ORPT_reverse,85723.79766,47.134,1818.7252866296092
GLYAT_reverse,72.0,86.2341,0.8349365274294044
G3PD2_reverse,62848.624639999995,72.7232,864.2169849511571
SERAT_reverse,124971.3197,175.8998,710.4687992823186
M1PD_reverse,83426.80356,41.139,2027.9249267118792
VPAMTr_reverse,35324.07478,46.7112,756.2228069499392
XYLI1_reverse,41784.30221,198.968,210.00513755980865
XYLI2_reverse,44224.564360000004,198.968,222.26973362550766
GTHOr_reverse,180000.0,97.545,1845.3021682300475
INOSTO_reverse,49976.409060000005,61.164,817.0886315479695
ASAD_reverse,202243.105,80.0358,2526.908021160531
MLTP1_reverse,92673.18324,181.0448,511.8798399070285
MLTP3_reverse,60299.89543,181.0448,333.0661550621724
MLTP2_reverse,61482.2144,181.0448,339.596687670676
RPE_reverse,53593.65511,24.5542,2182.667531827549
FRULYSDG_reverse,44434.82184,462.8308,96.00662237690317
SHK3Dr_reverse,853200.0,29.4136,29006.989963826258
PCNO_reverse,72503.25074,69.448,1043.9933581960604
MDH_reverse,3351600.0,64.6746,51822.50837268418
AMANAPEr_reverse,62550.40839,24.0737,2598.2881065228858
A5PISO_reverse,37800.0,136.1257,277.6845224671021
PGAMT_reverse,28440.0,47.5436,598.1877687007294
PPAKr_reverse,44815.51934,43.3841,1032.9941001426791
GUI1_reverse,48119.13917,53.9872,891.306442453026
GUI2_reverse,43291.1251,53.9872,801.8775765366605
DHNPTE_reverse,43578.350999999995,108.9562,399.9621040381364
DHNPA2r_reverse,49640.84496,108.9562,455.6036734027068
13PPDH2_reverse,125915.8495,84.194,1495.5442133643726
TKT2_reverse,153208.3747,73.0427,2097.5179545663013
TKT1_reverse,96204.48913999999,73.0427,1317.099301367556
E4PD_reverse,66904.51522999999,142.13,470.7276101456413
PGK_reverse,260256.0077,41.1182,6329.460134441682
FBA_reverse,74836.67231000001,78.2945,955.8356245968747
FBA3_reverse,57815.20921,78.2945,738.4325745742038
RPI_reverse,248400.0,32.1466,7727.1002221074705
ARHGDx_reverse,68327.84002,176.7031,386.68161464060336
AHGDx_reverse,59561.58125,176.7031,337.07151289366175
IPDDI_reverse,60579.2064,20.5083,2953.8872749082084
5DKGR_reverse,112728.2937,27.07,4164.325589213151
FCI_reverse,42485.674230000004,389.86,108.97674608833941
ARABDI_reverse,53777.899260000006,389.86,137.94156687015854
LCARS_reverse,75516.24955,81.0267,931.9921649283507
ENO_reverse,103792.7298,91.3099,1136.7083941609837
FCLPA_reverse,69480.0,23.2225,2991.925933900312
SBTPD_reverse,145818.7376,111.4315,1308.5953038413734
ACOTA_reverse,43573.65835,44.7291,974.1680103109608
SDPTA_reverse,42044.619210000004,44.7291,939.9835724394187
GHMT2r_reverse,38520.0,90.6332,425.0098198011325
NDPK3_reverse,72824.38665,23.586,3087.610728822183
GARFT_reverse,50044.52274,23.2383,2153.5363060120576
PUNP5_reverse,22320000.0,155.6995,143353.06150629898
PUNP3_reverse,7236.0,155.6995,46.474137681880805
PUNP4_reverse,7236.0,155.6995,46.474137681880805
PUNP7_reverse,7236.0,179.0077,40.42284214589652
FORCT_reverse,67262.27849,91.6564,733.8525022802553
ACOXT_reverse,44515.09246,83.342,534.125560461712
ACACT8r_reverse,62536.43752000001,46.5305,1343.9880835151139
ACACT7r_reverse,64247.05272000001,46.5305,1380.751393602046
ACACT2r_reverse,53436.01495,46.5305,1148.408354735066
ACACT3r_reverse,45922.08615,46.5305,986.9244076465974
ACACT4r_reverse,59530.00372000001,46.5305,1279.3759731788828
ACACT6r_reverse,41750.77922,46.5305,897.2776828101996
ACACT1r_reverse,793800.0,46.5305,17059.777995078497
HACD7_reverse,62143.004420000005,77.0722,806.2959720885093
ECOAH4_reverse,53226.131389999995,77.0722,690.6009091475266
ECOAH5_reverse,52931.57455,77.0722,686.7790792270106
ECOAH6_reverse,53642.84643,77.0722,696.007723018157
ECOAH1_reverse,67772.16329,77.0722,879.3334469497432
ECOAH3_reverse,56156.12896,77.0722,728.6171792163713
ECOAH2_reverse,61335.94824,77.0722,795.8245416635311
ECOAH7_reverse,46853.30245,77.0722,607.9144289380607
ECOAH8_reverse,41321.36268,77.0722,536.138357021079
PERD_reverse,85456.76294,82.7353,1032.8936130043646
DHPTPE_reverse,86149.14949,112.6563,764.70778367477
PTAr_reverse,432000.0,72.1335,5988.895589427936
ALATA_L_reverse,60660.24815,91.0347,666.3420448466354
ICHORS_copy2_reverse,61468.69752,97.5291,630.2600713017961
UDPKAAT_reverse,110290.9906,41.6498,2648.0557073503355
RHMND_reverse,81914.45516,353.808,231.52233742594854
LKDRA_reverse,34771.03338,173.496,200.41403479042745
YUMPS_reverse,71331.24637000001,98.73,722.4880620885243
DURADx_reverse,2304.0,178.7966,12.886151078935505
GLTPD_reverse,79900.96582,74.7803,1068.4761336876156
PMANM_reverse,47443.81536,50.4626,940.1777823576272
UDPGPT_reverse,68103.56631000001,52.408,1299.4879848496414
PRMICI_reverse,31295.931480000003,26.0326,1202.1823206287502
G6PDH2r_reverse,81969.85226,55.7044,1471.5148580722528
ACKr_reverse,12654000.0,42.4337,298206.3784209249
GAPD_reverse,95439.13346,142.13,671.491827622599
GLUDy_reverse,14815453.08,291.4882,50826.93940955414
MAN6PI_reverse,295433.8636,42.85,6894.605918319719
DHFR_reverse,36000.0,17.9994,2000.0666688889628
LSERDHr_reverse,65106.992889999994,108.9957,597.3354259846948
ATHRDHr_reverse,72890.19952000001,108.9957,668.7438084254701
DSERDHr_reverse,51079.14062,108.9957,468.6344564051609
TAGURr_reverse,135684.0258,54.8083,2475.610916594749
ALCD19_reverse,40392.69986,141.5183,285.42386292090845
METNA_reverse,84764.6906,38.496,2201.909045095594
HADPCOADH3_reverse,73288.14017,51.7326,1416.6722757023617
REPHACCOAI_reverse,73490.85456,28.4046,2587.2870788534256
DHACOAH_reverse,79579.63468999999,27.2374,2921.7045198880946
ALDD19xr_reverse,348480.0,214.7965,1622.3728040261362
LDH_D_reverse,38796.51899,146.1392,265.4764703104985
4ABZGLUH_reverse,47076.76765,197.564,238.28616372416028
ALAGLUE_reverse,145260.93300000002,34.674,4189.33301609275
GGGABADr_reverse,55686.34375,53.4186,1042.4523246584524
CBIAT_reverse,75555.2439,21.9989,3434.50099323148
CBLAT_reverse,89521.13115,21.9989,4069.3457922896146
CLPNS161pp_reverse,28657.3883,47.6335,601.6225618524778
CLPNS141pp_reverse,26166.13382,47.6335,549.322090965392
CLPNS181pp_reverse,28063.14845,47.6335,589.1473112410384
CLPNS140pp_reverse,58300.943770000005,47.6335,1223.9483508455185
CLPNS180pp_reverse,49737.291619999996,47.6335,1044.1662195723598
ALCD2x_reverse,94370.16257,141.5183,666.8407023685276
PRPPS_reverse,66269.10878,34.2183,1936.65695782666
ALAR_reverse,99601.2,77.6892,1282.046925441374
ICDHyr_reverse,383040.0,91.5134,4185.616532660791
ADSL2r_reverse,36483.76139,206.1712,176.95857321488162
ADSL1r_reverse,37499.6928,206.1712,181.8861839092948
DTMPK_reverse,85532.31102000001,23.7831,3596.3482901724337
MCOATA_reverse,37268.74996,41.0567,907.7385654472961
ACOATA_reverse,31554.46125,75.6698,417.0020437479682
UAGAAT_reverse,37382.304469999995,92.8795,402.4817582997324
3OAR180_reverse,62242.59658,102.2412,608.7819448519774
3OAR40_reverse,84447.49236,102.2412,825.9634311803852
3OAR140_reverse,79949.09282,102.2412,781.9655170322727
3OAR60_reverse,126804.1723,102.2412,1240.2453443425939
3OAR160_reverse,114361.0631,102.2412,1118.541870596198
3OAR120_reverse,114666.2941,102.2412,1121.52727178476
3OAR100_reverse,80698.5703,102.2412,789.2960010250271
3OAR80_reverse,102715.8649,102.2412,1004.6425990696509
DHORTS_reverse,223429.9983,77.6548,2877.2207036783307
PUACGAMS_reverse,74618.23203,66.848,1116.2373149533269
T2DECAI_reverse,75813.63833,37.9381,1998.350954054104
PHETA1_reverse,53573.54006,87.0756,615.2531829812256
TYRTA_reverse,38712.093239999995,87.0756,444.5802640464148
ASPTA_reverse,140230.5282,87.0756,1610.4457299174512
UMPK_reverse,60264.23036,24.7463,2435.2824608123233
CYTK2_reverse,392400.0,24.7463,15856.915983399538
CYTK1_reverse,370800.0,24.7463,14984.058222845435
PSCVT_reverse,44272.419780000004,46.0958,960.4436799014228
OHPBAT_reverse,59097.47671,79.5666,742.7422650961586
4HTHRA_reverse,58544.41876,145.9788,401.047403869603
F6PA_reverse,89110.83655,23.5552,3783.0643148858853
CLPNS120pp_reverse,28317.84973,47.6335,594.4944152749641
CLPNS160pp_reverse,64347.688389999996,47.6335,1350.8914606316982
AMAOTr_reverse,39627.56765,94.6712,418.5810220003549
UDPG4E_reverse,3456000.0,74.5302,46370.464590192976
UGLT_reverse,43416.572589999996,79.2914,547.5571447849326
GALKr_reverse,85778.22845,41.4421,2069.8330550334076
PGM_reverse,792000.0,56.1939,14094.056472321729
SUCOAS_reverse,161028.0,142.3403,1131.2888900754037
PGMT_reverse,55950.961729999995,20.7798,2692.5649780074878
NNATr_reverse,44932.124319999995,24.528,1831.870691454664
DHBD_reverse,82511.48529,104.9986,785.834147217201
SERASr_reverse,38296.20741,141.991,269.7086956919805
MTHFC_reverse,251234.0033,62.0875,4046.45062693779
MTHFD_reverse,67916.31907,62.0875,1093.8807178578618
AIRC3_reverse,55800.0,142.2426,392.2875425505439
CBMKr_reverse,38656.23927,31.6441,1221.5938917523329
TRSARr_reverse,90439.224,30.4274,2972.2954968219437
HPYRI_reverse,31781.41307,58.7549,540.9151078463243
NDPK5_reverse,97777.01677,23.586,4145.553157381498
NDPK2_reverse,66898.03538,23.586,2836.3450936996524
NDPK1_reverse,41631.81877,23.586,1765.1072148732299
NDPK4_reverse,58148.94516,23.586,2465.4008801831596
NDPK7_reverse,74264.12827999999,23.586,3148.652941575511
NDPK6_reverse,43409.58935,23.586,1840.481190112779
NDPK8_reverse,45732.56016,23.586,1938.9705825489698
ADK1_reverse,142610.5403,23.586,6046.406355465107
ADK4_reverse,94453.16122000001,23.586,4004.6282209785472
DADK_reverse,45627.89731,23.586,1934.5330836089206
ADK3_reverse,64295.468660000006,23.586,2726.0013847197492
GLCATr_reverse,86657.78941,60.288,1437.396984640393
MALTATr_reverse,79430.32705,60.288,1317.5147135416669
ALAALAr_reverse,40520.43658,39.3158,1030.6400119036111
FALDH2_reverse,52333.21495,78.718,664.8189099062477
ACALD_reverse,107599.0811,33.4425,3217.4353322867605
MCITL2_reverse,46223.11257,128.5386,359.6049168887789
DXYLTD_reverse,50124.79746,69.399,722.2697367397225
ACOAD2f_reverse,70424.73451000001,89.2244,789.2990539583343
ACOAD7f_reverse,57252.428470000006,89.2244,641.667845006523
ACOAD3f_reverse,91497.57863999999,89.2244,1025.4770963996395
ACOAD4f_reverse,59831.06939,89.2244,670.5684699476824
ACOAD5f_reverse,64995.40817,89.2244,728.4488118720888
ACOAD8f_reverse,78163.75242,89.2244,876.0356182837878
ACOAD6f_reverse,55184.12847,89.2244,618.4869662334519
G1SAT_reverse,41196.292389999995,90.7322,454.04269256118545
HCO3E_reverse,84826.36912999999,47.5285,1784.7474490042814
ACONTa_reverse,86551.40458999999,186.9962,462.85114130661475
ACONTb_reverse,91585.59906000001,186.9962,489.7725144147315
MICITDr_reverse,10800.0,186.9962,57.75518432994895
IPPMIa_reverse,81304.31244,72.3693,1123.4641269156948
IPPMIb_reverse,61750.173910000005,72.3693,853.2647671042832
ARAI_reverse,87749.07557,336.4439,260.81339435787066
CRNCBCT_reverse,79085.54746,90.2535,876.2601722924873
CRNBTCT_reverse,93703.4378,90.2535,1038.2249752087175
CRNCAR_reverse,212863.9886,28.1902,7550.992493845379
CRNCDH_reverse,80372.84827,28.1902,2851.091807436627
TALA_reverse,112946.1191,35.6588,3167.4122264349894
ATPS4rpp_reverse,1260.0,530.0127,2.3773015250389284
TGBPA_reverse,38388.78484,77.9206,492.6654163340632
POR5_reverse,45870.12874,148.5246,308.8385946839783
GLCptspp,38160.0,211.1211,180.74934243900773
