,MW
ALATA_D2,90.6332 or 145.9788
SHCHD2,99.9028
CPPPGO,68.6453
GTHOr,97.545
DHORD5,36.7745
GLYCTO2,137.2828
GLYCTO3,137.2828
GLYCTO4,137.2828
PFK_3,139.3682
TRPS2,143.4143
G3PD5,148.4235 or 113.5011
LEUTAi,204.5619 or 87.0756
SHK3Dr,29.4136 or 62.4556
G5SD,178.5202
ALATA_L2,145.9788 or 90.6332
MAN6PI,42.85
APRAUR,80.6766
DB4PS,46.7069
RBFK,34.7343
ACP1_FMN,30.3709 or 27.122 or 30.196
RBFSb,70.3347
DMATT,32.1596
GRTT,32.1596
UPP3S,27.7979
UPPDC1,39.2481
TMDPP,94.4142
HCO3E,100.3871 or 47.5285
IMPC,57.3292
IMPD,208.0898
ECOAH4,77.0722 or 159.1878
GLUTRS,53.8157
TMPPP,23.0153
URIK1,24.3531
URIK2,24.3531
CYTDK1,24.3531
CYTDK2,24.3531
XPPT,67.8824
HXPRT,67.8824 or 80.461
NDPK5,23.586 or 61.8538
DHORTS,77.6548
OMPDC,52.7005
CS,288.0899
ICDHyr,91.5134
ACALD,33.4425 or 3845.0896
ACS,72.0936
PPA,116.2719 or 26.9004 or 118.2214
PPCK,59.6435
ME1,252.7893
ALAR,77.6892 or 78.3059
ALATA_L,91.0347 or 92.4324
XYLK,122.1788 or 105.2365
RBK,64.581
GLYK,224.9231
PPM,44.37
ASPTA,87.1467 or 87.0756
FBP,68.6469 or 147.3357 or 71.7046 or 29.721
GLGC,194.7906
PYK,205.4286 or 202.9177
A5PISO,140.7843 or 136.1257
IPPMIb,72.3693
ACHBS,143.0927 or 161.9222
ACLS,161.9222 or 143.0927
PSCVT,46.0958
ANS,228.7288
ANPRT,113.7399
CHORM,86.2227 or 84.085
CHORS,156.5498
IGPS,49.4923
ECOAH6,77.0722 or 159.1878
ENO,91.3099
FBA,78.2945 or 381.0919
MGSA,101.5115
PPS,174.8702
PGI,123.0595
PGK,41.1182
EDA,66.8521
PGL,36.3076
RPE,24.5542
TALA,70.4385 or 35.6588
TKT1,144.4235 or 73.0427
G6PDA,178.6452
ALCD2x,3845.0896 or 141.5183
ALDD2y,29.41 or 84.194 or 225.2254 or 31.488 or 36.502
RMI,188.7978
FMNAT,34.7343
NADDP,59.3779 or 73.6061
NMNAT,189.3833 or 24.528
HMPK1,114.5344 or 61.6948
NDPK6,23.586 or 61.8538
NDPK8,23.586 or 61.8538
PYNP2r,162.9545
DURIPP,94.4142 or 155.6995
PTRCTA,99.3227
CYSDS,172.8495 or 211.0938
TRPAS2,211.0938
NDP3,17.4329 or 35.353
CDPPH,35.353
NDP7,35.353
PMDPHT,30.196 or 27.122
ILETA,204.5619
VALTA,204.5619
ORPT,47.134
RBFSa,969.3906
DHAD2,131.0631
G1PP,22.732 or 23.007 or 29.721
PFL,118.3894 or 198.9187 or 114.1398 or 213.2029
FRD2,121.2166
FRD3,121.2166
POX,248.0455
PTAr,463.0325 or 72.1335
ACKr,42.4337 or 43.2904 or 43.3841
MOAT,47.2911
UDCPDPS,56.8883
USHD,26.8942
LPADSS,84.7649
TDSK,35.5893
NTPP1,14.9271 or 60.8246
NTPP2,14.9271 or 60.8246
NTPTP1,356.2976
NTPTP2,356.2976
IPMD,79.034 or 40.3149
AIRC3,142.2426
ADSL2r,206.1712
PUNP5,179.0077 or 155.6995
PUNP6,155.6995 or 179.0077
PUNP7,179.0077
RNDR1,274.1399 or 270.3917
RNDR3,270.3917 or 274.1399
RNDR4,270.3917 or 274.1399
TMDS,60.9594
TMDK1,23.4566
PPCDC,521.2577
FTHFD,191.6083
EDD,64.639
DHQTi,54.9333
PUNP1,155.6995
PUNP2,155.6995
PUNP3,179.0077 or 155.6995
LYSAM,38.75
DHAD1,131.0631
IPPMIa,72.3693
G3PD7,148.4235
NADH9,40.34 or 47.3587 or 83.384 or 40.752
NADH10,40.34 or 47.3587 or 40.752 or 83.384
MDH,64.6746
FUM,120.2106 or 120.5972 or 201.9555
PYDXNK,61.6948
PYAM5PO,51.0903
OHPBAT,79.5666
GLUTRR,92.6136
GLCS1,52.8224
GLCP,186.3451 or 181.0448
HEMEOS,32.2485
ADMDC,30.3846
AGMT,67.1141
ARGDC,844.2524
ARGSS,199.5936
AGPR,35.9521
SPMS,64.6428
G1SAT,90.7322
KDOCT2,27.6144
OAADC,66.8521
MNNH,44.838
ALTRH,54.0931
GUI1,53.9872
PGAMT,47.5436
UAGDP,147.5702
UAGCVT,44.8176
GLUR,31.002
UAG2E,84.4892
MACPD,85.2266
DMQMT,53.1109
ICHORS_copy1,42.9316
HACD5,159.1878 or 77.0722
HPPK2,18.0788
PTPATi,107.0198
HEX7,32.4998
DXPRIi,86.776
OPHBDC,333.6225
OHPHM,53.1109
GHMT2r,90.6332
DHORD2,36.7745
ADK4,23.586
INSK,96.8976
ABTA,91.5493 or 44.7291
SSALx,99.4357
ASPT,209.4245
SERD_L,211.0938 or 48.9066 or 97.0433 or 48.7529 or 140.928
THRD,148.9562 or 40.351
KARA1,216.2761
KARA2,216.2761
ACCOAC,252.4556
NADK,195.3983
ICHORS_copy2,97.5291
SUCBZS,35.4766
DHBD,104.9986
ICHORT,32.5543
RBK_L1,122.1788
RBP4E,25.2777 or 102.0756 or 25.5609
NTD2,25.3006 or 26.9004 or 27.163
NTD4,26.9004 or 27.163
NTD5,45.4161 or 26.9004 or 25.3006 or 20.255
NTD6,45.4161 or 26.9004 or 20.255
LGTHL,29.8397
PYDXPP,30.2013 or 30.3709 or 29.7077 or 27.163
PDXPP,30.2013
HACD6,159.1878 or 77.0722
ECOAH1,77.0722 or 159.1878
ECOAH2,77.0722 or 159.1878
ECOAH3,77.0722 or 159.1878
UGLT,79.2914
DXPS,135.2339
CDPMEK,61.8507
MECDPS,50.6926
DDGLK,33.9624
XYLI2,198.968
PMANM,50.4626
ICL,190.0863
GLYCL,364.0876
HCYSMT,33.4228
UDPG4E,74.5302
LACZ,465.9314
TRE6PH,63.8377
XYLI1,198.968
PPC,396.2504
G3PT,30.4128 or 27.163
CINNDO,126.9954
DHPPD,28.4996
DHCIND,28.4996
CITL,614.1003
GOFUCR,72.2823
PYDXK,61.6948 or 62.6444
GTPCII2,43.672
SADT2,350.9871
LCARS,81.0267
ALCD19,141.5183 or 3845.0896
RMPA,120.582
SBTPD,111.4315
PFK_2,139.3682
GLTPD,74.7803
TGBPA,172.3671 or 77.9206
MANAO,53.5802
TAGURr,54.8083
PGLYCP,27.3892
GLXCL,129.4635
TARTD,110.826
GLCRAL,164.305
KAS14,85.2266 or 86.0915
EDTXS1,35.4068
EDTXS2,37.4104
EDTXS3,35.4934
EDTXS4,37.4104
NNDPR,65.5241
HACD4,159.1878 or 77.0722
HACD7,77.0722 or 159.1878
AACPS1,89.3395
SDPDS,82.538
DMSOR1,233.0425 or 144.0938
DKGLCNR2y,70.791
2DGULRy,70.791
RZ5PP,23.3085
NTD9,20.255 or 26.9004 or 25.399 or 27.163
NTD10,26.9004
ADPT,39.7178
ADK1,23.586
OCTDPS,70.4339
AACPS2,89.3395
AACPS3,89.3395
AACPS4,89.3395
AMANK,29.6439
ACNML,130.3739
CAT,336.6504 or 320.0953
SERASr,141.991
DMSOR2,144.0938
ACMAMUT,27.9282
DDGALK,31.3736
AB6PGH,53.161 or 55.3608 or 53.935
AMALT1,78.5035
MLTP2,181.0448
PACCOAL,48.9529
GP4GH,31.2967
ACGAMT,81.9145
AADDGT,40.6396
GMHEPK,102.1012
TRE6PS,53.6112
UDCPDP,29.0213 or 22.3986 or 29.7588
TREH,63.6967
CYTK1,24.7463
CYTK2,24.7463
GK1,47.1854
HACD1,159.1878 or 77.0722
HACD2,159.1878 or 77.0722
ACACCT,92.9717 or 57.562
BUTCT,92.9717
2DGULRx,70.791
G1PTT,130.7742 or 130.9376
TDPGDH,39.7538 or 81.1167
UDPGALM,42.9659
TDPDRE,21.2701
TDPDRR,32.6941
G3PD6,148.4235
ALLTN,198.4064
UAPGR,37.851
NDPK7,23.586 or 61.8538
GLYAT,86.2341
ADNUC,32.5608
GMHEPPA,21.2942
S7PI,83.259
TRPS3,143.4143
CRNBTCT,90.2535
CRNCBCT,90.2535
CRNCDH,28.1902
FADRx,26.242
GTPDPK,83.8756
NDPK2,23.586 or 61.8538
NDPK3,61.8538 or 23.586
NDPK4,23.586 or 61.8538
FCLT,33.052 or 35.8844 or 93.508
HBZOPT,32.5118
PNTK,72.7196
DPCOAK,22.6217
HETZK,54.6783
KDOPS,123.3308
KDOPP,79.9884
AST,38.4559
SGDS,35.8002
CYNTAH,170.4884
GSPMDA,141.0639
GSPMDS,141.0639
GUAD,50.2442
TMAOR1,144.0938 or 233.0425
TMAOR2,144.0938
DGK1,47.1854
DTMPK,23.7831
NDPK1,23.586 or 61.8538
TRDR,81.0527 or 84.8008
PGMT,58.361 or 20.7798 or 23.565
FRUK,67.5114
RHCCE,19.4162
KG6PDC,47.1562 or 23.4448
X5PL3E,32.0066 or 32.455
DOGULNR,73.1454
BETALDHx,211.6445
BETALDHy,211.6445
MLTG3,69.041
DKGLCNR1,31.1096 or 29.4368
NADTRHD,412.4831
FMNRx2,42.5067 or 26.242 or 530.1587
ACPS1,28.1046 or 21.7678
GMPS2,117.3584
AMPN,323.9695
GSNK,96.8976
ADCS,71.7414
ADCL,59.4301 or 18.7769
DHAPT,360.8342
UMPK,24.7463 or 155.8216
DDPGALA,21.3906
DURIK1,23.4566
UPPRT,67.5998
CTPS2,241.4966
NTD1,45.4161 or 26.9004 or 25.3006 or 20.255
NTD7,25.399 or 26.9004 or 20.255 or 27.163
PAPPT3,39.8748
UAGPT3,37.8147
F6PA,229.9682 or 23.5552
AGMHE,174.4658
GMHEPAT,102.1012
IDOND,37.1466
IDOND2,37.1466
GLYCLTDx,70.791 or 35.3434
HPYRRy,35.3434 or 70.791
ACODA,84.6947
ADA,36.3975
DADA,36.3975
ADD,127.4787
ADSS,94.6899
AGDC,163.7964
ASNN,148.509 or 33.394
ASNS2,73.3011 or 125.318
ASPCT,309.2879 or 206.5642
DMPPS,69.5491
MCOATA,41.0567
IPDPS,69.5491
DAPE,60.4171
DHDPRy,115.0264
HSK,67.2473
SDPTA,91.5493 or 44.7291 or 87.5339 or 87.3307 or 79.5666
THRS,47.1138
HSST,71.4546
PPNDH,86.2227
DDPA,152.0381 or 77.6079 or 77.4701
NMNDA,35.164
NNAM,23.362
P5CD,287.6303
SPMDAT1,87.548
SPMDAT2,87.548
TDPADGAT,24.2204
MALS,60.2736 or 80.4885
TRE6PP,29.1753
ADPRDP,42.3063 or 47.3336
ARAI,336.4439
M1PD,41.139
G3PD2,72.7232
GALS3,101.3141
FCI,389.86
FCLK,52.2587
FCLPA,23.2225 or 95.1013
ACCOAL,72.0936 or 69.351
GALUi,131.769
U23GAAT,108.1154
UAAGDS,53.3436
UAMAS,107.2519
UAMAGS,46.9736
UGLYCH,18.1696
OP4ENH,144.4494
HOPNTAL,36.4704
3HPPPNH,62.1857
AKGDH,2418.391
HPYRRx,35.3434 or 70.791
GLYCDx,309.6976
ASP1DC,13.8337
UGMDDS,47.4472
UHGADA,33.9559
UAGAAT,92.8795
ATPPRT,66.7334
HISTD,92.2207
IGPDH,80.5559
PRPPS,34.2183
PRATPP,22.7558
PRMICI,26.0326
SERAT,175.8998
CYSS,65.3283 or 68.9793
BPNT,27.1759
PAPSR,71.5064 or 67.7583
ASPK,177.7754 or 356.481 or 97.0635
ASAD,80.0358
DAPDC,92.3545
METAT,167.8065
ASCBPL,240.364
ACBIPGT,40.328
ADOCBLS,26.3856
ADOCBIK,40.328
TMPK,35.0708
HPPPNDO,136.7842
DHCINDO,136.7842
HKNDDH,63.8749
HKNTDH,63.8749
GLYCK2,39.1043
ENTCS,23.2586
SULR,786.1512
MANPGH,100.015
URDGLYCD,75.9342
CBMKr,31.6441
AMANAPEr,24.0737
ACM6PH,62.4398
NNATr,24.528
CYTDH,33.8229 or 134.992 or 32.5608
PSERT,79.5666
AIRC2,78.9222
GAPD,142.13
HEX1,34.7231
GND,102.9626
TAUDO,129.6381
ME2,494.5043
ARGSL,50.3182
CBPS,318.5455
GLU5K,156.2261
IPPS,57.2979
ACOATA,75.6698
MLTG2,69.041
MLTG1,69.041
AMALT3,78.5035
MLTP3,181.0448
SPODM,46.1942 or 42.5316
AHCYSNS,48.7079
TMK,32.3973
NTPP4,15.0461 or 60.8246
NTPP3,60.8246 or 16.3707 or 15.0461
NTPP6,60.8246 or 65.652
NTPP7,16.3707 or 60.8246 or 43.03
NTPP8,60.8246 or 43.03
P5CR,281.4488
CYANST,37.278 or 24.1649 or 30.8118
DHPPDA2,80.6766
GMAND,84.0937
PPCSCT,53.8244
CYTD,63.0797
DCYTD,63.0797
DBTS,48.2792
DCTPD,63.7478
DHDPS,125.0799
G1PACT,147.5702
GART,42.4337
CSND,285.5459
GF6PTA,133.7887
GLUCYS,58.2693
GLUN,131.6133 or 67.0312
GLUPRT,225.9522
GMPR,149.5347
NADS1,61.2737
NTRIR2x,105.4053
OCBT,110.7213 or 110.4814
GARFT,23.2383
GPDDA1,27.4096
GPDDA2,27.4096
PHETA1,87.1467 or 87.0756 or 204.5619
PPND,84.085
TRPS1,143.4143
PRAMPC,22.7558
MCITL2,128.5386
DXYLK,105.2365
MDH3,60.2296
SOTA,87.3307
SGSAD,53.0263
PTA2,463.0325
MDH2,60.2296
ACOTA,91.5493 or 87.3307 or 87.5339 or 44.7291
GPDDA5,27.4096
PDX5PS,281.3019
PPBNGS,284.9983
PPNCL2,521.2577
PRAGSr,45.9404
PRFGS,141.4027
ETHAAL,487.1078
MAN1PT2,53.0163
AP4AH,31.2967
AP5AH,31.2967
ADNCYC,97.586
MI1PP,29.1721
MCITS,86.2044
PPAKr,43.3841
NTP3,68.867 or 36.704 or 35.66 or 39.1933 or 31.565 or 36.113 or 48.327
PPM2,44.37
MOAT2,47.2911
G6PDH2r,55.7044
NADH5,40.752 or 47.3587 or 40.34 or 83.384
MOHMT,282.3744
GMPS,117.3584
UDPGD,87.3138
GLCRD,48.8496 or 49.141
PPPNDO,126.9954
CHRPL,18.7769 or 59.4301
TDPAGTA,167.6041
UACMAMO,91.6775
FBA3,78.2945
PMPK,114.5344
LCADi,209.0912
ADK3,23.586
GLUDC,316.111 or 316.0088
BSORy,85.8507
ADSK,44.6426
HSDy,177.7754 or 356.481
CYSTL,172.8495 or 87.2837
SHSL1,166.2016
SSALy,99.4357 or 206.8803
3HCINNMH,62.1857
BSORx,85.8507
GLUtex,41.2198 or 116.766 or 117.9999 or 121.1044
GLYtex,41.2198 or 116.766 or 117.9999 or 121.1044
GLYALDtex,41.2198 or 116.766 or 117.9999 or 121.1044
GLYBtex,41.2198 or 116.766 or 117.9999 or 121.1044
GLYCtex,41.2198 or 116.766 or 117.9999 or 121.1044
GLYC3Ptex,41.2198 or 116.766 or 117.9999 or 121.1044
GLYCLTtex,41.2198 or 116.766 or 117.9999 or 121.1044
GTPtex,116.766 or 41.2198 or 121.1044 or 117.9999
GUAtex,33.589
Htex,41.2198 or 116.766 or 117.9999 or 121.1044
H2tex,41.2198 or 116.766 or 117.9999 or 121.1044
H2Otex,41.2198 or 121.1044 or 34.9132 or 27.2003 or 37.2008 or 116.766 or 117.9999
FACOAL160t2pp,60.7731 or 124.664
FACOAL180t2pp,60.7731 or 124.664
SPODMpp,17.681
NO3R1bpp,189.2373
PHYTSpp,94.1137
PPTHpp,98.8772
NO3R2pp,250.963 or 474.5552
NTP3pp,94.1137
NO3R2bpp,132.4391
THD2pp,206.6929
TMAOR1pp,138.0625 or 129.2504
TMAOR2pp,138.0625 or 129.2504
DAPtex,41.2198 or 116.766 or 117.9999 or 121.1044
12PPDStex,41.2198 or 116.766 or 117.9999 or 121.1044
DDGLCNtex,41.2198 or 116.766 or 117.9999 or 121.1044
26DAHtex,41.2198 or 116.766 or 117.9999 or 121.1044
HCINNMtex,41.2198 or 116.766 or 117.9999 or 121.1044
HPPPNtex,121.1044 or 117.9999 or 41.2198 or 116.766
ACtex,41.2198 or 116.766 or 117.9999 or 121.1044
ACALDtex,41.2198 or 116.766 or 117.9999 or 121.1044
ACMANAtex,117.9999 or 121.1044 or 116.766 or 41.2198
ACMUMtex,41.2198 or 116.766 or 117.9999 or 121.1044
ACACT7r,46.5305 or 81.7524
PSP_L,35.0427
ACACT2r,46.5305 or 81.7524
ACACT3r,46.5305 or 81.7524
ACACT4r,46.5305 or 81.7524
SUCCt2_2pp,45.4363 or 20.071
SUCFUMtpp,48.4122 or 47.9353 or 45.7507
SUCptspp,204.296
SULabcpp,116.3443 or 182.5619 or 181.6066
TSULabcpp,181.6066 or 182.5619
TARTRt7pp,52.9064
AHGDx,176.7031
TAURabcpp,150.4835
THMDt2pp_copy1,46.3892 or 43.4758
Kt2pp,141.9722 or 140.9882 or 184.2504 or 69.2941
AKGt2rpp,47.0525
XYLt2pp,53.608
THMabcpp,205.228
THMDt2pp_copy2,46.1398
THRabcpp,173.0651
TREptspp,256.6556
TRPt2rpp,45.2107 or 44.3326 or 49.6901
TYRt2rpp,42.8191 or 49.6901
URIt2pp_copy1,46.3892 or 43.4758
URIt2pp_copy2,46.1398
VALabcpp,173.0651
XTSNt2rpp,46.1398
XYLabcpp,174.2661
XYLUt2pp,98.8541
THRt4pp,43.4777
GALtex,41.2198 or 116.766 or 117.9999 or 121.1044
GALCTtex,41.2198 or 116.766 or 117.9999 or 121.1044
GALCTNtex,41.2198 or 116.766 or 117.9999 or 121.1044
GALTtex,41.2198 or 116.766 or 117.9999 or 121.1044
GALURtex,41.2198 or 116.766 or 117.9999 or 121.1044
GTPCI,248.3062
FDMO,166.9451
FEOXAMabcpp,161.1942
CBL1abcpp,153.4278
ACACt2pp,47.5277
ACGAptspp,255.8472 or 272.9368
ACMANAptspp,295.8849
ACNAMt2pp,53.5512
CHOLD,61.8776
DRPA,27.7338
TKT2,144.4235 or 73.0427
FEENTERabcpp,162.6328
FECRMabcpp,161.1942
GAMtex,41.2198 or 116.766 or 117.9999 or 121.1044
GBBTNtex,41.2198 or 116.766 or 117.9999 or 121.1044
ARBt2rpp,51.6844
DMSOR1pp,129.2504
ARGabcpp,136.8168 or 104.9824 or 105.0825
ARGAGMt7pp,93.6852
ASCBptspp,265.8512
ASNt2rpp,54.2331
ASPabcpp,139.1598
ASPt2pp,47.1592
ASPt2_2pp,45.4363
ASPt2_3pp,45.7507 or 47.9353
HIStex,41.2198 or 116.766 or 117.9999 or 121.1044
HXAtex,41.2198 or 116.766 or 117.9999 or 121.1044
HYXNtex,117.9999 or 121.1044 or 116.766 or 41.2198
IDONtex,41.2198 or 116.766 or 117.9999 or 121.1044
ILEtex,41.2198 or 116.766 or 117.9999 or 121.1044
INSTtex,41.2198 or 116.766 or 117.9999 or 121.1044
INStex,33.589
Ktex,41.2198 or 116.766 or 117.9999 or 121.1044
D_LACtex,41.2198 or 116.766 or 117.9999 or 121.1044
NTD8pp,104.4142 or 60.824
FRULYStex,41.2198 or 116.766 or 117.9999 or 121.1044
GALCTt2rpp,49.1421 or 49.0092
GALt2pp,50.9825
ASPtex,41.2198 or 116.766 or 117.9999 or 121.1044
ABUTt2pp,51.0801
CYSabcpp,133.995
SBTptspp,203.4595
TREHpp,63.6367
CYTBDpp,100.3437 or 104.7002
CYTBD2pp,100.3437
ACt2rpp,20.071
ATPS4rpp,543.6444 or 530.0127
INDOLEtex,41.2198 or 116.766 or 117.9999 or 121.1044
L_LACtex,121.1044 or 117.9999 or 41.2198 or 116.766
ACt4pp,118.3942
ADEt2rpp,46.8658 or 48.868 or 46.934
ADNt2pp_copy1,46.3892 or 43.4758
ADNt2pp_copy2,46.1398
ALAabcpp,173.0651
ALLabcpp,158.2861
ALLTNt2rpp,52.4561
ARBabcpp,213.9992
ECOAH8,77.0722 or 159.1878
GLCDpp,86.7474 or 41.0545
GUAtpp,46.758 or 45.712
HYD2pp,482.9335 or 181.7482
HYXNtpp,45.712 or 46.758
FE3DCITabcpp,158.5519
CPGNtonex,149.1413
GLCRtex,41.2198 or 116.766 or 117.9999 or 121.1044
GLCNtex,41.2198 or 116.766 or 117.9999 or 121.1044
GLCURtex,41.2198 or 116.766 or 117.9999 or 121.1044
GLNtex,121.1044 or 117.9999 or 41.2198 or 116.766
O2tex,41.2198 or 116.766 or 117.9999 or 121.1044
OCTAtex,41.2198 or 116.766 or 117.9999 or 121.1044
ORNtex,41.2198 or 116.766 or 117.9999 or 121.1044
ECOAH5,77.0722 or 159.1878
DHFS,45.4057
CITt7pp,53.0926
CRNt7pp,169.7619
CHLabcpp,133.6869
DGSNt2pp,46.3892
DINSt2pp,46.3892
DURIt2pp,43.4758 or 46.3892
FE2abcpp,84.4737
FRUptspp,290.9291
FUCtpp,47.5449
FUMt2_2pp,45.4363
FUMt2_3pp,47.9353 or 45.7507 or 48.4122
FEENTERtonex,150.0155
CSNt2pp,43.6496
CYNTt2pp,41.3607
CYTDt2pp_copy1,43.4758 or 46.3892
CYTDt2pp_copy2,46.1398
DADNt2pp,43.4758 or 46.3892
DCYTt2pp,43.4758 or 46.3892
DDGLCNt2rpp,33.6693
RMNtex,117.9999 or 116.766 or 121.1044 or 41.2198
MALTTRtexi,149.7367
MALTTTRtexi,149.7367
MALTPTtexi,149.7367
MALTtexi,149.7367
GLCtex_copy1,149.7367
FE3DCITtonex,153.2302
PHEtex,41.2198 or 116.766 or 117.9999 or 121.1044
PItex,41.2198 or 116.766 or 117.9999 or 121.1044
ACGAMK,33.0427
METS,135.997 or 84.6735
CYSabc2pp,127.9764
PRASCSi,80.985
TRSARr,123.2023 or 30.4274
LYXI,188.7978
PNTOtex,41.2198 or 116.766 or 117.9999 or 121.1044
PPPNtex,41.2198 or 116.766 or 117.9999 or 121.1044
PPTtex,41.2198 or 116.766 or 117.9999 or 121.1044
PTRCtex,41.2198 or 116.766 or 117.9999 or 121.1044
PYRtex,41.2198 or 116.766 or 117.9999 or 121.1044
DSERtex,41.2198 or 116.766 or 117.9999 or 121.1044
SERtex,41.2198 or 116.766 or 117.9999 or 121.1044
SO4tex,41.2198 or 116.766 or 117.9999 or 121.1044
SPMDtex,117.9999 or 121.1044 or 116.766 or 41.2198
SUCCtex,41.2198 or 116.766 or 117.9999 or 121.1044
SUCRtex,41.2198 or 116.766 or 117.9999 or 121.1044
TARTRtex,41.2198 or 116.766 or 117.9999 or 121.1044
TAURtex,41.2198 or 116.766 or 117.9999 or 121.1044
THRtex,41.2198 or 116.766 or 117.9999 or 121.1044
THMDtex,41.2198 or 116.766 or 117.9999 or 121.1044
CBIuabcpp,153.4278
METDtex,41.2198 or 116.766 or 117.9999 or 121.1044
METtex,41.2198 or 116.766 or 117.9999 or 121.1044
MNLtex,116.766 or 41.2198 or 121.1044 or 117.9999
NAtex,41.2198 or 116.766 or 117.9999 or 121.1044
NACtex,41.2198 or 116.766 or 117.9999 or 121.1044
NH4tex,116.766 or 41.2198 or 121.1044 or 117.9999
URIH,33.8229 or 134.992 or 32.5608
XTSNH,32.5608
INSH,32.5608
BUTtex,41.2198 or 116.766 or 117.9999 or 121.1044
CHLtex,41.2198 or 116.766 or 117.9999 or 121.1044
CO2tex,41.2198 or 116.766 or 117.9999 or 121.1044
CRNtex,41.2198 or 116.766 or 117.9999 or 121.1044
PPK2,160.863
DINStex,41.2198 or 116.766 or 117.9999 or 121.1044
DMStex,41.2198 or 116.766 or 117.9999 or 121.1044
CSNtex,41.2198 or 116.766 or 117.9999 or 121.1044
CYNTtex,117.9999 or 121.1044 or 116.766 or 41.2198
CYStex,41.2198 or 116.766 or 117.9999 or 121.1044
CYTDtex,41.2198 or 116.766 or 117.9999 or 121.1044
DCAtex,41.2198 or 116.766 or 117.9999 or 121.1044
DCYTtex,33.589
DGSNtex,41.2198 or 116.766 or 117.9999 or 121.1044
MTHFR2,132.4109
ASPO3,60.3374
ASPO5,60.3374
ASPO4,60.3374
ASPO6,60.3374
LCTStex,41.2198 or 116.766 or 117.9999 or 121.1044
LEUtex,41.2198 or 116.766 or 117.9999 or 121.1044
LYStex,41.2198 or 116.766 or 117.9999 or 121.1044
LYXtex,41.2198 or 116.766 or 117.9999 or 121.1044
MANtex,41.2198 or 116.766 or 117.9999 or 121.1044
MAN6Ptex,117.9999 or 121.1044 or 116.766 or 41.2198
MELIBtex,41.2198 or 116.766 or 117.9999 or 121.1044
DMSOtex,41.2198 or 116.766 or 117.9999 or 121.1044
DURItex,33.589
FRUtex,41.2198 or 116.766 or 117.9999 or 121.1044
FUCtex,41.2198 or 116.766 or 117.9999 or 121.1044
FUMtex,41.2198 or 116.766 or 117.9999 or 121.1044
ACACT5r,81.7524 or 46.5305
MALDDH,40.3149
FE2tex,116.766 or 41.2198 or 121.1044 or 117.9999
NMNtex,41.2198 or 116.766 or 117.9999 or 121.1044
NO2tex,41.2198 or 116.766 or 117.9999 or 121.1044
DHPS2,61.2302
MTHFC,62.0875
MTHFD,62.0875
BUTt2rpp,47.5277
CADVtpp,46.665
QULNS,76.4816
ALKP,20.7798
GDPtex,121.1044 or 117.9999 or 41.2198 or 116.766
TMAtex,41.2198 or 116.766 or 117.9999 or 121.1044
TMAOtex,41.2198 or 116.766 or 117.9999 or 121.1044
TREtex,41.2198 or 116.766 or 117.9999 or 121.1044
L_LACD3,104.2689 or 42.7282
L_LACD2,104.2689 or 42.7282
ACACT6r,46.5305 or 81.7524
TRPtex,41.2198 or 116.766 or 117.9999 or 121.1044
TSULtex,41.2198 or 116.766 or 117.9999 or 121.1044
TYRtex,41.2198 or 116.766 or 117.9999 or 121.1044
URAtex,41.2198 or 116.766 or 117.9999 or 121.1044
UREAtex,41.2198 or 116.766 or 117.9999 or 121.1044
URItex,33.589
VALtex,41.2198 or 116.766 or 117.9999 or 121.1044
XANtex,41.2198 or 116.766 or 117.9999 or 121.1044
XYLtex,41.2198 or 116.766 or 117.9999 or 121.1044
ABUTtex,41.2198 or 116.766 or 117.9999 or 121.1044
FORtppi,154.9536 or 30.5646
GLCTR1,42.2841
LIPAabcpp,128.9214
LIPACabcpp,128.9214
GGGABADr,53.4186
GLYOX3,62.38
FDMO3,166.9451
FDMO4,166.9451
BUTSO3abcpp,147.8849 or 150.4835
ETHSO3abcpp,147.8849
O16GLCT1,43.1882
O16AP2pp,81.199
O16AP3pp,81.199
O16A4Lpp,46.8777
MALTATr,60.288
ENTERES,45.6519
23CAMPtex,41.2198 or 116.766 or 117.9999 or 121.1044
23CCMPtex,41.2198 or 116.766 or 117.9999 or 121.1044
23CUMPtex,41.2198 or 116.766 or 117.9999 or 121.1044
23CGMPtex,41.2198 or 116.766 or 117.9999 or 121.1044
3AMPtex,41.2198 or 116.766 or 117.9999 or 121.1044
3CMPtex,41.2198 or 116.766 or 117.9999 or 121.1044
LADGMDH,53.116
ALAGLUE,34.674
FEENTERtpp,43.282
FEENTERtex,161.2222
PTRCt2pp,50.8531 or 46.4949 or 49.538
GGGABAH,56.0261
FRULYSK,28.3318
FDMO6,166.9451
SULFACabcpp,147.8849
ETHSO3tex,41.2198 or 116.766 or 117.9999 or 121.1044
BUTSO3tex,41.2198 or 116.766 or 117.9999 or 121.1044
LIPOtex,117.9999 or 41.2198 or 121.1044 or 116.766
CYANSTpp,11.4753
MCPST,30.8118
PHEMEabcpp,123.0541
GALBDtex,117.9999 or 121.1044 or 116.766 or 41.2198
LIPAHT2ex,43.5392
LIPAHTex,43.5392
ECAP1pp,135.966
UDCPDPpp,29.7588 or 29.0213 or 22.3986
ECAP2pp,135.966
ECA4OALpp,46.8777
FE3Ri,26.242
SULFACtex,116.766 or 41.2198 or 121.1044 or 117.9999
NODOy,43.8677
GALM2pp,38.1905
CU1abcpp,87.8731
HG2abcpp,76.8399
GLCTR3,39.0403
HEPT4,41.7295
LA4NTpp,62.5426
NODOx,43.8677
NOtex,41.2198 or 116.766 or 117.9999 or 121.1044
NHFRBO,258.3403
N2Otex,41.2198 or 116.766 or 117.9999 or 121.1044
CRNt8pp,169.7619
CRNt2rpp,109.6916
CRNDt2rpp,109.6916
CTBTt2rpp,109.6916
42A12BOOXpp,168.7573
TYROXDApp,168.7573
PEAMNtex,41.2198 or 116.766 or 117.9999 or 121.1044
PACALDtex,41.2198 or 116.766 or 117.9999 or 121.1044
NTRIR4pp,134.0271
NTRIR3pp,134.0271
INOSTt4pp,62.085
AGM3PA,20.5362
CYANtex,41.2198 or 116.766 or 117.9999 or 121.1044
SO3tex,41.2198 or 116.766 or 117.9999 or 121.1044
TCYNTtex,41.2198 or 116.766 or 117.9999 or 121.1044
ACANTHAT,64.5492
METSOX1tex,41.2198 or 116.766 or 117.9999 or 121.1044
METSOX2tex,41.2198 or 116.766 or 117.9999 or 121.1044
3UMPtex,41.2198 or 116.766 or 117.9999 or 121.1044
3GMPtex,41.2198 or 116.766 or 117.9999 or 121.1044
METSOXR1,101.4054 or 38.8698 or 35.1216 or 97.6573
METSOXR2,48.0506 or 31.006 or 27.2578 or 51.7988
DAPAL,86.6551
AMPTASECG,277.081 or 98.9189 or 329.2789 or 105.8308
DOPAtex,41.2198 or 116.766 or 117.9999 or 121.1044
4HOXPACDtex,41.2198 or 116.766 or 117.9999 or 121.1044
LACZpp,83.46
GPDDA1pp,81.6867
GPDDA5pp,81.6867
ETHAtex,41.2198 or 116.766 or 117.9999 or 121.1044
G3PStex,41.2198 or 116.766 or 117.9999 or 121.1044
FLVR,26.242 or 786.1512
FDMO2,166.9451
LALGP,105.8308
AGM4PApp,31.4121 or 45.6344 or 47.9852 or 31.072
AGM4PA,20.5362
RNDR3b,258.1947 or 243.5294 or 242.982 or 259.602
RNDR4b,259.602 or 243.5294 or 242.982 or 258.1947
ACGAL1Ptex,41.2198 or 116.766 or 117.9999 or 121.1044
ACGALtex,41.2198 or 116.766 or 117.9999 or 121.1044
GLCUR1Ptex,41.2198 or 116.766 or 117.9999 or 121.1044
UDPGLCURtex,41.2198 or 116.766 or 117.9999 or 121.1044
UDPGALPpp,60.824
UACGAMPpp,60.824
UACGALPpp,60.824
UGLCURPpp,60.824
FEROpp,56.5562 or 443.88
ISETACabcpp,150.4835 or 147.8849
ISETACtex,41.2198 or 116.766 or 117.9999 or 121.1044
UDPGtex,41.2198 or 116.766 or 117.9999 or 121.1044
UDPGALtex,121.1044 or 117.9999 or 41.2198 or 116.766
ACGAM1Ptex,41.2198 or 116.766 or 117.9999 or 121.1044
UACGAMtex,41.2198 or 116.766 or 117.9999 or 121.1044
UDPACGALtex,41.2198 or 116.766 or 117.9999 or 121.1044
AM4PCP,33.5675
AM3PA,20.5362
UM4PCP,33.5675
CBLAT,21.9989
MSO3abcpp,147.8849
MSO3tex,41.2198 or 116.766 or 117.9999 or 121.1044
TDP,17.4329
3PEPTabcpp,206.847 or 200.7513 or 201.75
4PEPTabcpp,201.75 or 206.847
AGM3Pt2pp,53.2452
AGM4Pt2pp,53.2452
AGMt2pp,53.2452
FEOXAMR1,30.1128
FEOXAMR2,30.1128
FEOXAMR3,30.1128
PTHRpp,104.4142 or 98.8772
ARABDI,389.86
AGt3,773.0108
CD2t3pp,65.8545 or 34.6784
ZNabcpp,178.747
SKMt2pp,47.8174
FE2t2pp,44.1937
R5PPpp,104.4142 or 98.8772
PSP_Lpp,104.4142 or 98.8772
TYRPpp,104.4142
GLYC2Ptex,41.2198 or 116.766 or 117.9999 or 121.1044
PSERtex,41.2198 or 116.766 or 117.9999 or 121.1044
R5Ptex,41.2198 or 116.766 or 117.9999 or 121.1044
THRPtex,41.2198 or 116.766 or 117.9999 or 121.1044
TYRPtex,41.2198 or 116.766 or 117.9999 or 121.1044
PAPSR2,80.3019 or 65.0891 or 65.6365 or 81.7092
GRXR,25.7575 or 24.3502 or 9.1375 or 9.6849
RNDR1b,243.5294 or 258.1947 or 242.982 or 259.602
RNDR2b,259.602 or 243.5294 or 258.1947 or 242.982
FACOAE181,127.8653
FACOAE160,127.8653
FACOAE140,127.8653
AAMYL,56.6394
AAMYLpp,75.7127
FACOAL80t2pp,124.664 or 60.7731
PPGPPDP,79.3424
CPGNabcpp,161.1942
CITtex,41.2198 or 116.766 or 117.9999 or 121.1044
ACGAtex,41.2198 or 116.766 or 117.9999 or 121.1044
DDCAtexi,48.5416
TTDCAtexi,48.5416
HDCAtexi,48.5416
23PDE2pp,70.8322
23PDE4pp,70.8322
23PDE9pp,70.8322
SARCOX,40.902
MN6PP,29.721 or 30.4128 or 24.33 or 29.7077
3KGK,110.3097
F6PP,23.007 or 29.721 or 30.4128 or 20.7798 or 29.7077
GDPMNH,36.547
FACOAL60t2pp,124.664 or 60.7731
IDONt2rpp,46.0413
ILEabcpp,173.0651
INDOLEt2pp,743.4914
INSt2pp,46.1398 or 46.3892 or 43.4758
LYXt2pp,37.3198
GDPDPK,83.8756 or 79.3424
OCDCAtexi,48.5416
OCDCEAtexi,48.5416
G6Ptex,41.2198 or 116.766 or 117.9999 or 121.1044
TUNGSabcpp,116.3443
MOBDabcpp,181.6066 or 116.3443 or 182.5619
MOBDtex,41.2198 or 116.766 or 117.9999 or 121.1044
NI2uabcpp,180.8711 or 99.4665
NI2tex,41.2198 or 116.766 or 117.9999 or 121.1044
R15BPK,20.7296
Kabcpp,151.6554 or 154.7272
LEUabcpp,173.0651 or 173.3673
L_LACt2rpp,59.1682 or 58.9202
MALt2_2pp,45.4363
MALt2_3pp,47.9353 or 45.7507
MALTabcpp,214.6074
MALTHXabcpp,214.6074
MALTPTabcpp,214.6074
MALTTRabcpp,214.6074
MALTTTRabcpp,214.6074
MAN6Pt6_2pp,50.6066
MANGLYCptspp,205.911
MELIBt2pp,52.6364 or 46.5033
METabcpp,151.5206
GGPTRCS,638.1259
RMNtpp,37.3198
SERt4pp,43.4777
SUCCt2_3pp,47.9353 or 45.7507
MNLptspp,201.26 or 272.1876 or 203.4595
NAt3_1p5pp,56.7284
NAt3_2pp,82.7114
NH4tpp,133.5441
NMNPtpp,26.9962
NO2t2rpp,49.6934 or 28.5625
NO3t7pp,49.6934 or 49.8902
ORNabcpp,136.8168
PIuabcpp,161.5213
PNTOt4pp,51.717
FRULYSDG,462.8308
METDabcpp,151.5205
PROabcpp,199.5875
PROt2rpp,109.6916 or 50.216
PROt4pp,54.3442
PTRCabcpp,142.4178 or 190.7312 or 185.0964
ASNNpp,147.4028
GLUNpp,147.4028
NTD12,25.399 or 26.9004 or 45.4161 or 20.255
FECRMtonex,150.0909
ADOCBLabcpp,153.4278
CRNabcpp,199.5875
CRNDabcpp,199.5875
DNTPPA,17.3058 or 14.9271
CTBTabcpp,199.5875
NTPP9,42.0777
NTPP10,42.0777
NTPP11,42.0777
NTD10pp,104.4142 or 60.824
NTD1pp,60.824 or 104.4142
NTD2pp,60.824 or 104.4142 or 98.8772
NTD3pp,60.824 or 104.4142
NTD4pp,104.4142 or 60.824 or 98.8772
NTD5pp,104.4142 or 60.824
NTD6pp,60.824 or 104.4142
NTD7pp,104.4142 or 60.824 or 98.8772
NTD9pp,104.4142 or 60.824 or 98.8772
PEAMNOpp,168.7573
GAL1PPpp,91.3658
H2O2tex,41.2198 or 116.766 or 117.9999 or 121.1044
ARGDCpp,295.5938
ALLPI,32.1466
ALLK,33.8209
ALLULPE,26.1092
ADEtex,41.2198 or 116.766 or 117.9999 or 121.1044
ADNtex,33.589
AGMtex,41.2198 or 116.766 or 117.9999 or 121.1044
ALAtex,121.1044 or 116.766 or 41.2198 or 117.9999
BALAtex,41.2198 or 116.766 or 117.9999 or 121.1044
DALAtex,41.2198 or 116.766 or 117.9999 or 121.1044
AMPtex,117.9999 or 121.1044 or 116.766 or 41.2198
ARBtex,41.2198 or 116.766 or 117.9999 or 121.1044
ARGtex,41.2198 or 116.766 or 117.9999 or 121.1044
ASCBtex,41.2198 or 116.766 or 117.9999 or 121.1044
FACOAL100t2pp,124.664 or 60.7731
RIBabcpp,305.8207 or 160.2413 or 158.2861
GPDDA3pp,81.6867
GPDDA4pp,81.6867
GPDDA2pp,81.6867
FACOAL120t2pp,60.7731 or 124.664
FACOAL140t2pp,60.7731 or 124.664
FE3HOXtonex,150.0909
CU2abcpp,76.8399
COBALT2abcpp,76.8399
NI2abcpp,76.8399
MG2uabcpp,99.4665
HCYSMT2,33.4228
MMETtex,41.2198 or 116.766 or 117.9999 or 121.1044
FE3tex,41.2198 or 116.766 or 117.9999 or 121.1044
MG2tex,41.2198 or 116.766 or 117.9999 or 121.1044
Zn2tex,41.2198 or 116.766 or 117.9999 or 121.1044
MMETt2pp,50.5258
CD2tex,41.2198 or 116.766 or 117.9999 or 121.1044
GLNabcpp,129.3807
GLUabcpp,139.1598
GLUABUTt7pp,55.0767
GLUt2rpp,47.1592
GLUt4pp,42.4251
GLYALDtpp,119.12
ACGK,54.3191
LCTSt3ipp,42.7461 or 42.5382 or 42.7132
ARBt3ipp,42.5382
14GLUCANabcpp,214.6074
14GLUCANtexi,149.7367
DHPTPE,112.6563
NADPHQR2,43.7818
NADPHQR3,43.7818
NADPHQR4,43.7818
GLBRAN2,84.3369
ASR,40.2035
ASO3tex,41.2198 or 116.766 or 117.9999 or 121.1044
MANGLYCtex,41.2198 or 116.766 or 117.9999 or 121.1044
FRUURt2rpp,47.1379
FRUURtex,41.2198 or 116.766 or 117.9999 or 121.1044
ECAtpp,44.9597
O16AT,21.6751
O16GALFT,37.7572
O16AUNDtpp,45.3826
O16AP1pp,81.199
GLYCAt2rpp,49.0092 or 49.1421
GLYCAtex,41.2198 or 116.766 or 117.9999 or 121.1044
AGM4PCP,33.5675
4PCP,33.5675
4PCPpp,21.04
FALDH2,78.718
GLYBabcpp,133.6869 or 199.5875
GLYC3Pt6pp,50.3104
GLYCLTt4pp,118.3942
GLYCtpp,119.12
H2Otpp,94.8112
HCINNMt2rpp,41.5508
HISabcpp,137.3085
HISt2rpp,49.6901
CBIAT,21.9989
LYSabcpp,136.8168
COBALT2tex,41.2198 or 116.766 or 117.9999 or 121.1044
PPDOy,37.978
NTD12pp,60.824 or 104.4142
PPA2,116.2719 or 26.9004
DIMPtex,41.2198 or 116.766 or 117.9999 or 121.1044
3NTD7pp,70.8322 or 98.8772
3NTD4pp,98.8772 or 70.8322 or 98.8772
3NTD2pp,70.8322 or 98.8772
3NTD9pp,70.8322 or 98.8772
23PDE7pp,70.8322
GALTptspp,260.1026
GALURt2rpp,46.8923
GLCNt2rpp,45.9666 or 47.1379 or 46.4159 or 46.0413
GLCptspp,255.8472 or 211.1211 or 295.8849
GLCRt2rpp,49.0092 or 49.1421
GLCt2pp,50.9825
GLCURt2rpp,33.6693 or 46.8923
ACMUMptspp,204.296
HSTPT,78.7203
THDPS,59.7842
ACONMT,29.006
XTSNtex,41.2198 or 116.766 or 117.9999 or 121.1044
GNK,39.0866 or 21.004
HMBS,33.8518
RMK,54.069
FHL,467.4248 or 311.4924
MEPCT,51.4745
GLUDy,291.4882 or 861.249
ZN2abcpp,76.8399
GLYCLTDy,35.3434 or 70.791
LYSDC,805.903 or 812.6012
DAAD,95.2146
UREAtpp,119.12
XANt2pp,48.868 or 49.1082 or 51.758
GLYC3Pabcpp,192.2597
PPPNt2rpp,41.5927
PTRCORNt7pp,46.4949
SPMDabcpp,185.0964 or 142.4178
HG2tex,41.2198 or 116.766 or 117.9999 or 121.1044
NTPP5,17.3058 or 60.8246
NTD3,45.4161 or 26.9004 or 20.255
GLYOX,28.4344
DADNtex,33.589
DHAtex,41.2198 or 116.766 or 117.9999 or 121.1044
ETOHtex,41.2198 or 116.766 or 117.9999 or 121.1044
MTRPOX,40.902
AGM4PCPpp,21.04
GTPDPDP,109.7423
RNDR2,270.3917 or 274.1399
XAND,129.7994
HACD3,159.1878 or 77.0722
ACACtex,41.2198 or 116.766 or 117.9999 or 121.1044
ACNAMtex,117.9999 or 27.888 or 121.1044
ARBTNabcpp,161.1942
NNDMBRT,73.974
THRA2,90.6332 or 145.9788
ASO3t8pp,90.9949
H2Stex,116.766 or 41.2198 or 121.1044 or 117.9999
PPK,160.863
ABUTD,203.32
E4PD,149.1976 or 142.13
IG3PS,50.1073
DADK,23.586
DUTPDP,48.4664 or 16.3707
NTP5,39.1933
FORt2pp,154.9536 or 30.5646
MTAN,48.7079
DPR,33.8708 or 216.2761
THRD_L,224.781 or 140.928
4PEPTtex,41.2198 or 116.766 or 117.9999 or 121.1044
NAMNPP,45.8973
SELNPS,73.3745
CRNCAR,28.1902
GALabcpp,163.2282 or 160.2413
GLYCLTt2rpp,59.1682 or 58.9202
GUAt2pp,48.868
HPPPNt2rpp,41.5508
ANHMK,39.4963
DHFR,26.3483 or 17.9994
PRAIi,49.4923
TYRTA,87.1467 or 87.0756 or 204.5619
SHKK,19.538 or 19.1508
SADH,98.5971
GLUSy,861.249
GUAPRT,80.461 or 67.8824
PDH,4079.7264
DMSOR2pp,129.2504
HYD3pp,482.9335 or 181.7482
NO3R1pp,250.963 or 474.5552
AACPS5,89.3395
MANptspp,295.8849
NTD8,25.399 or 26.9004 or 45.4161 or 20.255
GALCTD,56.4016
MLTG4,69.041
UDPGDC,445.7333
PUNP4,179.0077 or 155.6995
AMAOTr,94.6712
ARGORNt7pp,49.5015
NTD11pp,60.824 or 104.4142
DKGLCNR2x,70.791
ACGS,295.1711
PDE1,180.5208 or 30.938
MCITD,53.9518
CU2tex,116.766 or 41.2198 or 121.1044 or 117.9999
GLCATr,60.288
ALAALAr,39.3158 or 65.6794
CLtex,41.2198 or 116.766 or 117.9999 or 121.1044
CELBpts,238.295 or 208.75
ACACT1r,46.5305 or 161.4099 or 81.7524
MALTptspp,211.1211
CD2abcpp,76.8399
G2PPpp,104.4142 or 98.8772
Kt3pp,39.1685 or 66.4112 or 135.5917 or 44.3209
AGM3PApp,45.6344 or 47.9852 or 31.4121 or 31.072
SUCOAS,142.3403
NTP1,61.9863 or 39.1933
GALKr,41.4421
PANTS,63.1953
YUMPS,98.73
DHQS,38.881
PGCD,176.7031
ADSL1r,206.1712
SERD_D,47.9006
AICART,57.3292
FRUpts2pp,295.8849
G6Pt6_2pp,50.6066
PROtex,116.766 or 41.2198 or 121.1044 or 117.9999
SBTtex,41.2198 or 116.766 or 117.9999 or 121.1044
PFK,139.3682 or 64.912
PGM,57.1128 or 56.1939
TPI,53.9436
RPI,45.7208 or 32.1466
PERD,82.7353
PYDAMK,61.6948
AKGtex,41.2198 or 116.766 or 117.9999 or 121.1044
ALLTNtex,41.2198 or 116.766 or 117.9999 or 121.1044
ASNtex,41.2198 or 116.766 or 117.9999 or 121.1044
FE3HOXabcpp,161.1942
FADRx2,530.1587
PDE4,180.5208
AGM4PH,37.5947
AM4PA,20.5362
ATHRDHr,108.9957
LSERDHr,108.9957
DSERDHr,108.9957
OBTFL,198.9187 or 213.2029 or 114.1398
THRt2pp,31.1685 or 22.4741
G6PP,29.7077 or 30.4128 or 23.007
MMCD,175.0355
GLNS,622.8451
TYMtex,41.2198 or 116.766 or 117.9999 or 121.1044
GTHS,142.2436
CMPtex,41.2198 or 116.766 or 117.9999 or 121.1044
DUMPtex,41.2198 or 116.766 or 117.9999 or 121.1044
XMPtex,41.2198 or 116.766 or 117.9999 or 121.1044
3PEPTtex,41.2198 or 116.766 or 117.9999 or 121.1044
ANHGMtex,41.2198 or 116.766 or 117.9999 or 121.1044
UDPKAAT,41.6498
ULA4NFT,445.7333
UPLA4FNT,36.3391
UPLA4FNF,33.1118
ULA4Ntppi,26.2771
HEPT1,35.5438
FALDtex,41.2198 or 116.766 or 117.9999 or 121.1044
ALR2,30.9866 or 31.1096 or 29.4368 or 38.8322
AMALT2,78.5035
MLTP1,181.0448
HEPT2,39.0421
CYSDtex,41.2198 or 116.766 or 117.9999 or 121.1044
HXAND,129.7994
G3PItex,41.2198 or 116.766 or 117.9999 or 121.1044
G3PGtex,41.2198 or 116.766 or 117.9999 or 121.1044
G3PEtex,121.1044 or 117.9999 or 41.2198 or 116.766
G3PCtex,41.2198 or 116.766 or 117.9999 or 121.1044
MOAT3C,32.9201
RHAT1,36.7305
GLCabcpp,163.2282
GALT1,40.8259
GLCTR2,39.4232
UDPGPpp,60.824
PPPGO,84.9052
DAMPtex,41.2198 or 116.766 or 117.9999 or 121.1044
DCMPtex,41.2198 or 116.766 or 117.9999 or 121.1044
DGMPtex,41.2198 or 116.766 or 117.9999 or 121.1044
DTMPtex,41.2198 or 116.766 or 117.9999 or 121.1044
GMPtex,117.9999 or 121.1044 or 116.766 or 41.2198
IMPtex,41.2198 or 116.766 or 117.9999 or 121.1044
UMPtex,121.1044 or 117.9999 or 41.2198 or 116.766
G1Ptex,41.2198 or 116.766 or 117.9999 or 121.1044
ADNK1,23.586
CUt3,773.0108
ZN2t3pp,65.8545 or 34.6784
SKMtex,41.2198 or 116.766 or 117.9999 or 121.1044
MNt2pp,44.1937
MNtex,41.2198 or 116.766 or 117.9999 or 121.1044
GAL1Ptex,41.2198 or 116.766 or 117.9999 or 121.1044
O2Stex,116.766 or 41.2198 or 121.1044 or 117.9999
HEPK1,30.8723
HEPT3,38.7307
HEPK2,27.461
ALDD3y,36.502 or 225.2254 or 84.194
R5PP,23.007 or 20.7798 or 30.4128 or 27.163 or 29.721
CYSSADS,86.4684 or 88.8675
CPPPGO2,52.729
AGM3PH,37.5947
HOMt2pp,31.1685 or 22.4268
HOMtex,41.2198 or 116.766 or 117.9999 or 121.1044
SO2tex,41.2198 or 116.766 or 117.9999 or 121.1044
LDH_D2,64.6123
SHCHF,99.9028
SUCBZL,200.7387
CYSDDS,70.3066
CYStpp,21.2483 or 32.3242
ACSERtpp,21.2483 or 32.3242
ACSERtex,116.766 or 41.2198 or 121.1044 or 117.9999
NTP10,39.1933 or 36.4253
PRAIS,73.7081
GDMANE,72.2823
GPDDA4,27.4096
LPLIPAL2E140,38.9783
LPLIPAL2E180,38.9783
LPLIPAL2G161,38.9783
LPLIPAL2G181,38.9783
2AGPE120tipp,41.6556
AACPS6,89.3395
AACPS7,89.3395
G3PGabcpp,192.2597
G3PIabcpp,192.2597
G3PSabcpp,192.2597
QMO2,23.0648
QMO3,23.0648
LPLIPAL2E141,38.9783
LPLIPAL2E161,38.9783
LPLIPAL2E181,38.9783
LPLIPAL2G180,38.9783
LPLIPAL2G141,38.9783
2AGPA120tipp,41.6556
2AGPG180tipp,41.6556
IPDDI,20.5083
2AGPGAT180,80.7
2AGPGAT181,80.7
LPLIPAL2ATG120,38.9783
PLIPA1E140pp,66.3263
PLIPA1E160pp,66.3263
PLIPA1E161pp,66.3263
AACPS8,89.3395
AACPS9,89.3395
HXCT,92.9717
2AGPEAT160,80.7
DURADx,178.7966
ECOAH7,77.0722 or 159.1878
G1PPpp,91.3658 or 98.8772
GALCTND,42.5229
GCALDD,209.0912
HISTP,80.5559
LDH_D,146.1392
AMALT4,78.5035
NTD11,26.9004 or 25.399
ORNDC,158.8324 or 164.8316
UPP3MT,99.9028
KAS15,67.0302
ALAALAtex,41.2198 or 116.766 or 117.9999 or 121.1044
FACOAL181t2pp,124.664 or 60.7731
T2DECAI,37.9381
3OAS161,85.2266
EAR141y,111.4558
EAR161x,111.4558
DASYN160,31.4538
DASYN161,31.4538
DASYN181,31.4538
CDAPPA161,28.4508
PGSA180,20.7006
PSSA140,52.8018
2AGPGAT141,80.7
FACOAE180,127.8653
FACOAE100,127.8653
FACOAE80,127.8653
FACOAE60,127.8653
PLIPA1E120pp,66.3263
MALtex,41.2198 or 116.766 or 117.9999 or 121.1044
NO3tex,117.9999 or 41.2198 or 116.766 or 121.1044
3OAS141,85.2266
3OAR121,102.2412
CFAS160G,87.818
URAt2pp,90.1203 or 45.5574
FACOAE141,127.8653
FACOAE161,127.8653
TTDCEAtexi,48.5416
HDCEAtexi,48.5416
ALAALAD,21.213
2AGPEAT180,80.7
2AGPEAT181,80.7
2AGPGAT140,80.7
PLIPA1E181pp,66.3263
PLIPA1G180pp,66.3263
PLIPA1G181pp,66.3263
ALAALAabcpp,203.5039 or 197.6779
HEXt2rpp,47.5277
G3PEabcpp,192.2597
G3PCabcpp,192.2597
2AGPGAT161,80.7
AMPTASEPG,329.2789 or 277.081 or 98.9189 or 105.8308
PROGLYabcpp,203.5039
GTHRDabcpp,192.8889
2AGPG140tipp,41.6556
2AGPG160tipp,41.6556
2AGPG141tipp,41.6556
2AGPG161tipp,41.6556
2AGPG181tipp,41.6556
2AGPEAT140,80.7
2AGPEAT120,80.7
2AGPEAT161,80.7
2AGPEAT141,80.7
2AGPGAT160,80.7
LPLIPAL2ATG140,38.9783
LPLIPAL2ATG141,38.9783
LPLIPAL2ATG160,38.9783
LPLIPAL2ATG180,38.9783
LPLIPAL2ATG161,38.9783
LPLIPAL2ATG181,38.9783
CLPNS180pp,54.8223 or 47.6335
CLPNS181pp,54.8223 or 47.6335
PG161abcpp,128.9214
PGP120abcpp,128.9214
PGP161abcpp,128.9214
PGP181abcpp,128.9214
PA120abcpp,128.9214
PLIPA1G120pp,66.3263
CLPNS120pp,47.6335 or 54.8223
ALPATE160pp,82.0363
ALPATG160pp,82.0363
2AGPGAT120,80.7
LPLIPAL2ATE120,38.9783
LPLIPAL2ATE140,38.9783
LPLIPAL2ATE160,38.9783
LPLIPAL2ATE180,38.9783
LPLIPAL2ATE141,38.9783
LPLIPAL2ATE161,38.9783
LPLIPAL2ATE181,38.9783
FACOAL141t2pp,60.7731 or 124.664
FACOAL161t2pp,124.664 or 60.7731
PA160abcpp,128.9214
PA181abcpp,128.9214
PGPP140pp,19.4181 or 29.0213
PGPP141pp,19.4181 or 29.0213
PGPP160pp,19.4181 or 29.0213
PGPP180pp,19.4181 or 29.0213
PLIPA1E180pp,66.3263
PLIPA1G140pp,66.3263
PLIPA1G161pp,66.3263
CLPNS160pp,47.6335 or 54.8223
CLPNS161pp,54.8223 or 47.6335
PG160abcpp,128.9214
PGP140abcpp,128.9214
PAPA120pp,29.0213
PAPA140pp,29.0213
PAPA141pp,29.0213
PAPA160pp,29.0213
PAPA161pp,29.0213
PAPA180pp,29.0213
HPYRI,58.7549
TPRDCOAS,31.6444
GAMptspp,295.8849
GSNt2pp,46.3892
GSNtex,41.2198 or 116.766 or 117.9999 or 121.1044
FORtex,41.2198 or 116.766 or 117.9999 or 121.1044
D_LACt2pp,59.1682 or 58.9202
RIBtex,41.2198 or 116.766 or 117.9999 or 121.1044
FLVRx,26.242
THMtex,41.2198 or 116.766 or 117.9999 or 121.1044
XYLUtex,41.2198 or 116.766 or 117.9999 or 121.1044
ALLtex,41.2198 or 117.9999 or 116.766 or 121.1044
GGPTRCO,47.1695
34dhpactex,41.2198 or 116.766 or 117.9999 or 121.1044
MALTHXtexi,149.7367
HYD1pp,181.7482 or 482.9335 or 232.2686
FE3DHBZStonex,149.8687 or 141.8044
23DAPPAtex,41.2198 or 116.766 or 117.9999 or 121.1044
ECAP3pp,135.966
FEOXAMtonex,150.0909
FMNRx,42.5067 or 26.242
PHEt2rpp,50.6773 or 49.6901
DHBS,118.2243
MDDCP1pp,41.849 or 87.2178 or 88.8879 or 51.7983 or 43.3461 or 47.752
GUI2,53.9872
OMBZLM,28.0732
GLYCK,38.7345
MLTG5,69.041
GPDDA3,27.4096
2DOXG6PP,23.007 or 29.7077 or 24.33 or 30.3709
AGMH,37.5947
MPTG,186.3214 or 128.5965 or 194.8906 or 195.547
MPTG2,194.8906 or 195.547 or 128.5965 or 186.3214
MCTP1App,228.3702 or 229.0266
MCTP2App,228.3702 or 229.0266
MCTP1Bpp,36.082 or 67.812
MELIBt3ipp,42.5382
GLCtex_copy2,116.766 or 117.9999 or 41.2198 or 121.1044
NAt3pp,44.3209 or 39.1685
SFGTHi,125.0371 or 31.4245
K2L4Aabcpp,128.9214
DSBCGT,51.2433
DSBGGT,54.99
DHNAOT4,33.594
AMPMS2,70.8504
THIORDXi,20.4696 or 29.4406 or 33.1887
PPPGO3,84.9052
PDX5POi,51.0903
PLIPA1A181pp,66.3263
LPLIPAL2A141,38.9783
HG2t3pp,65.8545
CYTBO3_4pp,143.9313
EAR141x,111.4558
EAR181x,111.4558
EAR181y,111.4558
G3PAT141,100.021
G3PAT181,100.021
DASYN140,31.4538
DASYN180,31.4538
DASYN141,31.4538
CDAPPA160,28.4508
CDAPPA141,28.4508
PGSA141,20.7006
5DOAN,48.7079
FACOAE120,127.8653
3OAR120,102.2412
3HAD80,37.9381 or 102.1977
3HAD120,102.1977 or 37.9381
EAR180x,111.4558
SO4t2pp,29.305
EAR180y,111.4558
AGPAT120,27.4532
PGPP120,19.4181 or 29.0213
DAGK120,39.734
PSSA180,52.8018
PSSA161,52.8018
PSSA141,52.8018
PSD160,35.9344
PSD161,35.9344
PSD180,35.9344
COLIPAabcpp,128.9214
PLIPA2A140pp,66.3263
PLIPA2A141pp,66.3263
PLIPA2A180pp,66.3263
GAM6Pt6_2pp,50.6066
PPALtex,41.2198 or 116.766 or 117.9999 or 121.1044
CA2tex,41.2198 or 116.766 or 117.9999 or 121.1044
CUtex,41.2198 or 116.766 or 117.9999 or 121.1044
CU1Opp,56.5562
SUCDi,355.0752
LPLIPAL1E141pp,94.4886
LALDO2x,309.6976
12PPDRtex,41.2198 or 116.766 or 117.9999 or 121.1044
LPLIPAL1E160pp,94.4886
LPLIPAL1E180pp,94.4886
LPLIPAL1E181pp,94.4886
LPLIPAL1G160pp,94.4886
LPLIPAL1G161pp,94.4886
LPLIPAL1G120pp,94.4886
PLIPA2E140pp,66.3263
PLIPA2E160pp,66.3263
PLIPA2A161pp,66.3263
PLIPA2A181pp,66.3263
F6Ptex,41.2198 or 116.766 or 117.9999 or 121.1044
GAMAN6Ptex,41.2198 or 116.766 or 117.9999 or 121.1044
ALR4x,309.6976
LPLIPAL1G141pp,94.4886
LPLIPAL1G180pp,94.4886
LPLIPAL1G181pp,94.4886
ACONTb,186.9962 or 195.3544
GLCP2,181.0448 or 186.3451
F6Pt6_2pp,50.6066
PLIPA2E141pp,66.3263
PLIPA2E181pp,66.3263
PLIPA2G140pp,66.3263
3HAD161,37.9381 or 102.1977
PLIPA2G160pp,66.3263
PLIPA2G181pp,66.3263
ASNS1,125.318
EAR80y,111.4558
EAR120y,111.4558
3OAR181,102.2412
3HAD121,37.9381 or 102.1977
EAR121y,111.4558
GTHRDHpp,61.768
PROGLYtex,41.2198 or 116.766 or 117.9999 or 121.1044
MDDCP2pp,47.752 or 87.2178 or 88.8879 or 51.7983 or 43.3461 or 41.849
MDDCP3pp,47.752 or 87.2178 or 88.8879 or 51.7983 or 43.3461 or 41.849
EAR140x,111.4558
EAR40y,111.4558
3OAS181,86.0915
EAR161y,111.4558
G3PAT140,100.021
G3PAT160,100.021
G3PAT161,100.021
AGPAT160,27.4532
CDAPPA140,28.4508
MLDCP1App,36.082 or 34.411 or 67.812 or 34.636 or 34.636
EAR160y,111.4558
EAR100y,111.4558
3OAR141,102.2412
3OAR161,102.2412
3HAD141,37.9381 or 102.1977
EAR121x,111.4558
PSD140,35.9344
MICITDr,186.9962
CDAPPA181,28.4508
PGSA140,20.7006
LPLIPAL1A141pp,94.4886
LPLIPAL1A180pp,94.4886
LPLIPAL1E140pp,94.4886
LPLIPAL1E161pp,94.4886
LPLIPAL1G140pp,94.4886
ACONTa,186.9962 or 195.3544
MLDCP2App,67.812 or 36.082 or 34.636 or 34.636 or 34.411
PGPP120pp,19.4181 or 29.0213
PGPP181pp,19.4181 or 29.0213
PGSA181,20.7006
PGPP140,19.4181 or 29.0213
PGPP141,19.4181 or 29.0213
MDDCP5pp,47.752 or 87.2178 or 88.8879 or 51.7983 or 43.3461 or 41.849
MLTGY3pp,49.417 or 40.1125 or 40.2558 or 73.3532 or 40.4106 or 22.2266 or 58.3022 or 38.247
G3PAT180,100.021
AGPAT140,27.4532
PGSA160,20.7006
MLDCP2Bpp,36.082 or 34.636 or 34.636 or 34.411 or 67.812
3OAS140,85.2266 or 86.0915
3OAR140,102.2412
3OAR160,102.2412
PGSA161,20.7006
3HAD181,37.9381 or 102.1977
PGPP160,19.4181 or 29.0213
PGPP180,19.4181 or 29.0213
PGPP161,19.4181 or 29.0213
PGPP181,29.0213 or 19.4181
CDAPPA180,28.4508
NTP12,36.4253
PE141abcpp,128.9214
PE160abcpp,128.9214
PE161abcpp,128.9214
PSD141,35.9344
PG140abcpp,128.9214
PG141abcpp,128.9214
PG180abcpp,128.9214
PG181abcpp,128.9214
PGP141abcpp,128.9214
PGP160abcpp,128.9214
PGP180abcpp,128.9214
PAPA181pp,29.0213
PA140abcpp,128.9214
MDDCP4pp,47.752 or 87.2178 or 88.8879 or 51.7983 or 43.3461 or 41.849
CLPNS140pp,54.8223 or 47.6335
CLPNS141pp,54.8223 or 47.6335
PG120abcpp,128.9214
PE140abcpp,128.9214
CFAS160E,87.818
CFAS180E,87.818
CFAS180G,87.818
PAPA160,29.0213
PAPA180,29.0213
PAPA181,29.0213
PETNT161pp,63.8044
PSSA160,52.8018
PSSA181,52.8018
DAGK140,39.734
DAGK160,39.734
DAGK141,39.734
DAGK161,39.734
AGPAT181,27.4532
MDDEP3pp,29.917 or 21.04 or 60.2733 or 51.7983 or 33.8874 or 41.849 or 49.058
MDDEP4pp,29.917 or 41.849 or 60.2733 or 51.7983 or 33.8874 or 21.04 or 49.058
MLTGY1pp,49.417 or 22.2266 or 40.4106 or 40.1125 or 73.3532 or 40.2558 or 58.3022 or 38.247
CGLYtex,41.2198 or 116.766 or 117.9999 or 121.1044
3HAD40,37.9381 or 102.1977
PLIPA1E141pp,66.3263
3OAS60,86.0915 or 85.2266
3OAS160,85.2266 or 86.0915
3OAR60,102.2412
3OAR80,102.2412
MLDCP3App,36.082 or 34.411 or 67.812 or 34.636 or 34.636
MLDCP1Bpp,36.082 or 34.411 or 67.812 or 34.636 or 34.636
2AGPE181tipp,41.6556
2AGPA140tipp,41.6556
2AGPA160tipp,41.6556
2AGPA180tipp,41.6556
2AGPA141tipp,41.6556
PLIPA1G160pp,66.3263
PLIPA1G141pp,66.3263
LPLIPAL2E160,38.9783
LPLIPAL2G140,38.9783
LPLIPAL2G160,38.9783
2AGPE140tipp,41.6556
2AGPE160tipp,41.6556
2AGPE180tipp,41.6556
2AGPE141tipp,41.6556
2AGPE161tipp,41.6556
2AGPA161tipp,41.6556
2AGPA181tipp,41.6556
2AGPG120tipp,41.6556
LPLIPAL2G120,38.9783
PA141abcpp,128.9214
PA161abcpp,128.9214
PA180abcpp,128.9214
PGPP161pp,19.4181 or 29.0213
PE120abcpp,128.9214
PE180abcpp,128.9214
PAPA140,29.0213
PAPA141,29.0213
PAPA161,29.0213
GTHOXtex,41.2198 or 116.766 or 117.9999 or 121.1044
DSBAO1,43.2467
DSBAO2,43.2467
DSBDR,77.3499 or 73.6017
TDSR1,113.0384
CGLYabcpp,203.5039
PLIPA2A120pp,66.3263
PLIPA2A160pp,66.3263
LPLIPAL2E120,38.9783
EAR100x,111.4558
EAR120x,111.4558
EAR160x,111.4558
EAR140y,111.4558
3OAS121,85.2266
3OAS80,85.2266 or 86.0915
3OAS100,85.2266 or 86.0915
3OAS120,86.0915 or 85.2266
3OAR40,102.2412
3OAR100,102.2412
3HAD60,37.9381 or 102.1977
3HAD100,37.9381 or 102.1977
3HAD140,37.9381 or 102.1977
3HAD160,37.9381 or 102.1977
AGPAT180,27.4532
AGPAT141,27.4532
AGPAT161,27.4532
DASYN120,31.4538
EAR40x,111.4558
EAR60y,111.4558
MLDEP1pp,60.2733
MLDEP2pp,60.2733
MLTGY2pp,49.417 or 22.2266 or 40.4106 or 40.1125 or 73.3532 or 40.2558 or 58.3022 or 38.247
MLTGY4pp,49.417 or 40.1125 or 40.2558 or 73.3532 or 40.4106 or 22.2266 or 58.3022 or 38.247
EAR60x,111.4558
EAR80x,111.4558
PE181abcpp,128.9214
NTP11,36.4253
3OAS180,86.0915 or 85.2266
3HAD180,37.9381 or 102.1977
CDAPPA120,28.4508
PSSA120,52.8018
PSD120,35.9344
PAPA120,29.0213
MDDEP1pp,21.04 or 29.917 or 60.2733 or 51.7983 or 33.8874 or 49.058 or 41.849
MDDEP2pp,21.04 or 29.917 or 60.2733 or 51.7983 or 33.8874 or 49.058 or 41.849
PSD181,35.9344
DAGK180,39.734
DAGK181,39.734
PLIPA2E120pp,66.3263
PLIPA2G141pp,66.3263
PLIPA2G161pp,66.3263
LPLIPAL1A120pp,94.4886
LPLIPAL1A140pp,94.4886
LPLIPAL1A181pp,94.4886
LPLIPAL1E120pp,94.4886
3OAR180,102.2412
G3PAT120,100.021
PGSA120,20.7006
TDSR2,116.7851
GTHRDtex,41.2198 or 116.766 or 117.9999 or 121.1044
GTHRDabc2pp,127.9764
NADHPO,319.964
ACOAD7f,89.2244
ACOAD8f,89.2244
ACOAD5f,89.2244
ACOAD3f,89.2244
ACOAD2f,89.2244
ACOAD4f,89.2244
ACOAD6f,89.2244
NADH16pp,540.4142
NADH18pp,540.4142
GLYBt2pp,52.8812 or 109.6916
DSERt2pp,51.6597
ALAt4pp,51.6629
LYSt3pp,23.1757 or 32.34
CTBTCAL2,58.5591
BGLA1,53.935 or 202.05 or 53.161
GDPMNP,43.4973
AMMQLT8,28.0732
FA120ACPHi,22.9611
FA80ACPHi,22.9611
FA140ACPHi,22.9611
FA100ACPHi,22.9611
CRNDCAL2,58.5591
CRNCAL2,58.5591
CHLt2pp,75.8422 or 52.8812
GLYt4pp,51.6629
FRULYSE,249.3506
FRULYSt2pp,47.5765
TUNGStex,41.2198 or 117.9999 or 121.1044 or 116.766
COBALT2tpp,26.4848 or 36.5897
OXCDC,242.3249
LPLIPAL2A140,38.9783
LPLIPAL2A160,38.9783
LPLIPAL2A161,38.9783
LPLIPAL2A180,38.9783
LPLIPAL2A181,38.9783
UM3PL,49.8741
UM4PL,49.8741
2MAHMP,30.3709 or 17.4329
ZN2tpp,26.4848
NI2tpp,36.5897
COBALT2t3pp,34.6784 or 65.8545
PLIPA1A120pp,66.3263
PLIPA1A140pp,66.3263
PLIPA1A141pp,66.3263
PLIPA1A160pp,66.3263
PLIPA1A161pp,66.3263
PLIPA1A180pp,66.3263
LPLIPAL2A120,38.9783
CAt6pp,34.7406
5DGLCNt2rpp,46.0413
GALCTNt2pp,47.0767
GALCTNLtex,117.9999 or 121.1044 or 41.2198 or 116.766
KDUI,186.456
CA2t3pp,39.1685
NADH17pp,540.4142
FA161ACPHi,22.9611
FA141ACPHi,22.9611
ARGt3pp,23.1757
FA160ACPHi,22.9611
MALDtex,116.766 or 41.2198 or 121.1044 or 117.9999
OROTtex,121.1044 or 41.2198 or 117.9999 or 116.766
PPAt4pp,54.3442
OROTt2_2pp,45.4363
MALDt2_2pp,45.4363
5DGLCNtex,117.9999 or 41.2198 or 116.766 or 121.1044
DTARTD,120.2106
PLIPA2E161pp,66.3263
PLIPA2E180pp,66.3263
PLIPA2G120pp,66.3263
PLIPA2G180pp,66.3263
LPLIPAL1A161pp,94.4886
LPLIPAL1A160pp,94.4886
PSCLYSt2pp,47.5765
LYSt2pp,53.5759
GLYt2pp,52.8812 or 51.6597
ALAt2pp,51.6597 or 53.0546
BALAt2pp,51.6597
DALAt2pp,51.6597
FE2tpp,26.4848
MN2tpp,26.4848
MG2tpp,36.5897
NI2t3pp,65.8545 or 34.6784
PPAtex,117.9999 or 116.766 or 41.2198 or 121.1044
GALCTNLt2pp,49.4405
GALCTLO,36.4479
PSCLYStex,41.2198 or 117.9999 or 121.1044 or 116.766
THYMtex,121.1044 or 116.766 or 41.2198 or 117.9999
CU2tpp,26.4848
FE2t3pp,65.8545
MN2t3pp,65.8545 or 34.6784
CD2tpp,26.4848
THRA,90.6332 or 145.9788
XYLK2,122.1788 or 110.3097
GLDBRAN2,73.5767
CLt3_2pp,100.6974
POR5,148.5614 or 148.5246
HACD8,159.1878 or 77.0722
CTECOAI8,159.1878
CTECOAI6,159.1878
MALCOAMT,28.2762
OGMEACPS,67.0302
OGMEACPR,102.2412
OPMEACPS,85.2266
LIPAabctex,286.4351
DGUNC,51.783 or 38.546 or 185.808 or 67.726 or 106.356
CDGUNPD,74.665 or 180.5208 or 171.216 or 29.601 or 81.45
LDGUNPD,74.665
MPTAT,63.667
MOADSUx,107.6949
CMtpp,753.5444 or 755.1234
FUSAtpp,755.1234 or 753.5444
MINCYCtex,117.9999 or 41.2198 or 116.766 or 121.1044
MINCYCtpp,753.5444 or 755.1234
DOXRBCNtex,41.2198 or 117.9999 or 121.1044 or 116.766
DOXRBCNtpp,755.1234 or 753.5444
REPHACCOAI,28.4046
ACPPAT141,46.854
ACPPAT161,46.854
ACPPAT180,46.854
APG3PAT160,22.1934
APG3PAT161,22.1934
APG3PAT180,22.1934
ICYSDS,90.179
I4FE4SR,13.8486
S2FE2ST,183.333
BMOCOS,88.1345
BWCOS,88.1345
BWCOGDS1,21.6429
BWCOGDS2,21.6429
DHNPTE,108.9562
DHMPTR,26.3483
NOVBCNtpp,753.5444 or 755.1234
CMtex,41.2198 or 121.1044 or 117.9999 or 116.766
LALALGLUtex,117.9999 or 41.2198 or 116.766 or 121.1044
LALADGLUtpp,53.5752 or 54.159 or 53.9911 or 53.0546
I2FE2SS,104.0276
I2FE2ST,60.0728
I2FE2SS2,104.0276
I4FE4ST,60.0728
S4FE4ST,183.333
S2FE2SS2,277.201
BTS5,77.2962
5MTRtex,121.1044 or 41.2198 or 117.9999 or 116.766
LALADGLUtex,116.766 or 121.1044 or 41.2198 or 117.9999
LALALGLUtpp,53.0546 or 53.9911 or 53.5752 or 54.159
3AMACHYD,28.8981
3HPPtex,121.1044 or 41.2198 or 117.9999 or 116.766
CCGS,25.5142
CDGR,65.175
MSAR,21.5704 or 108.9957
ACPPAT120,46.854
CPH4S,82.6373
SHCHCS3,27.6824
URACPAH,25.2087
POAACR,13.7629
ACPPAT160,46.854
ACPPAT181,46.854
APH141,10.2998
APH161,10.2998
APH180,10.2998
APH181,10.2998
GTHPi,20.4696
SEPHCHCS,122.7341
DHNCOAS,189.7985
DHNCOAT,59.78
I2FE2SR,104.0276
TYRL,26.8961
THZPSN3,600.7306
APG3PAT120,22.1934
APH120,10.2998
MOCDS,21.5138
FUSAtex,41.2198 or 121.1044 or 117.9999 or 116.766
QUIN2tex,116.766 or 121.1044 or 41.2198 or 117.9999
FORCT,91.6564
PACCOAE,131.963
OXDHCOAT,70.6812
HADPCOADH3,51.7326
O16A4COLIPAabctex,286.4351
COLIPAabctex,286.4351
ENLIPAabctex,286.4351
PYROX,59.9682
BMOGDS1,21.6429
MPTS,51.478
MOCOS,88.1345
BMOGDS2,21.6429
S2FE2SR,277.201
ACACT8r,46.5305 or 81.7524
CTECOAI7,159.1878
CLIPAabctex,286.4351
K2L4Aabctex,286.4351
FDH4pp,170.1061 or 511.2616
FDH5pp,511.2616 or 170.1061
ACPPAT140,46.854
APG3PAT140,22.1934
APG3PAT141,22.1934
APG3PAT181,22.1934
APH140,10.2998
APH160,10.2998
OPMEACPD,102.1977
EPMEACPR,111.4558
AOXSr2,83.1885
SCYSDS,120.4682
S2FE2SS,277.201
S4FE4SR,156.7328
SELtex,121.1044 or 41.2198 or 117.9999 or 116.766
SELR,233.0425
OGMEACPD,102.1977
EGMEACPR,111.4558
OPMEACPR,102.2412
PMEACPE,28.505
MEOHtex,121.1044 or 117.9999 or 41.2198 or 116.766
MECDPDH5,60.3838 or 60.4206
RNTR1c2,179.7821 or 242.4248 or 242.3881 or 179.7453
RNTR2c2,242.4248 or 242.3881 or 179.7453 or 179.7821
RNTR3c2,179.7453 or 242.4248 or 242.3881 or 179.7821
RNTR4c2,179.7821 or 242.4248 or 242.3881 or 179.7453
FLDR2,47.4511 or 47.4879
TTRCYCtex,41.2198 or 117.9999 or 116.766 or 121.1044
TTRCYCtpp,753.5444 or 755.1234
FESR,24.8826
OXCOAHDH,73.0026
DHACOAH,27.2374
THFAT,90.6332
FOMETRi,21.1054
SLNTtex,121.1044 or 41.2198 or 117.9999 or 116.766
GDPTPDP,79.3424
COLIPAKpp,26.7591
MPTSS,53.4377
CPMPS,142.1499
LIPOCT,23.8825
LIPOS,72.1434
OCTNLL,37.9259
LIPATPT,37.9259
LIPAMPL,37.9259
ALDD19xr,214.7965
MMM,155.7425
MOGDS,21.6429
WCOS,88.1345
RFAMPtpp,755.1234 or 753.5444
VPAMTr,46.7112
ACOLIPAabctex,286.4351
ECA4COLIPAabctex,286.4351
COLIPAPabctex,286.4351
TARTRDtex,116.766 or 41.2198 or 121.1044 or 117.9999
3OXCOAT,42.2765
BTNtex,116.766 or 121.1044 or 41.2198 or 117.9999
2DGULRGx,70.791
2DGULRGy,70.791
AP4AS,115.6531
ARBTptspp,269.209 or 238.295
ARBTtex,41.2198 or 121.1044 or 117.9999 or 116.766
PYDXtex,41.2198 or 121.1044 or 117.9999 or 116.766
SUCASPtpp,47.9353 or 45.7507 or 48.4122
SUCMALtpp,47.9353 or 45.7507 or 48.4122
PYDXNtex,41.2198 or 121.1044 or 117.9999 or 116.766
PYDAMtex,41.2198 or 121.1044 or 117.9999 or 116.766
13PPDH2,84.194
TARTt2_3pp,47.9353
SUCTARTtpp,47.9353
APCS,64.6428
CHTBSptspp,208.75
CHTBStex,116.766 or 117.9999 or 121.1044 or 41.2198 or 52.78
TRPtipp,31.5395
TYRtipp,31.5395
GHBDHx,124.6326
APPLDHr,309.6976
SPMDt3pp,24.835
PHEtipp,31.5395
G2PP,29.1721
DHNPA2r,108.9562
GLYC2Pabcpp,192.2597
CRNDtex,116.766 or 41.2198 or 121.1044 or 117.9999
SHGO,46.082
NADHXD,54.65
NADPHHR,142.13
NADPHHS,142.13
NADHHS,142.13
NADHXE,54.65
SELabcpp,182.5619 or 181.6066
PYK2,205.4286
PYK3,205.4286
PYK4,205.4286
NADPHXD,54.65
NADHHR,142.13
NADPHXE,54.65
ALAtpp,16.949
DHBSZ3FEabcpp,162.6328
FE3DHBZS3R,28.872
DXYLTD,69.399 or 70.017
2DDARAA,32.722 or 130.12
2DGLCptspp,295.8849
GNP,24.664 or 20.7798
ALLTAMH2,91.388
UGCIAMH,28.73
METGLCUR,273.788
ACOAD1fr,43.002
23DOGULNt4pp,98.8541
FEENTERES,45.6519
FEENTERR4,28.872
DXYLONtex,117.9999 or 41.2198 or 121.1044
PSURItex,121.1044 or 117.9999 or 41.2198 or 116.766
ALR2x,36.329
OMPHHXy,42.2883
CHLt3pp,47.832
GLYBt3pp,47.832
AI2tpp,37.543
Ftpp,27.554
SQVOSI,284.598
6D6SPA,31.983
DHPStr,50.982
SQtr,51.574
DHPStex,27.2003
FMNtex,121.1044 or 117.9999 or 116.766 or 41.2198
AI2K,57.545
CLBtex,117.9999 or 116.766 or 41.2198 or 121.1044
ACOXT,83.342
2HESR,64.784 or 49.032
CHOLID,107.116
CHOLATEtpp,44.688
4ABZGLUH,197.564
4ABZGLUtr,54.886
PHDA,204.1
TEO2M,45.062
PACOAT,59.404
CYSItpp,32.866
DHPTDNR,47.8104
DHPTDNRN,47.8104
PCNO,69.448
HPACOAT,59.404
PUACGAMtr,66.848
DC6PDA,27.774
5DGLCNR,27.5627
PIt2rpp,53.389 or 53.8087
LEUt2rpp,46.2087
LCTStpp,46.5033
ILEt3pp,44.778
METt3pp,23.201 or 44.778
GSNt3pp,41.842
CLtipp,44.1534
5DKGR,27.07 or 27.5627
PItpp,59.467
LEUt3pp,23.201 or 44.778
INSt3pp,41.842
INDOLEt2rpp,44.3326
ILEt2rpp,46.2087
GLYtpp,119.12
PYK6,205.4286
FADt,60.061
FADtex,41.2198 or 116.766 or 121.1044 or 117.9999
AI2abcpp,219.178
PAI2I,11.255
4HBZt3pp,108.366
CURR,75.22
LKDRA,173.496
METNA,38.496
XYHDL,528.474
2DGLCtex,121.1044 or 41.2198 or 116.766 or 117.9999
E4PP,29.7077 or 23.007 or 30.4128 or 20.7798 or 24.33
PUACGAMS,66.848
RU5PP,23.007
6D6SFK,31.728
3SLAR,124.6326
SQtex,27.2003
URATEtex,117.9999 or 121.1044 or 116.766 or 41.2198
CBL1tonex,136.3158
CBItonex,136.3158
ARHGDx,176.7031
CPL,31.845
INOSTO,61.164
HPYRP,21.436
PSURIK,33.573
Ftex,121.1044 or 116.766 or 117.9999 or 41.2198
CYSItex,41.2198 or 117.9999 or 116.766 or 121.1044
SERtpp,32.3242
QUINDHyi,62.4556
PNSPA,26.482
4HTHRK,67.2473
URATEtpp,51.758
CS1tex,116.766 or 117.9999 or 121.1044 or 41.2198
ADOCBLtonex,136.3158
PETNT181pp,63.8044
ARMEPNS,101.125
RPNTPH,42.01
PRCPD,55.696
MEPNtex,121.1044 or 117.9999 or 116.766 or 41.2198
UDPGPT,52.408
MEPNabcpp,98.233
OMMBLHXy,42.9535
OPHHXy,44.245
PROD3,287.6303
F1PP,30.4128 or 20.7798 or 23.007 or 29.721
ACP1p,98.8772
3HPADHi,53.4186
4ABZGLUtex,121.1044 or 116.766 or 41.2198 or 117.9999
2HPTCOAT,63.975
MC6PH,202.05
SLNTabcpp,182.5619 or 181.6066
VALt2rpp,46.2087
VALt3pp,38.1312 or 44.778
MN2tipp,20.117
PSURItpp,43.432
CYSTA,87.1467
FE3DCITR5,28.872
4HTHRA,145.9788
GAPP,24.33
METGLCURt2pp,49.908
METGLCURtex,121.1044 or 41.2198 or 116.766 or 117.9999
FMNt,60.061
AI2tex,116.766 or 121.1044 or 117.9999 or 41.2198
PAI2T,318.93
CUt2pp,216.272 or 326.221 or 127.22 or 74.785 or 271.278 or 867.79 or 573.328
DHCURR,75.22
RHMND,353.808
3HBZCT,59.88
CXSAMS,55.554
THRt2rpp,48.879
SERt2rpp,46.9063 or 48.879
ACOAD1f,89.2244
AMPNTAT,16.57
SQGH,77.275
ASPtpp,59.429
FUMt1pp,59.429
SUCCt1pp,59.429
QUINDH,62.4556
LCARSyi,37.978
GTHOr_reverse,97.545
SHK3Dr_reverse,29.4136 or 62.4556
MAN6PI_reverse,42.85
TMDPP_reverse,94.4142
HCO3E_reverse,100.3871 or 47.5285
IMPC_reverse,57.3292
ECOAH4_reverse,77.0722 or 159.1878
NDPK5_reverse,23.586 or 61.8538
DHORTS_reverse,77.6548
ICDHyr_reverse,91.5134
ACALD_reverse,33.4425 or 3845.0896
ALAR_reverse,77.6892 or 78.3059
ALATA_L_reverse,91.0347 or 92.4324
PPM_reverse,44.37
ASPTA_reverse,87.1467 or 87.0756
A5PISO_reverse,140.7843 or 136.1257
IPPMIb_reverse,72.3693
PSCVT_reverse,46.0958
ECOAH6_reverse,77.0722 or 159.1878
ENO_reverse,91.3099
FBA_reverse,78.2945 or 381.0919
PGI_reverse,123.0595
PGK_reverse,41.1182
RPE_reverse,24.5542
TALA_reverse,70.4385 or 35.6588
TKT1_reverse,144.4235 or 73.0427
ALCD2x_reverse,3845.0896 or 141.5183
RMI_reverse,188.7978
NDPK6_reverse,23.586 or 61.8538
NDPK8_reverse,23.586 or 61.8538
PYNP2r_reverse,162.9545
DURIPP_reverse,94.4142 or 155.6995
TRPAS2_reverse,211.0938
ILETA_reverse,204.5619
VALTA_reverse,204.5619
ORPT_reverse,47.134
PTAr_reverse,463.0325 or 72.1335
ACKr_reverse,42.4337 or 43.2904 or 43.3841
AIRC3_reverse,142.2426
ADSL2r_reverse,206.1712
PUNP5_reverse,179.0077 or 155.6995
PUNP6_reverse,155.6995 or 179.0077
PUNP7_reverse,179.0077
PUNP1_reverse,155.6995
PUNP2_reverse,155.6995
PUNP3_reverse,179.0077 or 155.6995
LYSAM_reverse,38.75
IPPMIa_reverse,72.3693
MDH_reverse,64.6746
FUM_reverse,120.2106 or 120.5972 or 201.9555
OHPBAT_reverse,79.5666
AGPR_reverse,35.9521
G1SAT_reverse,90.7322
GUI1_reverse,53.9872
PGAMT_reverse,47.5436
GLUR_reverse,31.002
UAG2E_reverse,84.4892
HACD5_reverse,159.1878 or 77.0722
GHMT2r_reverse,90.6332
ADK4_reverse,23.586
KARA1_reverse,216.2761
KARA2_reverse,216.2761
ICHORS_copy2_reverse,97.5291
DHBD_reverse,104.9986
RBP4E_reverse,25.2777 or 102.0756 or 25.5609
HACD6_reverse,159.1878 or 77.0722
ECOAH1_reverse,77.0722 or 159.1878
ECOAH2_reverse,77.0722 or 159.1878
ECOAH3_reverse,77.0722 or 159.1878
UGLT_reverse,79.2914
XYLI2_reverse,198.968
PMANM_reverse,50.4626
UDPG4E_reverse,74.5302
XYLI1_reverse,198.968
LCARS_reverse,81.0267
ALCD19_reverse,141.5183 or 3845.0896
RMPA_reverse,120.582
SBTPD_reverse,111.4315
GLTPD_reverse,74.7803
TGBPA_reverse,172.3671 or 77.9206
MANAO_reverse,53.5802
TAGURr_reverse,54.8083
HACD4_reverse,159.1878 or 77.0722
HACD7_reverse,77.0722 or 159.1878
ADK1_reverse,23.586
SERASr_reverse,141.991
MLTP2_reverse,181.0448
CYTK1_reverse,24.7463
CYTK2_reverse,24.7463
GK1_reverse,47.1854
HACD1_reverse,159.1878 or 77.0722
HACD2_reverse,159.1878 or 77.0722
NDPK7_reverse,23.586 or 61.8538
GLYAT_reverse,86.2341
CRNBTCT_reverse,90.2535
CRNCBCT_reverse,90.2535
CRNCDH_reverse,28.1902
NDPK2_reverse,23.586 or 61.8538
NDPK3_reverse,61.8538 or 23.586
NDPK4_reverse,23.586 or 61.8538
DGK1_reverse,47.1854
DTMPK_reverse,23.7831
NDPK1_reverse,23.586 or 61.8538
PGMT_reverse,58.361 or 20.7798 or 23.565
UMPK_reverse,24.7463 or 155.8216
DDPGALA_reverse,21.3906
F6PA_reverse,229.9682 or 23.5552
IDOND_reverse,37.1466
MCOATA_reverse,41.0567
DAPE_reverse,60.4171
SDPTA_reverse,91.5493 or 44.7291 or 87.5339 or 87.3307 or 79.5666
ARAI_reverse,336.4439
M1PD_reverse,41.139
G3PD2_reverse,72.7232
FCI_reverse,389.86
FCLPA_reverse,23.2225 or 95.1013
UAGAAT_reverse,92.8795
PRPPS_reverse,34.2183
PRMICI_reverse,26.0326
SERAT_reverse,175.8998
ASPK_reverse,177.7754 or 356.481 or 97.0635
ASAD_reverse,80.0358
CBMKr_reverse,31.6441
AMANAPEr_reverse,24.0737
NNATr_reverse,24.528
GAPD_reverse,142.13
ARGSL_reverse,50.3182
ACOATA_reverse,75.6698
MLTP3_reverse,181.0448
OCBT_reverse,110.7213 or 110.4814
GARFT_reverse,23.2383
PHETA1_reverse,87.1467 or 87.0756 or 204.5619
MCITL2_reverse,128.5386
ACOTA_reverse,91.5493 or 87.3307 or 87.5339 or 44.7291
PRAGSr_reverse,45.9404
PPAKr_reverse,43.3841
PPM2_reverse,44.37
G6PDH2r_reverse,55.7044
FBA3_reverse,78.2945
ADK3_reverse,23.586
HSDy_reverse,177.7754 or 356.481
GLUtex_reverse,41.2198 or 116.766 or 117.9999 or 121.1044
GLYtex_reverse,41.2198 or 116.766 or 117.9999 or 121.1044
GLYALDtex_reverse,41.2198 or 116.766 or 117.9999 or 121.1044
GLYBtex_reverse,41.2198 or 116.766 or 117.9999 or 121.1044
GLYCtex_reverse,41.2198 or 116.766 or 117.9999 or 121.1044
GLYC3Ptex_reverse,41.2198 or 116.766 or 117.9999 or 121.1044
GLYCLTtex_reverse,41.2198 or 116.766 or 117.9999 or 121.1044
GTPtex_reverse,116.766 or 41.2198 or 121.1044 or 117.9999
GUAtex_reverse,33.589
Htex_reverse,41.2198 or 116.766 or 117.9999 or 121.1044
H2tex_reverse,41.2198 or 116.766 or 117.9999 or 121.1044
H2Otex_reverse,41.2198 or 121.1044 or 34.9132 or 27.2003 or 37.2008 or 116.766 or 117.9999
DAPtex_reverse,41.2198 or 116.766 or 117.9999 or 121.1044
12PPDStex_reverse,41.2198 or 116.766 or 117.9999 or 121.1044
DDGLCNtex_reverse,41.2198 or 116.766 or 117.9999 or 121.1044
26DAHtex_reverse,41.2198 or 116.766 or 117.9999 or 121.1044
HCINNMtex_reverse,41.2198 or 116.766 or 117.9999 or 121.1044
HPPPNtex_reverse,121.1044 or 117.9999 or 41.2198 or 116.766
ACtex_reverse,41.2198 or 116.766 or 117.9999 or 121.1044
ACALDtex_reverse,41.2198 or 116.766 or 117.9999 or 121.1044
ACMANAtex_reverse,117.9999 or 121.1044 or 116.766 or 41.2198
ACACT7r_reverse,46.5305 or 81.7524
ACACT2r_reverse,46.5305 or 81.7524
ACACT3r_reverse,46.5305 or 81.7524
ACACT4r_reverse,46.5305 or 81.7524
SUCFUMtpp_reverse,48.4122 or 47.9353 or 45.7507
TARTRt7pp_reverse,52.9064
AHGDx_reverse,176.7031
AKGt2rpp_reverse,47.0525
THMDt2pp_copy2_reverse,46.1398
TRPt2rpp_reverse,45.2107 or 44.3326 or 49.6901
TYRt2rpp_reverse,42.8191 or 49.6901
URIt2pp_copy2_reverse,46.1398
XTSNt2rpp_reverse,46.1398
GALtex_reverse,41.2198 or 116.766 or 117.9999 or 121.1044
GALCTtex_reverse,41.2198 or 116.766 or 117.9999 or 121.1044
GALCTNtex_reverse,41.2198 or 116.766 or 117.9999 or 121.1044
GALTtex_reverse,41.2198 or 116.766 or 117.9999 or 121.1044
GALURtex_reverse,41.2198 or 116.766 or 117.9999 or 121.1044
ACACt2pp_reverse,47.5277
TKT2_reverse,144.4235 or 73.0427
GAMtex_reverse,41.2198 or 116.766 or 117.9999 or 121.1044
GBBTNtex_reverse,41.2198 or 116.766 or 117.9999 or 121.1044
ARBt2rpp_reverse,51.6844
ARGAGMt7pp_reverse,93.6852
ASNt2rpp_reverse,54.2331
HIStex_reverse,41.2198 or 116.766 or 117.9999 or 121.1044
HXAtex_reverse,41.2198 or 116.766 or 117.9999 or 121.1044
HYXNtex_reverse,117.9999 or 121.1044 or 116.766 or 41.2198
IDONtex_reverse,41.2198 or 116.766 or 117.9999 or 121.1044
ILEtex_reverse,41.2198 or 116.766 or 117.9999 or 121.1044
INSTtex_reverse,41.2198 or 116.766 or 117.9999 or 121.1044
INStex_reverse,33.589
Ktex_reverse,41.2198 or 116.766 or 117.9999 or 121.1044
D_LACtex_reverse,41.2198 or 116.766 or 117.9999 or 121.1044
FRULYStex_reverse,41.2198 or 116.766 or 117.9999 or 121.1044
GALCTt2rpp_reverse,49.1421 or 49.0092
ASPtex_reverse,41.2198 or 116.766 or 117.9999 or 121.1044
ACt2rpp_reverse,20.071
ATPS4rpp_reverse,543.6444 or 530.0127
INDOLEtex_reverse,41.2198 or 116.766 or 117.9999 or 121.1044
L_LACtex_reverse,121.1044 or 117.9999 or 41.2198 or 116.766
ADEt2rpp_reverse,46.8658 or 48.868 or 46.934
ADNt2pp_copy2_reverse,46.1398
ALLTNt2rpp_reverse,52.4561
ECOAH8_reverse,77.0722 or 159.1878
GUAtpp_reverse,46.758 or 45.712
HYXNtpp_reverse,45.712 or 46.758
GLCRtex_reverse,41.2198 or 116.766 or 117.9999 or 121.1044
GLCNtex_reverse,41.2198 or 116.766 or 117.9999 or 121.1044
GLCURtex_reverse,41.2198 or 116.766 or 117.9999 or 121.1044
GLNtex_reverse,121.1044 or 117.9999 or 41.2198 or 116.766
O2tex_reverse,41.2198 or 116.766 or 117.9999 or 121.1044
OCTAtex_reverse,41.2198 or 116.766 or 117.9999 or 121.1044
ORNtex_reverse,41.2198 or 116.766 or 117.9999 or 121.1044
ECOAH5_reverse,77.0722 or 159.1878
FUCtpp_reverse,47.5449
CYTDt2pp_copy2_reverse,46.1398
DDGLCNt2rpp_reverse,33.6693
RMNtex_reverse,117.9999 or 116.766 or 121.1044 or 41.2198
PHEtex_reverse,41.2198 or 116.766 or 117.9999 or 121.1044
PItex_reverse,41.2198 or 116.766 or 117.9999 or 121.1044
TRSARr_reverse,123.2023 or 30.4274
PNTOtex_reverse,41.2198 or 116.766 or 117.9999 or 121.1044
PPPNtex_reverse,41.2198 or 116.766 or 117.9999 or 121.1044
PPTtex_reverse,41.2198 or 116.766 or 117.9999 or 121.1044
PTRCtex_reverse,41.2198 or 116.766 or 117.9999 or 121.1044
PYRtex_reverse,41.2198 or 116.766 or 117.9999 or 121.1044
DSERtex_reverse,41.2198 or 116.766 or 117.9999 or 121.1044
SERtex_reverse,41.2198 or 116.766 or 117.9999 or 121.1044
SO4tex_reverse,41.2198 or 116.766 or 117.9999 or 121.1044
SPMDtex_reverse,117.9999 or 121.1044 or 116.766 or 41.2198
SUCCtex_reverse,41.2198 or 116.766 or 117.9999 or 121.1044
SUCRtex_reverse,41.2198 or 116.766 or 117.9999 or 121.1044
TARTRtex_reverse,41.2198 or 116.766 or 117.9999 or 121.1044
TAURtex_reverse,41.2198 or 116.766 or 117.9999 or 121.1044
THRtex_reverse,41.2198 or 116.766 or 117.9999 or 121.1044
THMDtex_reverse,41.2198 or 116.766 or 117.9999 or 121.1044
METDtex_reverse,41.2198 or 116.766 or 117.9999 or 121.1044
METtex_reverse,41.2198 or 116.766 or 117.9999 or 121.1044
MNLtex_reverse,116.766 or 41.2198 or 121.1044 or 117.9999
NAtex_reverse,41.2198 or 116.766 or 117.9999 or 121.1044
NACtex_reverse,41.2198 or 116.766 or 117.9999 or 121.1044
NH4tex_reverse,116.766 or 41.2198 or 121.1044 or 117.9999
BUTtex_reverse,41.2198 or 116.766 or 117.9999 or 121.1044
CHLtex_reverse,41.2198 or 116.766 or 117.9999 or 121.1044
CO2tex_reverse,41.2198 or 116.766 or 117.9999 or 121.1044
CRNtex_reverse,41.2198 or 116.766 or 117.9999 or 121.1044
DINStex_reverse,41.2198 or 116.766 or 117.9999 or 121.1044
DMStex_reverse,41.2198 or 116.766 or 117.9999 or 121.1044
CSNtex_reverse,41.2198 or 116.766 or 117.9999 or 121.1044
CYNTtex_reverse,117.9999 or 121.1044 or 116.766 or 41.2198
CYStex_reverse,41.2198 or 116.766 or 117.9999 or 121.1044
CYTDtex_reverse,41.2198 or 116.766 or 117.9999 or 121.1044
DCAtex_reverse,41.2198 or 116.766 or 117.9999 or 121.1044
DCYTtex_reverse,33.589
DGSNtex_reverse,41.2198 or 116.766 or 117.9999 or 121.1044
LCTStex_reverse,41.2198 or 116.766 or 117.9999 or 121.1044
LEUtex_reverse,41.2198 or 116.766 or 117.9999 or 121.1044
LYStex_reverse,41.2198 or 116.766 or 117.9999 or 121.1044
LYXtex_reverse,41.2198 or 116.766 or 117.9999 or 121.1044
MANtex_reverse,41.2198 or 116.766 or 117.9999 or 121.1044
MAN6Ptex_reverse,117.9999 or 121.1044 or 116.766 or 41.2198
MELIBtex_reverse,41.2198 or 116.766 or 117.9999 or 121.1044
DMSOtex_reverse,41.2198 or 116.766 or 117.9999 or 121.1044
DURItex_reverse,33.589
FRUtex_reverse,41.2198 or 116.766 or 117.9999 or 121.1044
FUCtex_reverse,41.2198 or 116.766 or 117.9999 or 121.1044
FUMtex_reverse,41.2198 or 116.766 or 117.9999 or 121.1044
ACACT5r_reverse,81.7524 or 46.5305
FE2tex_reverse,116.766 or 41.2198 or 121.1044 or 117.9999
NMNtex_reverse,41.2198 or 116.766 or 117.9999 or 121.1044
NO2tex_reverse,41.2198 or 116.766 or 117.9999 or 121.1044
MTHFC_reverse,62.0875
MTHFD_reverse,62.0875
BUTt2rpp_reverse,47.5277
GDPtex_reverse,121.1044 or 117.9999 or 41.2198 or 116.766
TMAtex_reverse,41.2198 or 116.766 or 117.9999 or 121.1044
TMAOtex_reverse,41.2198 or 116.766 or 117.9999 or 121.1044
TREtex_reverse,41.2198 or 116.766 or 117.9999 or 121.1044
ACACT6r_reverse,46.5305 or 81.7524
TRPtex_reverse,41.2198 or 116.766 or 117.9999 or 121.1044
TSULtex_reverse,41.2198 or 116.766 or 117.9999 or 121.1044
TYRtex_reverse,41.2198 or 116.766 or 117.9999 or 121.1044
URAtex_reverse,41.2198 or 116.766 or 117.9999 or 121.1044
UREAtex_reverse,41.2198 or 116.766 or 117.9999 or 121.1044
URItex_reverse,33.589
VALtex_reverse,41.2198 or 116.766 or 117.9999 or 121.1044
XANtex_reverse,41.2198 or 116.766 or 117.9999 or 121.1044
XYLtex_reverse,41.2198 or 116.766 or 117.9999 or 121.1044
ABUTtex_reverse,41.2198 or 116.766 or 117.9999 or 121.1044
GGGABADr_reverse,53.4186
MALTATr_reverse,60.288
23CAMPtex_reverse,41.2198 or 116.766 or 117.9999 or 121.1044
23CCMPtex_reverse,41.2198 or 116.766 or 117.9999 or 121.1044
23CUMPtex_reverse,41.2198 or 116.766 or 117.9999 or 121.1044
23CGMPtex_reverse,41.2198 or 116.766 or 117.9999 or 121.1044
3AMPtex_reverse,41.2198 or 116.766 or 117.9999 or 121.1044
3CMPtex_reverse,41.2198 or 116.766 or 117.9999 or 121.1044
ALAGLUE_reverse,34.674
ETHSO3tex_reverse,41.2198 or 116.766 or 117.9999 or 121.1044
BUTSO3tex_reverse,41.2198 or 116.766 or 117.9999 or 121.1044
LIPOtex_reverse,117.9999 or 41.2198 or 121.1044 or 116.766
GALBDtex_reverse,117.9999 or 121.1044 or 116.766 or 41.2198
SULFACtex_reverse,116.766 or 41.2198 or 121.1044 or 117.9999
NOtex_reverse,41.2198 or 116.766 or 117.9999 or 121.1044
N2Otex_reverse,41.2198 or 116.766 or 117.9999 or 121.1044
CRNt2rpp_reverse,109.6916
CRNDt2rpp_reverse,109.6916
CTBTt2rpp_reverse,109.6916
PEAMNtex_reverse,41.2198 or 116.766 or 117.9999 or 121.1044
PACALDtex_reverse,41.2198 or 116.766 or 117.9999 or 121.1044
CYANtex_reverse,41.2198 or 116.766 or 117.9999 or 121.1044
SO3tex_reverse,41.2198 or 116.766 or 117.9999 or 121.1044
TCYNTtex_reverse,41.2198 or 116.766 or 117.9999 or 121.1044
METSOX1tex_reverse,41.2198 or 116.766 or 117.9999 or 121.1044
METSOX2tex_reverse,41.2198 or 116.766 or 117.9999 or 121.1044
3UMPtex_reverse,41.2198 or 116.766 or 117.9999 or 121.1044
3GMPtex_reverse,41.2198 or 116.766 or 117.9999 or 121.1044
DOPAtex_reverse,41.2198 or 116.766 or 117.9999 or 121.1044
4HOXPACDtex_reverse,41.2198 or 116.766 or 117.9999 or 121.1044
ETHAtex_reverse,41.2198 or 116.766 or 117.9999 or 121.1044
G3PStex_reverse,41.2198 or 116.766 or 117.9999 or 121.1044
ACGAL1Ptex_reverse,41.2198 or 116.766 or 117.9999 or 121.1044
ACGALtex_reverse,41.2198 or 116.766 or 117.9999 or 121.1044
GLCUR1Ptex_reverse,41.2198 or 116.766 or 117.9999 or 121.1044
UDPGLCURtex_reverse,41.2198 or 116.766 or 117.9999 or 121.1044
ISETACtex_reverse,41.2198 or 116.766 or 117.9999 or 121.1044
UDPGtex_reverse,41.2198 or 116.766 or 117.9999 or 121.1044
UDPGALtex_reverse,121.1044 or 117.9999 or 41.2198 or 116.766
ACGAM1Ptex_reverse,41.2198 or 116.766 or 117.9999 or 121.1044
UACGAMtex_reverse,41.2198 or 116.766 or 117.9999 or 121.1044
UDPACGALtex_reverse,41.2198 or 116.766 or 117.9999 or 121.1044
CBLAT_reverse,21.9989
MSO3tex_reverse,41.2198 or 116.766 or 117.9999 or 121.1044
ARABDI_reverse,389.86
GLYC2Ptex_reverse,41.2198 or 116.766 or 117.9999 or 121.1044
PSERtex_reverse,41.2198 or 116.766 or 117.9999 or 121.1044
R5Ptex_reverse,41.2198 or 116.766 or 117.9999 or 121.1044
THRPtex_reverse,41.2198 or 116.766 or 117.9999 or 121.1044
TYRPtex_reverse,41.2198 or 116.766 or 117.9999 or 121.1044
CITtex_reverse,41.2198 or 116.766 or 117.9999 or 121.1044
ACGAtex_reverse,41.2198 or 116.766 or 117.9999 or 121.1044
IDONt2rpp_reverse,46.0413
G6Ptex_reverse,41.2198 or 116.766 or 117.9999 or 121.1044
MOBDtex_reverse,41.2198 or 116.766 or 117.9999 or 121.1044
NI2tex_reverse,41.2198 or 116.766 or 117.9999 or 121.1044
L_LACt2rpp_reverse,59.1682 or 58.9202
NH4tpp_reverse,133.5441
NO2t2rpp_reverse,49.6934 or 28.5625
FRULYSDG_reverse,462.8308
PROt2rpp_reverse,109.6916 or 50.216
H2O2tex_reverse,41.2198 or 116.766 or 117.9999 or 121.1044
ALLPI_reverse,32.1466
ALLULPE_reverse,26.1092
ADEtex_reverse,41.2198 or 116.766 or 117.9999 or 121.1044
ADNtex_reverse,33.589
AGMtex_reverse,41.2198 or 116.766 or 117.9999 or 121.1044
ALAtex_reverse,121.1044 or 116.766 or 41.2198 or 117.9999
BALAtex_reverse,41.2198 or 116.766 or 117.9999 or 121.1044
DALAtex_reverse,41.2198 or 116.766 or 117.9999 or 121.1044
AMPtex_reverse,117.9999 or 121.1044 or 116.766 or 41.2198
ARBtex_reverse,41.2198 or 116.766 or 117.9999 or 121.1044
ARGtex_reverse,41.2198 or 116.766 or 117.9999 or 121.1044
ASCBtex_reverse,41.2198 or 116.766 or 117.9999 or 121.1044
MMETtex_reverse,41.2198 or 116.766 or 117.9999 or 121.1044
FE3tex_reverse,41.2198 or 116.766 or 117.9999 or 121.1044
MG2tex_reverse,41.2198 or 116.766 or 117.9999 or 121.1044
Zn2tex_reverse,41.2198 or 116.766 or 117.9999 or 121.1044
CD2tex_reverse,41.2198 or 116.766 or 117.9999 or 121.1044
GLUABUTt7pp_reverse,55.0767
GLUt2rpp_reverse,47.1592
GLYALDtpp_reverse,119.12
DHPTPE_reverse,112.6563
ASO3tex_reverse,41.2198 or 116.766 or 117.9999 or 121.1044
MANGLYCtex_reverse,41.2198 or 116.766 or 117.9999 or 121.1044
FRUURt2rpp_reverse,47.1379
FRUURtex_reverse,41.2198 or 116.766 or 117.9999 or 121.1044
GLYCAt2rpp_reverse,49.0092 or 49.1421
GLYCAtex_reverse,41.2198 or 116.766 or 117.9999 or 121.1044
FALDH2_reverse,78.718
GLYCtpp_reverse,119.12
H2Otpp_reverse,94.8112
HCINNMt2rpp_reverse,41.5508
HISt2rpp_reverse,49.6901
CBIAT_reverse,21.9989
COBALT2tex_reverse,41.2198 or 116.766 or 117.9999 or 121.1044
DIMPtex_reverse,41.2198 or 116.766 or 117.9999 or 121.1044
GALURt2rpp_reverse,46.8923
GLCNt2rpp_reverse,45.9666 or 47.1379 or 46.4159 or 46.0413
GLCRt2rpp_reverse,49.0092 or 49.1421
GLCURt2rpp_reverse,33.6693 or 46.8923
XTSNtex_reverse,41.2198 or 116.766 or 117.9999 or 121.1044
GLUDy_reverse,291.4882 or 861.249
UREAtpp_reverse,119.12
PPPNt2rpp_reverse,41.5927
PTRCORNt7pp_reverse,46.4949
HG2tex_reverse,41.2198 or 116.766 or 117.9999 or 121.1044
DADNtex_reverse,33.589
DHAtex_reverse,41.2198 or 116.766 or 117.9999 or 121.1044
ETOHtex_reverse,41.2198 or 116.766 or 117.9999 or 121.1044
HACD3_reverse,159.1878 or 77.0722
ACACtex_reverse,41.2198 or 116.766 or 117.9999 or 121.1044
ACNAMtex_reverse,117.9999 or 27.888 or 121.1044
H2Stex_reverse,116.766 or 41.2198 or 121.1044 or 117.9999
E4PD_reverse,149.1976 or 142.13
DADK_reverse,23.586
4PEPTtex_reverse,41.2198 or 116.766 or 117.9999 or 121.1044
CRNCAR_reverse,28.1902
GLYCLTt2rpp_reverse,59.1682 or 58.9202
HPPPNt2rpp_reverse,41.5508
DHFR_reverse,26.3483 or 17.9994
TYRTA_reverse,87.1467 or 87.0756 or 204.5619
PUNP4_reverse,179.0077 or 155.6995
AMAOTr_reverse,94.6712
ARGORNt7pp_reverse,49.5015
CU2tex_reverse,116.766 or 41.2198 or 121.1044 or 117.9999
GLCATr_reverse,60.288
ALAALAr_reverse,39.3158 or 65.6794
CLtex_reverse,41.2198 or 116.766 or 117.9999 or 121.1044
ACACT1r_reverse,46.5305 or 161.4099 or 81.7524
SUCOAS_reverse,142.3403
GALKr_reverse,41.4421
YUMPS_reverse,98.73
ADSL1r_reverse,206.1712
AICART_reverse,57.3292
PROtex_reverse,116.766 or 41.2198 or 121.1044 or 117.9999
SBTtex_reverse,41.2198 or 116.766 or 117.9999 or 121.1044
PGM_reverse,57.1128 or 56.1939
TPI_reverse,53.9436
RPI_reverse,45.7208 or 32.1466
PERD_reverse,82.7353
AKGtex_reverse,41.2198 or 116.766 or 117.9999 or 121.1044
ALLTNtex_reverse,41.2198 or 116.766 or 117.9999 or 121.1044
ASNtex_reverse,41.2198 or 116.766 or 117.9999 or 121.1044
ATHRDHr_reverse,108.9957
LSERDHr_reverse,108.9957
DSERDHr_reverse,108.9957
TYMtex_reverse,41.2198 or 116.766 or 117.9999 or 121.1044
CMPtex_reverse,41.2198 or 116.766 or 117.9999 or 121.1044
DUMPtex_reverse,41.2198 or 116.766 or 117.9999 or 121.1044
XMPtex_reverse,41.2198 or 116.766 or 117.9999 or 121.1044
3PEPTtex_reverse,41.2198 or 116.766 or 117.9999 or 121.1044
ANHGMtex_reverse,41.2198 or 116.766 or 117.9999 or 121.1044
UDPKAAT_reverse,41.6498
FALDtex_reverse,41.2198 or 116.766 or 117.9999 or 121.1044
MLTP1_reverse,181.0448
CYSDtex_reverse,41.2198 or 116.766 or 117.9999 or 121.1044
G3PItex_reverse,41.2198 or 116.766 or 117.9999 or 121.1044
G3PGtex_reverse,41.2198 or 116.766 or 117.9999 or 121.1044
G3PEtex_reverse,121.1044 or 117.9999 or 41.2198 or 116.766
G3PCtex_reverse,41.2198 or 116.766 or 117.9999 or 121.1044
DAMPtex_reverse,41.2198 or 116.766 or 117.9999 or 121.1044
DCMPtex_reverse,41.2198 or 116.766 or 117.9999 or 121.1044
DGMPtex_reverse,41.2198 or 116.766 or 117.9999 or 121.1044
DTMPtex_reverse,41.2198 or 116.766 or 117.9999 or 121.1044
GMPtex_reverse,117.9999 or 121.1044 or 116.766 or 41.2198
IMPtex_reverse,41.2198 or 116.766 or 117.9999 or 121.1044
UMPtex_reverse,121.1044 or 117.9999 or 41.2198 or 116.766
G1Ptex_reverse,41.2198 or 116.766 or 117.9999 or 121.1044
SKMtex_reverse,41.2198 or 116.766 or 117.9999 or 121.1044
MNtex_reverse,41.2198 or 116.766 or 117.9999 or 121.1044
GAL1Ptex_reverse,41.2198 or 116.766 or 117.9999 or 121.1044
O2Stex_reverse,116.766 or 41.2198 or 121.1044 or 117.9999
HOMtex_reverse,41.2198 or 116.766 or 117.9999 or 121.1044
SO2tex_reverse,41.2198 or 116.766 or 117.9999 or 121.1044
ACSERtex_reverse,116.766 or 41.2198 or 121.1044 or 117.9999
IPDDI_reverse,20.5083
DURADx_reverse,178.7966
ECOAH7_reverse,77.0722 or 159.1878
LDH_D_reverse,146.1392
ALAALAtex_reverse,41.2198 or 116.766 or 117.9999 or 121.1044
T2DECAI_reverse,37.9381
MALtex_reverse,41.2198 or 116.766 or 117.9999 or 121.1044
NO3tex_reverse,117.9999 or 41.2198 or 116.766 or 121.1044
HEXt2rpp_reverse,47.5277
CLPNS180pp_reverse,54.8223 or 47.6335
CLPNS181pp_reverse,54.8223 or 47.6335
CLPNS120pp_reverse,47.6335 or 54.8223
CLPNS160pp_reverse,47.6335 or 54.8223
CLPNS161pp_reverse,54.8223 or 47.6335
HPYRI_reverse,58.7549
GSNtex_reverse,41.2198 or 116.766 or 117.9999 or 121.1044
FORtex_reverse,41.2198 or 116.766 or 117.9999 or 121.1044
D_LACt2pp_reverse,59.1682 or 58.9202
RIBtex_reverse,41.2198 or 116.766 or 117.9999 or 121.1044
THMtex_reverse,41.2198 or 116.766 or 117.9999 or 121.1044
XYLUtex_reverse,41.2198 or 116.766 or 117.9999 or 121.1044
ALLtex_reverse,41.2198 or 117.9999 or 116.766 or 121.1044
34dhpactex_reverse,41.2198 or 116.766 or 117.9999 or 121.1044
23DAPPAtex_reverse,41.2198 or 116.766 or 117.9999 or 121.1044
PHEt2rpp_reverse,50.6773 or 49.6901
GUI2_reverse,53.9872
GLCtex_copy2_reverse,116.766 or 117.9999 or 41.2198 or 121.1044
3OAR120_reverse,102.2412
PPALtex_reverse,41.2198 or 116.766 or 117.9999 or 121.1044
CA2tex_reverse,41.2198 or 116.766 or 117.9999 or 121.1044
CUtex_reverse,41.2198 or 116.766 or 117.9999 or 121.1044
12PPDRtex_reverse,41.2198 or 116.766 or 117.9999 or 121.1044
F6Ptex_reverse,41.2198 or 116.766 or 117.9999 or 121.1044
GAMAN6Ptex_reverse,41.2198 or 116.766 or 117.9999 or 121.1044
ACONTb_reverse,186.9962 or 195.3544
PROGLYtex_reverse,41.2198 or 116.766 or 117.9999 or 121.1044
MICITDr_reverse,186.9962
ACONTa_reverse,186.9962 or 195.3544
3OAR140_reverse,102.2412
3OAR160_reverse,102.2412
CLPNS140pp_reverse,54.8223 or 47.6335
CLPNS141pp_reverse,54.8223 or 47.6335
CGLYtex_reverse,41.2198 or 116.766 or 117.9999 or 121.1044
3OAR60_reverse,102.2412
3OAR80_reverse,102.2412
GTHOXtex_reverse,41.2198 or 116.766 or 117.9999 or 121.1044
3OAR40_reverse,102.2412
3OAR100_reverse,102.2412
3OAR180_reverse,102.2412
GTHRDtex_reverse,41.2198 or 116.766 or 117.9999 or 121.1044
ACOAD7f_reverse,89.2244
ACOAD8f_reverse,89.2244
ACOAD5f_reverse,89.2244
ACOAD3f_reverse,89.2244
ACOAD2f_reverse,89.2244
ACOAD4f_reverse,89.2244
ACOAD6f_reverse,89.2244
FRULYSE_reverse,249.3506
TUNGStex_reverse,41.2198 or 117.9999 or 121.1044 or 116.766
CAt6pp_reverse,34.7406
5DGLCNt2rpp_reverse,46.0413
GALCTNLtex_reverse,117.9999 or 121.1044 or 41.2198 or 116.766
MALDtex_reverse,116.766 or 41.2198 or 121.1044 or 117.9999
OROTtex_reverse,121.1044 or 41.2198 or 117.9999 or 116.766
5DGLCNtex_reverse,117.9999 or 41.2198 or 116.766 or 121.1044
PPAtex_reverse,117.9999 or 116.766 or 41.2198 or 121.1044
PSCLYStex_reverse,41.2198 or 117.9999 or 121.1044 or 116.766
THYMtex_reverse,121.1044 or 116.766 or 41.2198 or 117.9999
POR5_reverse,148.5614 or 148.5246
HACD8_reverse,159.1878 or 77.0722
CTECOAI8_reverse,159.1878
CTECOAI6_reverse,159.1878
MINCYCtex_reverse,117.9999 or 41.2198 or 116.766 or 121.1044
DOXRBCNtex_reverse,41.2198 or 117.9999 or 121.1044 or 116.766
REPHACCOAI_reverse,28.4046
DHNPTE_reverse,108.9562
CMtex_reverse,41.2198 or 121.1044 or 117.9999 or 116.766
LALALGLUtex_reverse,117.9999 or 41.2198 or 116.766 or 121.1044
5MTRtex_reverse,121.1044 or 41.2198 or 117.9999 or 116.766
LALADGLUtex_reverse,116.766 or 121.1044 or 41.2198 or 117.9999
3HPPtex_reverse,121.1044 or 41.2198 or 117.9999 or 116.766
FUSAtex_reverse,41.2198 or 121.1044 or 117.9999 or 116.766
QUIN2tex_reverse,116.766 or 121.1044 or 41.2198 or 117.9999
FORCT_reverse,91.6564
HADPCOADH3_reverse,51.7326
ACACT8r_reverse,46.5305 or 81.7524
CTECOAI7_reverse,159.1878
SELtex_reverse,121.1044 or 41.2198 or 117.9999 or 116.766
MEOHtex_reverse,121.1044 or 117.9999 or 41.2198 or 116.766
TTRCYCtex_reverse,41.2198 or 117.9999 or 116.766 or 121.1044
DHACOAH_reverse,27.2374
SLNTtex_reverse,121.1044 or 41.2198 or 117.9999 or 116.766
ALDD19xr_reverse,214.7965
VPAMTr_reverse,46.7112
TARTRDtex_reverse,116.766 or 41.2198 or 121.1044 or 117.9999
BTNtex_reverse,116.766 or 121.1044 or 41.2198 or 117.9999
PYDXtex_reverse,41.2198 or 121.1044 or 117.9999 or 116.766
SUCASPtpp_reverse,47.9353 or 45.7507 or 48.4122
SUCMALtpp_reverse,47.9353 or 45.7507 or 48.4122
PYDXNtex_reverse,41.2198 or 121.1044 or 117.9999 or 116.766
PYDAMtex_reverse,41.2198 or 121.1044 or 117.9999 or 116.766
13PPDH2_reverse,84.194
SUCTARTtpp_reverse,47.9353
CHTBStex_reverse,116.766 or 117.9999 or 121.1044 or 41.2198 or 52.78
GHBDHx_reverse,124.6326
APPLDHr_reverse,309.6976
DHNPA2r_reverse,108.9562
CRNDtex_reverse,116.766 or 41.2198 or 121.1044 or 117.9999
NADHXE_reverse,54.65
NADPHXE_reverse,54.65
DXYLTD_reverse,69.399 or 70.017
2DDARAA_reverse,32.722 or 130.12
DXYLONtex_reverse,117.9999 or 41.2198 or 121.1044
PSURItex_reverse,121.1044 or 117.9999 or 41.2198 or 116.766
DHPStex_reverse,27.2003
FMNtex_reverse,121.1044 or 117.9999 or 116.766 or 41.2198
CLBtex_reverse,117.9999 or 116.766 or 41.2198 or 121.1044
ACOXT_reverse,83.342
4ABZGLUH_reverse,197.564
4ABZGLUtr_reverse,54.886
PCNO_reverse,69.448
5DKGR_reverse,27.07 or 27.5627
GLYtpp_reverse,119.12
FADtex_reverse,41.2198 or 116.766 or 121.1044 or 117.9999
LKDRA_reverse,173.496
METNA_reverse,38.496
2DGLCtex_reverse,121.1044 or 41.2198 or 116.766 or 117.9999
PUACGAMS_reverse,66.848
SQtex_reverse,27.2003
URATEtex_reverse,117.9999 or 121.1044 or 116.766 or 41.2198
ARHGDx_reverse,176.7031
INOSTO_reverse,61.164
Ftex_reverse,121.1044 or 116.766 or 117.9999 or 41.2198
CYSItex_reverse,41.2198 or 117.9999 or 116.766 or 121.1044
CS1tex_reverse,116.766 or 117.9999 or 121.1044 or 41.2198
MEPNtex_reverse,121.1044 or 117.9999 or 116.766 or 41.2198
UDPGPT_reverse,52.408
4ABZGLUtex_reverse,121.1044 or 116.766 or 41.2198 or 117.9999
4HTHRA_reverse,145.9788
METGLCURtex_reverse,121.1044 or 41.2198 or 116.766 or 117.9999
AI2tex_reverse,116.766 or 121.1044 or 117.9999 or 41.2198
RHMND_reverse,353.808
ASPtpp_reverse,59.429
FUMt1pp_reverse,59.429
SUCCt1pp_reverse,59.429
